userId,movieId,title,primary_genre,genres,predicted_rating
1,29,"Silence of the Lambs, The (1991)",Thriller,Thriller,4.0463
1,30,Schindler's List (1993),Drama,Drama,4.6546
1,12,"Usual Suspects, The (1995)",Crime,Crime,4.4957
1,26,"Shawshank Redemption, The (1994)",Drama,Drama,4.0062
1,1,Toy Story (1995),Animation,Animation|Childrens|Comedy,4.1139
1,34,GoodFellas (1990),Crime,Crime|Drama,4.3956
1,27,Forrest Gump (1994),Drama,Drama|Comedy|Romance,4.302
1,28,Pulp Fiction (1994),Crime,Crime,4.7343
1,33,Fargo (1996),Crime,Crime|Drama|Thriller,4.6813
1,31,Star Wars (1977),Sci-Fi,Action|Adventure|Sci-Fi,4.4895
2,26,"Shawshank Redemption, The (1994)",Drama,Drama,4.2439
2,33,Fargo (1996),Crime,Crime|Drama|Thriller,4.1348
2,12,"Usual Suspects, The (1995)",Crime,Crime,4.0165
2,29,"Silence of the Lambs, The (1991)",Thriller,Thriller,4.463
2,28,Pulp Fiction (1994),Crime,Crime,4.0586
2,1,Toy Story (1995),Animation,Animation|Childrens|Comedy,4.0404
2,31,Star Wars (1977),Sci-Fi,Action|Adventure|Sci-Fi,4.9886
2,27,Forrest Gump (1994),Drama,Drama|Comedy|Romance,4.7621
2,30,Schindler's List (1993),Drama,Drama,4.6979
2,34,GoodFellas (1990),Crime,Crime|Drama,4.7529
3,34,GoodFellas (1990),Crime,Crime|Drama,4.3683
3,12,"Usual Suspects, The (1995)",Crime,Crime,4.2935
3,31,Star Wars (1977),Sci-Fi,Action|Adventure|Sci-Fi,4.9159
3,27,Forrest Gump (1994),Drama,Drama|Comedy|Romance,4.2122
3,28,Pulp Fiction (1994),Crime,Crime,4.9562
3,26,"Shawshank Redemption, The (1994)",Drama,Drama,4.8923
3,29,"Silence of the Lambs, The (1991)",Thriller,Thriller,4.5566
3,30,Schindler's List (1993),Drama,Drama,4.4958
3,33,Fargo (1996),Crime,Crime|Drama|Thriller,4.2441
3,1,Toy Story (1995),Animation,Animation|Childrens|Comedy,3.822
4,31,Star Wars (1977),Sci-Fi,Action|Adventure|Sci-Fi,4.9374
4,33,Fargo (1996),Crime,Crime|Drama|Thriller,4.2406
4,29,"Silence of the Lambs, The (1991)",Thriller,Thriller,4.8892
4,28,Pulp Fiction (1994),Crime,Crime,4.1656
4,30,Schindler's List (1993),Drama,Drama,4.4519
4,26,"Shawshank Redemption, The (1994)",Drama,Drama,3.8246
4,1,Toy Story (1995),Animation,Animation|Childrens|Comedy,4.4263
4,12,"Usual Suspects, The (1995)",Crime,Crime,4.5643
4,34,GoodFellas (1990),Crime,Crime|Drama,4.0812
4,27,Forrest Gump (1994),Drama,Drama|Comedy|Romance,4.4947
5,1,Toy Story (1995),Animation,Animation|Childrens|Comedy,4.0729
5,12,"Usual Suspects, The (1995)",Crime,Crime,3.8037
5,28,Pulp Fiction (1994),Crime,Crime,4.1642
5,34,GoodFellas (1990),Crime,Crime|Drama,3.9303
5,27,Forrest Gump (1994),Drama,Drama|Comedy|Romance,4.3674
5,29,"Silence of the Lambs, The (1991)",Thriller,Thriller,4.6126
5,31,Star Wars (1977),Sci-Fi,Action|Adventure|Sci-Fi,4.8494
5,33,Fargo (1996),Crime,Crime|Drama|Thriller,4.6991
5,26,"Shawshank Redemption, The (1994)",Drama,Drama,4.9263
5,30,Schindler's List (1993),Drama,Drama,3.8647
6,26,"Shawshank Redemption, The (1994)",Drama,Drama,4.4137
6,12,"Usual Suspects, The (1995)",Crime,Crime,4.3282
6,30,Schindler's List (1993),Drama,Drama,4.4149
6,27,Forrest Gump (1994),Drama,Drama|Comedy|Romance,4.6073
6,31,Star Wars (1977),Sci-Fi,Action|Adventure|Sci-Fi,4.2646
6,33,Fargo (1996),Crime,Crime|Drama|Thriller,4.1016
6,28,Pulp Fiction (1994),Crime,Crime,3.9994
6,29,"Silence of the Lambs, The (1991)",Thriller,Thriller,4.2194
6,1,Toy Story (1995),Animation,Animation|Childrens|Comedy,4.6902
6,34,GoodFellas (1990),Crime,Crime|Drama,4.708
7,34,GoodFellas (1990),Crime,Crime|Drama,4.829
7,27,Forrest Gump (1994),Drama,Drama|Comedy|Romance,3.8002
7,31,Star Wars (1977),Sci-Fi,Action|Adventure|Sci-Fi,4.2349
7,26,"Shawshank Redemption, The (1994)",Drama,Drama,4.6851
7,30,Schindler's List (1993),Drama,Drama,4.5197
7,1,Toy Story (1995),Animation,Animation|Childrens|Comedy,4.0131
7,12,"Usual Suspects, The (1995)",Crime,Crime,4.1645
7,29,"Silence of the Lambs, The (1991)",Thriller,Thriller,4.2042
7,33,Fargo (1996),Crime,Crime|Drama|Thriller,4.4814
7,28,Pulp Fiction (1994),Crime,Crime,4.7979
8,27,Forrest Gump (1994),Drama,Drama|Comedy|Romance,4.2713
8,26,"Shawshank Redemption, The (1994)",Drama,Drama,4.5392
8,34,GoodFellas (1990),Crime,Crime|Drama,3.9491
8,12,"Usual Suspects, The (1995)",Crime,Crime,4.4954
8,30,Schindler's List (1993),Drama,Drama,4.5982
8,29,"Silence of the Lambs, The (1991)",Thriller,Thriller,4.3267
8,1,Toy Story (1995),Animation,Animation|Childrens|Comedy,4.9438
8,28,Pulp Fiction (1994),Crime,Crime,4.5299
8,33,Fargo (1996),Crime,Crime|Drama|Thriller,4.064
8,31,Star Wars (1977),Sci-Fi,Action|Adventure|Sci-Fi,4.3751
9,29,"Silence of the Lambs, The (1991)",Thriller,Thriller,3.9495
9,28,Pulp Fiction (1994),Crime,Crime,4.8292
9,1,Toy Story (1995),Animation,Animation|Childrens|Comedy,4.877
9,34,GoodFellas (1990),Crime,Crime|Drama,4.936
9,30,Schindler's List (1993),Drama,Drama,4.277
9,26,"Shawshank Redemption, The (1994)",Drama,Drama,4.0606
9,27,Forrest Gump (1994),Drama,Drama|Comedy|Romance,4.2484
9,12,"Usual Suspects, The (1995)",Crime,Crime,4.1995
9,33,Fargo (1996),Crime,Crime|Drama|Thriller,4.0114
9,31,Star Wars (1977),Sci-Fi,Action|Adventure|Sci-Fi,4.5287
10,30,Schindler's List (1993),Drama,Drama,4.6442
10,34,GoodFellas (1990),Crime,Crime|Drama,4.5175
10,31,Star Wars (1977),Sci-Fi,Action|Adventure|Sci-Fi,4.3879
10,28,Pulp Fiction (1994),Crime,Crime,3.8386
10,29,"Silence of the Lambs, The (1991)",Thriller,Thriller,4.5495
10,1,Toy Story (1995),Animation,Animation|Childrens|Comedy,4.3002
10,26,"Shawshank Redemption, The (1994)",Drama,Drama,4.4723
10,27,Forrest Gump (1994),Drama,Drama|Comedy|Romance,4.3152
10,33,Fargo (1996),Crime,Crime|Drama|Thriller,4.9593
10,12,"Usual Suspects, The (1995)",Crime,Crime,4.5249
11,27,Forrest Gump (1994),Drama,Drama|Comedy|Romance,4.8714
11,33,Fargo (1996),Crime,Crime|Drama|Thriller,4.5847
11,26,"Shawshank Redemption, The (1994)",Drama,Drama,4.6067
11,28,Pulp Fiction (1994),Crime,Crime,3.8064
11,12,"Usual Suspects, The (1995)",Crime,Crime,4.9818
11,30,Schindler's List (1993),Drama,Drama,4.8534
11,29,"Silence of the Lambs, The (1991)",Thriller,Thriller,4.8741
11,1,Toy Story (1995),Animation,Animation|Childrens|Comedy,4.5911
11,31,Star Wars (1977),Sci-Fi,Action|Adventure|Sci-Fi,4.2137
11,34,GoodFellas (1990),Crime,Crime|Drama,4.8724
12,30,Schindler's List (1993),Drama,Drama,4.1595
12,12,"Usual Suspects, The (1995)",Crime,Crime,4.5478
12,33,Fargo (1996),Crime,Crime|Drama|Thriller,4.3631
12,1,Toy Story (1995),Animation,Animation|Childrens|Comedy,3.9399
12,31,Star Wars (1977),Sci-Fi,Action|Adventure|Sci-Fi,4.2413
12,34,GoodFellas (1990),Crime,Crime|Drama,3.8305
12,28,Pulp Fiction (1994),Crime,Crime,4.5713
12,27,Forrest Gump (1994),Drama,Drama|Comedy|Romance,4.8713
12,29,"Silence of the Lambs, The (1991)",Thriller,Thriller,4.8618
12,26,"Shawshank Redemption, The (1994)",Drama,Drama,4.6395
13,1,Toy Story (1995),Animation,Animation|Childrens|Comedy,4.7854
13,12,"Usual Suspects, The (1995)",Crime,Crime,4.8977
13,33,Fargo (1996),Crime,Crime|Drama|Thriller,4.4443
13,26,"Shawshank Redemption, The (1994)",Drama,Drama,4.6733
13,27,Forrest Gump (1994),Drama,Drama|Comedy|Romance,3.9458
13,30,Schindler's List (1993),Drama,Drama,4.5302
13,34,GoodFellas (1990),Crime,Crime|Drama,4.6433
13,29,"Silence of the Lambs, The (1991)",Thriller,Thriller,4.3433
13,28,Pulp Fiction (1994),Crime,Crime,4.0919
13,31,Star Wars (1977),Sci-Fi,Action|Adventure|Sci-Fi,4.8528
14,1,Toy Story (1995),Animation,Animation|Childrens|Comedy,3.9041
14,27,Forrest Gump (1994),Drama,Drama|Comedy|Romance,4.2044
14,33,Fargo (1996),Crime,Crime|Drama|Thriller,3.9548
14,26,"Shawshank Redemption, The (1994)",Drama,Drama,4.4278
14,28,Pulp Fiction (1994),Crime,Crime,4.5596
14,34,GoodFellas (1990),Crime,Crime|Drama,4.4939
14,31,Star Wars (1977),Sci-Fi,Action|Adventure|Sci-Fi,4.1111
14,12,"Usual Suspects, The (1995)",Crime,Crime,4.8906
14,30,Schindler's List (1993),Drama,Drama,3.8254
14,29,"Silence of the Lambs, The (1991)",Thriller,Thriller,4.2176
15,28,Pulp Fiction (1994),Crime,Crime,4.0724
15,29,"Silence of the Lambs, The (1991)",Thriller,Thriller,4.0655
15,12,"Usual Suspects, The (1995)",Crime,Crime,3.9937
15,30,Schindler's List (1993),Drama,Drama,4.2464
15,26,"Shawshank Redemption, The (1994)",Drama,Drama,4.8164
15,31,Star Wars (1977),Sci-Fi,Action|Adventure|Sci-Fi,4.7935
15,1,Toy Story (1995),Animation,Animation|Childrens|Comedy,4.2594
15,33,Fargo (1996),Crime,Crime|Drama|Thriller,4.5069
15,27,Forrest Gump (1994),Drama,Drama|Comedy|Romance,4.665
15,34,GoodFellas (1990),Crime,Crime|Drama,4.0894
16,34,GoodFellas (1990),Crime,Crime|Drama,4.6436
16,27,Forrest Gump (1994),Drama,Drama|Comedy|Romance,4.0671
16,1,Toy Story (1995),Animation,Animation|Childrens|Comedy,4.1134
16,12,"Usual Suspects, The (1995)",Crime,Crime,4.4143
16,28,Pulp Fiction (1994),Crime,Crime,4.1835
16,33,Fargo (1996),Crime,Crime|Drama|Thriller,4.0011
16,31,Star Wars (1977),Sci-Fi,Action|Adventure|Sci-Fi,4.1155
16,29,"Silence of the Lambs, The (1991)",Thriller,Thriller,3.8429
16,30,Schindler's List (1993),Drama,Drama,4.6453
16,26,"Shawshank Redemption, The (1994)",Drama,Drama,4.3905
17,28,Pulp Fiction (1994),Crime,Crime,3.8126
17,33,Fargo (1996),Crime,Crime|Drama|Thriller,4.9884
17,34,GoodFellas (1990),Crime,Crime|Drama,4.6196
17,29,"Silence of the Lambs, The (1991)",Thriller,Thriller,4.5722
17,12,"Usual Suspects, The (1995)",Crime,Crime,3.8183
17,27,Forrest Gump (1994),Drama,Drama|Comedy|Romance,4.8335
17,1,Toy Story (1995),Animation,Animation|Childrens|Comedy,3.9746
17,26,"Shawshank Redemption, The (1994)",Drama,Drama,4.8048
17,31,Star Wars (1977),Sci-Fi,Action|Adventure|Sci-Fi,3.8187
17,30,Schindler's List (1993),Drama,Drama,4.5752
18,12,"Usual Suspects, The (1995)",Crime,Crime,4.7929
18,33,Fargo (1996),Crime,Crime|Drama|Thriller,4.6144
18,28,Pulp Fiction (1994),Crime,Crime,3.8782
18,27,Forrest Gump (1994),Drama,Drama|Comedy|Romance,4.1689
18,1,Toy Story (1995),Animation,Animation|Childrens|Comedy,4.1456
18,29,"Silence of the Lambs, The (1991)",Thriller,Thriller,4.898
18,26,"Shawshank Redemption, The (1994)",Drama,Drama,4.8413
18,34,GoodFellas (1990),Crime,Crime|Drama,4.2442
18,30,Schindler's List (1993),Drama,Drama,3.8854
18,31,Star Wars (1977),Sci-Fi,Action|Adventure|Sci-Fi,4.8729
19,27,Forrest Gump (1994),Drama,Drama|Comedy|Romance,4.373
19,33,Fargo (1996),Crime,Crime|Drama|Thriller,4.3935
19,12,"Usual Suspects, The (1995)",Crime,Crime,4.3879
19,1,Toy Story (1995),Animation,Animation|Childrens|Comedy,4.4465
19,28,Pulp Fiction (1994),Crime,Crime,4.1092
19,31,Star Wars (1977),Sci-Fi,Action|Adventure|Sci-Fi,4.2395
19,29,"Silence of the Lambs, The (1991)",Thriller,Thriller,4.321
19,26,"Shawshank Redemption, The (1994)",Drama,Drama,3.9573
19,34,GoodFellas (1990),Crime,Crime|Drama,4.3464
19,30,Schindler's List (1993),Drama,Drama,4.7726
20,1,Toy Story (1995),Animation,Animation|Childrens|Comedy,4.3346
20,28,Pulp Fiction (1994),Crime,Crime,4.8484
20,31,Star Wars (1977),Sci-Fi,Action|Adventure|Sci-Fi,4.3542
20,29,"Silence of the Lambs, The (1991)",Thriller,Thriller,3.8254
20,26,"Shawshank Redemption, The (1994)",Drama,Drama,4.073
20,33,Fargo (1996),Crime,Crime|Drama|Thriller,4.3707
20,27,Forrest Gump (1994),Drama,Drama|Comedy|Romance,4.3093
20,34,GoodFellas (1990),Crime,Crime|Drama,4.8324
20,12,"Usual Suspects, The (1995)",Crime,Crime,4.4506
20,30,Schindler's List (1993),Drama,Drama,4.6276
21,28,Pulp Fiction (1994),Crime,Crime,4.8693
21,33,Fargo (1996),Crime,Crime|Drama|Thriller,4.1997
21,26,"Shawshank Redemption, The (1994)",Drama,Drama,3.977
21,29,"Silence of the Lambs, The (1991)",Thriller,Thriller,3.9159
21,31,Star Wars (1977),Sci-Fi,Action|Adventure|Sci-Fi,3.8161
21,12,"Usual Suspects, The (1995)",Crime,Crime,4.3074
21,30,Schindler's List (1993),Drama,Drama,4.0251
21,1,Toy Story (1995),Animation,Animation|Childrens|Comedy,3.826
21,27,Forrest Gump (1994),Drama,Drama|Comedy|Romance,4.424
21,34,GoodFellas (1990),Crime,Crime|Drama,4.616
22,30,Schindler's List (1993),Drama,Drama,4.0938
22,31,Star Wars (1977),Sci-Fi,Action|Adventure|Sci-Fi,4.6599
22,34,GoodFellas (1990),Crime,Crime|Drama,4.5175
22,26,"Shawshank Redemption, The (1994)",Drama,Drama,4.0542
22,27,Forrest Gump (1994),Drama,Drama|Comedy|Romance,4.8213
22,33,Fargo (1996),Crime,Crime|Drama|Thriller,4.3129
22,1,Toy Story (1995),Animation,Animation|Childrens|Comedy,4.9544
22,12,"Usual Suspects, The (1995)",Crime,Crime,4.6675
22,28,Pulp Fiction (1994),Crime,Crime,4.5735
22,29,"Silence of the Lambs, The (1991)",Thriller,Thriller,4.674
23,12,"Usual Suspects, The (1995)",Crime,Crime,4.7409
23,33,Fargo (1996),Crime,Crime|Drama|Thriller,4.547
23,34,GoodFellas (1990),Crime,Crime|Drama,4.1781
23,1,Toy Story (1995),Animation,Animation|Childrens|Comedy,4.4503
23,30,Schindler's List (1993),Drama,Drama,3.9095
23,27,Forrest Gump (1994),Drama,Drama|Comedy|Romance,4.6147
23,26,"Shawshank Redemption, The (1994)",Drama,Drama,4.6701
23,31,Star Wars (1977),Sci-Fi,Action|Adventure|Sci-Fi,4.958
23,29,"Silence of the Lambs, The (1991)",Thriller,Thriller,4.1125
23,28,Pulp Fiction (1994),Crime,Crime,3.8221
24,27,Forrest Gump (1994),Drama,Drama|Comedy|Romance,4.507
24,31,Star Wars (1977),Sci-Fi,Action|Adventure|Sci-Fi,4.5772
24,29,"Silence of the Lambs, The (1991)",Thriller,Thriller,4.3421
24,34,GoodFellas (1990),Crime,Crime|Drama,4.9624
24,28,Pulp Fiction (1994),Crime,Crime,3.9006
24,1,Toy Story (1995),Animation,Animation|Childrens|Comedy,4.2165
24,12,"Usual Suspects, The (1995)",Crime,Crime,4.3029
24,26,"Shawshank Redemption, The (1994)",Drama,Drama,3.8203
24,33,Fargo (1996),Crime,Crime|Drama|Thriller,4.2379
24,30,Schindler's List (1993),Drama,Drama,4.1285
25,28,Pulp Fiction (1994),Crime,Crime,4.981
25,33,Fargo (1996),Crime,Crime|Drama|Thriller,3.8239
25,34,GoodFellas (1990),Crime,Crime|Drama,4.6388
25,30,Schindler's List (1993),Drama,Drama,4.1035
25,1,Toy Story (1995),Animation,Animation|Childrens|Comedy,3.8486
25,31,Star Wars (1977),Sci-Fi,Action|Adventure|Sci-Fi,4.2835
25,26,"Shawshank Redemption, The (1994)",Drama,Drama,4.9223
25,27,Forrest Gump (1994),Drama,Drama|Comedy|Romance,3.8141
25,12,"Usual Suspects, The (1995)",Crime,Crime,4.5055
25,29,"Silence of the Lambs, The (1991)",Thriller,Thriller,4.4017
26,34,GoodFellas (1990),Crime,Crime|Drama,3.9061
26,30,Schindler's List (1993),Drama,Drama,4.9452
26,12,"Usual Suspects, The (1995)",Crime,Crime,4.9056
26,27,Forrest Gump (1994),Drama,Drama|Comedy|Romance,3.8648
26,1,Toy Story (1995),Animation,Animation|Childrens|Comedy,4.2324
26,33,Fargo (1996),Crime,Crime|Drama|Thriller,4.7758
26,28,Pulp Fiction (1994),Crime,Crime,4.5339
26,29,"Silence of the Lambs, The (1991)",Thriller,Thriller,4.7349
26,26,"Shawshank Redemption, The (1994)",Drama,Drama,4.6628
26,31,Star Wars (1977),Sci-Fi,Action|Adventure|Sci-Fi,4.3961
27,27,Forrest Gump (1994),Drama,Drama|Comedy|Romance,4.2497
27,12,"Usual Suspects, The (1995)",Crime,Crime,4.9106
27,33,Fargo (1996),Crime,Crime|Drama|Thriller,4.7947
27,31,Star Wars (1977),Sci-Fi,Action|Adventure|Sci-Fi,3.9308
27,34,GoodFellas (1990),Crime,Crime|Drama,3.9297
27,28,Pulp Fiction (1994),Crime,Crime,4.3134
27,30,Schindler's List (1993),Drama,Drama,3.9184
27,26,"Shawshank Redemption, The (1994)",Drama,Drama,4.5429
27,29,"Silence of the Lambs, The (1991)",Thriller,Thriller,3.9724
27,1,Toy Story (1995),Animation,Animation|Childrens|Comedy,4.4268
28,31,Star Wars (1977),Sci-Fi,Action|Adventure|Sci-Fi,4.8148
28,33,Fargo (1996),Crime,Crime|Drama|Thriller,4.8935
28,34,GoodFellas (1990),Crime,Crime|Drama,4.7848
28,26,"Shawshank Redemption, The (1994)",Drama,Drama,3.9535
28,29,"Silence of the Lambs, The (1991)",Thriller,Thriller,4.9975
28,12,"Usual Suspects, The (1995)",Crime,Crime,4.1103
28,28,Pulp Fiction (1994),Crime,Crime,4.669
28,30,Schindler's List (1993),Drama,Drama,4.8896
28,1,Toy Story (1995),Animation,Animation|Childrens|Comedy,4.0828
28,27,Forrest Gump (1994),Drama,Drama|Comedy|Romance,4.8899
29,29,"Silence of the Lambs, The (1991)",Thriller,Thriller,4.3735
29,33,Fargo (1996),Crime,Crime|Drama|Thriller,4.0682
29,12,"Usual Suspects, The (1995)",Crime,Crime,4.6467
29,27,Forrest Gump (1994),Drama,Drama|Comedy|Romance,4.029
29,31,Star Wars (1977),Sci-Fi,Action|Adventure|Sci-Fi,4.4634
29,28,Pulp Fiction (1994),Crime,Crime,4.1039
29,34,GoodFellas (1990),Crime,Crime|Drama,4.9467
29,26,"Shawshank Redemption, The (1994)",Drama,Drama,3.8344
29,30,Schindler's List (1993),Drama,Drama,4.0397
29,1,Toy Story (1995),Animation,Animation|Childrens|Comedy,4.0908
30,31,Star Wars (1977),Sci-Fi,Action|Adventure|Sci-Fi,4.496
30,12,"Usual Suspects, The (1995)",Crime,Crime,3.9068
30,27,Forrest Gump (1994),Drama,Drama|Comedy|Romance,4.6328
30,30,Schindler's List (1993),Drama,Drama,3.9997
30,28,Pulp Fiction (1994),Crime,Crime,4.7436
30,29,"Silence of the Lambs, The (1991)",Thriller,Thriller,4.1001
30,33,Fargo (1996),Crime,Crime|Drama|Thriller,4.3005
30,34,GoodFellas (1990),Crime,Crime|Drama,4.2206
30,26,"Shawshank Redemption, The (1994)",Drama,Drama,4.8306
30,1,Toy Story (1995),Animation,Animation|Childrens|Comedy,3.9519
31,27,Forrest Gump (1994),Drama,Drama|Comedy|Romance,3.8096
31,12,"Usual Suspects, The (1995)",Crime,Crime,4.3905
31,28,Pulp Fiction (1994),Crime,Crime,4.4376
31,31,Star Wars (1977),Sci-Fi,Action|Adventure|Sci-Fi,4.0415
31,34,GoodFellas (1990),Crime,Crime|Drama,4.1416
31,26,"Shawshank Redemption, The (1994)",Drama,Drama,4.7182
31,29,"Silence of the Lambs, The (1991)",Thriller,Thriller,4.3644
31,30,Schindler's List (1993),Drama,Drama,4.1808
31,1,Toy Story (1995),Animation,Animation|Childrens|Comedy,4.5472
31,33,Fargo (1996),Crime,Crime|Drama|Thriller,4.5833
32,26,"Shawshank Redemption, The (1994)",Drama,Drama,4.2597
32,30,Schindler's List (1993),Drama,Drama,4.1965
32,31,Star Wars (1977),Sci-Fi,Action|Adventure|Sci-Fi,4.3377
32,28,Pulp Fiction (1994),Crime,Crime,4.2154
32,12,"Usual Suspects, The (1995)",Crime,Crime,4.2059
32,1,Toy Story (1995),Animation,Animation|Childrens|Comedy,4.7697
32,29,"Silence of the Lambs, The (1991)",Thriller,Thriller,3.9494
32,33,Fargo (1996),Crime,Crime|Drama|Thriller,4.9647
32,27,Forrest Gump (1994),Drama,Drama|Comedy|Romance,4.4659
32,34,GoodFellas (1990),Crime,Crime|Drama,4.0195
33,26,"Shawshank Redemption, The (1994)",Drama,Drama,3.8595
33,34,GoodFellas (1990),Crime,Crime|Drama,4.8261
33,33,Fargo (1996),Crime,Crime|Drama|Thriller,4.5898
33,31,Star Wars (1977),Sci-Fi,Action|Adventure|Sci-Fi,4.3213
33,29,"Silence of the Lambs, The (1991)",Thriller,Thriller,4.2157
33,28,Pulp Fiction (1994),Crime,Crime,3.8231
33,30,Schindler's List (1993),Drama,Drama,4.7903
33,27,Forrest Gump (1994),Drama,Drama|Comedy|Romance,3.9713
33,1,Toy Story (1995),Animation,Animation|Childrens|Comedy,4.1715
33,12,"Usual Suspects, The (1995)",Crime,Crime,4.4829
34,29,"Silence of the Lambs, The (1991)",Thriller,Thriller,4.1996
34,12,"Usual Suspects, The (1995)",Crime,Crime,4.28
34,27,Forrest Gump (1994),Drama,Drama|Comedy|Romance,4.308
34,34,GoodFellas (1990),Crime,Crime|Drama,4.5514
34,30,Schindler's List (1993),Drama,Drama,4.1442
34,33,Fargo (1996),Crime,Crime|Drama|Thriller,4.9631
34,26,"Shawshank Redemption, The (1994)",Drama,Drama,4.5304
34,1,Toy Story (1995),Animation,Animation|Childrens|Comedy,4.2793
34,28,Pulp Fiction (1994),Crime,Crime,4.574
34,31,Star Wars (1977),Sci-Fi,Action|Adventure|Sci-Fi,4.2745
35,28,Pulp Fiction (1994),Crime,Crime,4.7525
35,26,"Shawshank Redemption, The (1994)",Drama,Drama,4.7422
35,33,Fargo (1996),Crime,Crime|Drama|Thriller,4.0848
35,34,GoodFellas (1990),Crime,Crime|Drama,4.1464
35,1,Toy Story (1995),Animation,Animation|Childrens|Comedy,4.9256
35,12,"Usual Suspects, The (1995)",Crime,Crime,4.7908
35,27,Forrest Gump (1994),Drama,Drama|Comedy|Romance,4.6374
35,29,"Silence of the Lambs, The (1991)",Thriller,Thriller,3.8987
35,31,Star Wars (1977),Sci-Fi,Action|Adventure|Sci-Fi,4.3019
35,30,Schindler's List (1993),Drama,Drama,4.4712
36,34,GoodFellas (1990),Crime,Crime|Drama,4.1515
36,33,Fargo (1996),Crime,Crime|Drama|Thriller,4.2153
36,26,"Shawshank Redemption, The (1994)",Drama,Drama,4.6961
36,28,Pulp Fiction (1994),Crime,Crime,4.8163
36,30,Schindler's List (1993),Drama,Drama,4.2517
36,29,"Silence of the Lambs, The (1991)",Thriller,Thriller,4.1559
36,1,Toy Story (1995),Animation,Animation|Childrens|Comedy,4.8673
36,27,Forrest Gump (1994),Drama,Drama|Comedy|Romance,4.9992
36,31,Star Wars (1977),Sci-Fi,Action|Adventure|Sci-Fi,4.6044
36,12,"Usual Suspects, The (1995)",Crime,Crime,4.988
37,1,Toy Story (1995),Animation,Animation|Childrens|Comedy,4.6325
37,26,"Shawshank Redemption, The (1994)",Drama,Drama,4.7115
37,28,Pulp Fiction (1994),Crime,Crime,4.8236
37,29,"Silence of the Lambs, The (1991)",Thriller,Thriller,4.9674
37,31,Star Wars (1977),Sci-Fi,Action|Adventure|Sci-Fi,4.12
37,30,Schindler's List (1993),Drama,Drama,4.6593
37,12,"Usual Suspects, The (1995)",Crime,Crime,4.2731
37,33,Fargo (1996),Crime,Crime|Drama|Thriller,4.6125
37,34,GoodFellas (1990),Crime,Crime|Drama,4.3712
37,27,Forrest Gump (1994),Drama,Drama|Comedy|Romance,4.9925
38,27,Forrest Gump (1994),Drama,Drama|Comedy|Romance,4.1234
38,34,GoodFellas (1990),Crime,Crime|Drama,3.9738
38,29,"Silence of the Lambs, The (1991)",Thriller,Thriller,4.4978
38,33,Fargo (1996),Crime,Crime|Drama|Thriller,4.0019
38,1,Toy Story (1995),Animation,Animation|Childrens|Comedy,4.3096
38,26,"Shawshank Redemption, The (1994)",Drama,Drama,4.3532
38,28,Pulp Fiction (1994),Crime,Crime,3.8246
38,12,"Usual Suspects, The (1995)",Crime,Crime,3.8202
38,31,Star Wars (1977),Sci-Fi,Action|Adventure|Sci-Fi,4.4243
38,30,Schindler's List (1993),Drama,Drama,4.6352
39,33,Fargo (1996),Crime,Crime|Drama|Thriller,4.8236
39,27,Forrest Gump (1994),Drama,Drama|Comedy|Romance,4.7671
39,29,"Silence of the Lambs, The (1991)",Thriller,Thriller,3.9587
39,28,Pulp Fiction (1994),Crime,Crime,4.6567
39,30,Schindler's List (1993),Drama,Drama,4.3225
39,12,"Usual Suspects, The (1995)",Crime,Crime,4.1536
39,31,Star Wars (1977),Sci-Fi,Action|Adventure|Sci-Fi,3.86
39,26,"Shawshank Redemption, The (1994)",Drama,Drama,4.3847
39,1,Toy Story (1995),Animation,Animation|Childrens|Comedy,4.2265
39,34,GoodFellas (1990),Crime,Crime|Drama,4.1018
40,29,"Silence of the Lambs, The (1991)",Thriller,Thriller,3.9245
40,27,Forrest Gump (1994),Drama,Drama|Comedy|Romance,4.8031
40,26,"Shawshank Redemption, The (1994)",Drama,Drama,4.7775
40,30,Schindler's List (1993),Drama,Drama,4.4403
40,34,GoodFellas (1990),Crime,Crime|Drama,3.9694
40,1,Toy Story (1995),Animation,Animation|Childrens|Comedy,3.8307
40,33,Fargo (1996),Crime,Crime|Drama|Thriller,4.7561
40,28,Pulp Fiction (1994),Crime,Crime,4.5202
40,31,Star Wars (1977),Sci-Fi,Action|Adventure|Sci-Fi,4.6531
40,12,"Usual Suspects, The (1995)",Crime,Crime,4.1646
41,34,GoodFellas (1990),Crime,Crime|Drama,4.6869
41,33,Fargo (1996),Crime,Crime|Drama|Thriller,4.1816
41,31,Star Wars (1977),Sci-Fi,Action|Adventure|Sci-Fi,4.7556
41,29,"Silence of the Lambs, The (1991)",Thriller,Thriller,4.3181
41,26,"Shawshank Redemption, The (1994)",Drama,Drama,4.3436
41,12,"Usual Suspects, The (1995)",Crime,Crime,4.4155
41,27,Forrest Gump (1994),Drama,Drama|Comedy|Romance,4.6556
41,28,Pulp Fiction (1994),Crime,Crime,4.1282
41,30,Schindler's List (1993),Drama,Drama,3.9459
41,1,Toy Story (1995),Animation,Animation|Childrens|Comedy,4.4673
42,27,Forrest Gump (1994),Drama,Drama|Comedy|Romance,4.0687
42,12,"Usual Suspects, The (1995)",Crime,Crime,4.9295
42,30,Schindler's List (1993),Drama,Drama,4.5189
42,29,"Silence of the Lambs, The (1991)",Thriller,Thriller,4.9906
42,1,Toy Story (1995),Animation,Animation|Childrens|Comedy,3.9075
42,28,Pulp Fiction (1994),Crime,Crime,3.9519
42,34,GoodFellas (1990),Crime,Crime|Drama,4.792
42,26,"Shawshank Redemption, The (1994)",Drama,Drama,4.8377
42,31,Star Wars (1977),Sci-Fi,Action|Adventure|Sci-Fi,4.3346
42,33,Fargo (1996),Crime,Crime|Drama|Thriller,4.6569
43,12,"Usual Suspects, The (1995)",Crime,Crime,4.7548
43,34,GoodFellas (1990),Crime,Crime|Drama,4.2029
43,26,"Shawshank Redemption, The (1994)",Drama,Drama,3.8038
43,31,Star Wars (1977),Sci-Fi,Action|Adventure|Sci-Fi,4.9515
43,30,Schindler's List (1993),Drama,Drama,4.5105
43,33,Fargo (1996),Crime,Crime|Drama|Thriller,4.7834
43,29,"Silence of the Lambs, The (1991)",Thriller,Thriller,4.7904
43,1,Toy Story (1995),Animation,Animation|Childrens|Comedy,3.8797
43,27,Forrest Gump (1994),Drama,Drama|Comedy|Romance,4.005
43,28,Pulp Fiction (1994),Crime,Crime,4.1733
44,29,"Silence of the Lambs, The (1991)",Thriller,Thriller,4.2584
44,27,Forrest Gump (1994),Drama,Drama|Comedy|Romance,4.4523
44,33,Fargo (1996),Crime,Crime|Drama|Thriller,4.3616
44,30,Schindler's List (1993),Drama,Drama,3.9528
44,26,"Shawshank Redemption, The (1994)",Drama,Drama,4.5794
44,28,Pulp Fiction (1994),Crime,Crime,3.8877
44,34,GoodFellas (1990),Crime,Crime|Drama,4.2538
44,31,Star Wars (1977),Sci-Fi,Action|Adventure|Sci-Fi,4.652
44,12,"Usual Suspects, The (1995)",Crime,Crime,3.824
44,1,Toy Story (1995),Animation,Animation|Childrens|Comedy,4.484
45,31,Star Wars (1977),Sci-Fi,Action|Adventure|Sci-Fi,4.8204
45,27,Forrest Gump (1994),Drama,Drama|Comedy|Romance,4.3209
45,33,Fargo (1996),Crime,Crime|Drama|Thriller,4.9142
45,26,"Shawshank Redemption, The (1994)",Drama,Drama,4.5084
45,28,Pulp Fiction (1994),Crime,Crime,4.556
45,1,Toy Story (1995),Animation,Animation|Childrens|Comedy,4.8145
45,12,"Usual Suspects, The (1995)",Crime,Crime,4.1562
45,34,GoodFellas (1990),Crime,Crime|Drama,4.2251
45,29,"Silence of the Lambs, The (1991)",Thriller,Thriller,4.8871
45,30,Schindler's List (1993),Drama,Drama,4.8812
46,28,Pulp Fiction (1994),Crime,Crime,4.4646
46,30,Schindler's List (1993),Drama,Drama,4.4357
46,33,Fargo (1996),Crime,Crime|Drama|Thriller,4.1861
46,12,"Usual Suspects, The (1995)",Crime,Crime,3.89
46,1,Toy Story (1995),Animation,Animation|Childrens|Comedy,4.8748
46,26,"Shawshank Redemption, The (1994)",Drama,Drama,4.7632
46,31,Star Wars (1977),Sci-Fi,Action|Adventure|Sci-Fi,3.9674
46,29,"Silence of the Lambs, The (1991)",Thriller,Thriller,4.7321
46,27,Forrest Gump (1994),Drama,Drama|Comedy|Romance,4.551
46,34,GoodFellas (1990),Crime,Crime|Drama,4.291
47,26,"Shawshank Redemption, The (1994)",Drama,Drama,4.3687
47,34,GoodFellas (1990),Crime,Crime|Drama,4.0324
47,31,Star Wars (1977),Sci-Fi,Action|Adventure|Sci-Fi,4.0501
47,30,Schindler's List (1993),Drama,Drama,4.5936
47,29,"Silence of the Lambs, The (1991)",Thriller,Thriller,4.8935
47,12,"Usual Suspects, The (1995)",Crime,Crime,4.2845
47,28,Pulp Fiction (1994),Crime,Crime,4.0493
47,27,Forrest Gump (1994),Drama,Drama|Comedy|Romance,4.5785
47,1,Toy Story (1995),Animation,Animation|Childrens|Comedy,4.8454
47,33,Fargo (1996),Crime,Crime|Drama|Thriller,4.698
48,29,"Silence of the Lambs, The (1991)",Thriller,Thriller,4.0546
48,30,Schindler's List (1993),Drama,Drama,4.8935
48,1,Toy Story (1995),Animation,Animation|Childrens|Comedy,4.9198
48,34,GoodFellas (1990),Crime,Crime|Drama,4.3971
48,27,Forrest Gump (1994),Drama,Drama|Comedy|Romance,3.8078
48,28,Pulp Fiction (1994),Crime,Crime,3.9317
48,26,"Shawshank Redemption, The (1994)",Drama,Drama,4.4876
48,33,Fargo (1996),Crime,Crime|Drama|Thriller,3.8285
48,12,"Usual Suspects, The (1995)",Crime,Crime,4.2763
48,31,Star Wars (1977),Sci-Fi,Action|Adventure|Sci-Fi,4.164
49,12,"Usual Suspects, The (1995)",Crime,Crime,4.2368
49,34,GoodFellas (1990),Crime,Crime|Drama,4.9513
49,26,"Shawshank Redemption, The (1994)",Drama,Drama,4.3327
49,31,Star Wars (1977),Sci-Fi,Action|Adventure|Sci-Fi,4.7061
49,28,Pulp Fiction (1994),Crime,Crime,4.701
49,30,Schindler's List (1993),Drama,Drama,4.1187
49,29,"Silence of the Lambs, The (1991)",Thriller,Thriller,4.4862
49,33,Fargo (1996),Crime,Crime|Drama|Thriller,4.8732
49,1,Toy Story (1995),Animation,Animation|Childrens|Comedy,4.3702
49,27,Forrest Gump (1994),Drama,Drama|Comedy|Romance,4.9341
50,28,Pulp Fiction (1994),Crime,Crime,4.6153
50,34,GoodFellas (1990),Crime,Crime|Drama,4.924
50,33,Fargo (1996),Crime,Crime|Drama|Thriller,4.7923
50,31,Star Wars (1977),Sci-Fi,Action|Adventure|Sci-Fi,4.8133
50,12,"Usual Suspects, The (1995)",Crime,Crime,4.483
50,29,"Silence of the Lambs, The (1991)",Thriller,Thriller,4.2588
50,26,"Shawshank Redemption, The (1994)",Drama,Drama,4.9215
50,1,Toy Story (1995),Animation,Animation|Childrens|Comedy,4.3185
50,30,Schindler's List (1993),Drama,Drama,4.4466
50,27,Forrest Gump (1994),Drama,Drama|Comedy|Romance,4.3353
51,31,Star Wars (1977),Sci-Fi,Action|Adventure|Sci-Fi,3.8041
51,29,"Silence of the Lambs, The (1991)",Thriller,Thriller,4.0943
51,33,Fargo (1996),Crime,Crime|Drama|Thriller,4.6455
51,12,"Usual Suspects, The (1995)",Crime,Crime,3.919
51,34,GoodFellas (1990),Crime,Crime|Drama,4.8907
51,30,Schindler's List (1993),Drama,Drama,4.058
51,27,Forrest Gump (1994),Drama,Drama|Comedy|Romance,4.0455
51,28,Pulp Fiction (1994),Crime,Crime,4.0178
51,26,"Shawshank Redemption, The (1994)",Drama,Drama,3.8168
51,1,Toy Story (1995),Animation,Animation|Childrens|Comedy,4.7262
52,30,Schindler's List (1993),Drama,Drama,4.0968
52,34,GoodFellas (1990),Crime,Crime|Drama,4.678
52,1,Toy Story (1995),Animation,Animation|Childrens|Comedy,4.3273
52,28,Pulp Fiction (1994),Crime,Crime,4.1574
52,26,"Shawshank Redemption, The (1994)",Drama,Drama,4.3471
52,27,Forrest Gump (1994),Drama,Drama|Comedy|Romance,3.8854
52,31,Star Wars (1977),Sci-Fi,Action|Adventure|Sci-Fi,4.7584
52,33,Fargo (1996),Crime,Crime|Drama|Thriller,4.092
52,29,"Silence of the Lambs, The (1991)",Thriller,Thriller,4.6705
52,12,"Usual Suspects, The (1995)",Crime,Crime,3.882
53,33,Fargo (1996),Crime,Crime|Drama|Thriller,3.9596
53,26,"Shawshank Redemption, The (1994)",Drama,Drama,3.8268
53,1,Toy Story (1995),Animation,Animation|Childrens|Comedy,3.8598
53,12,"Usual Suspects, The (1995)",Crime,Crime,4.1164
53,27,Forrest Gump (1994),Drama,Drama|Comedy|Romance,3.878
53,29,"Silence of the Lambs, The (1991)",Thriller,Thriller,4.2427
53,34,GoodFellas (1990),Crime,Crime|Drama,4.7993
53,28,Pulp Fiction (1994),Crime,Crime,4.1916
53,31,Star Wars (1977),Sci-Fi,Action|Adventure|Sci-Fi,4.6734
53,30,Schindler's List (1993),Drama,Drama,3.9127
54,34,GoodFellas (1990),Crime,Crime|Drama,4.0911
54,29,"Silence of the Lambs, The (1991)",Thriller,Thriller,4.2238
54,33,Fargo (1996),Crime,Crime|Drama|Thriller,4.9402
54,28,Pulp Fiction (1994),Crime,Crime,4.4942
54,1,Toy Story (1995),Animation,Animation|Childrens|Comedy,4.2389
54,27,Forrest Gump (1994),Drama,Drama|Comedy|Romance,4.9395
54,26,"Shawshank Redemption, The (1994)",Drama,Drama,4.1949
54,12,"Usual Suspects, The (1995)",Crime,Crime,3.9138
54,31,Star Wars (1977),Sci-Fi,Action|Adventure|Sci-Fi,4.9962
54,30,Schindler's List (1993),Drama,Drama,4.1214
55,31,Star Wars (1977),Sci-Fi,Action|Adventure|Sci-Fi,4.4634
55,33,Fargo (1996),Crime,Crime|Drama|Thriller,3.83
55,1,Toy Story (1995),Animation,Animation|Childrens|Comedy,4.5247
55,27,Forrest Gump (1994),Drama,Drama|Comedy|Romance,3.9744
55,26,"Shawshank Redemption, The (1994)",Drama,Drama,4.7582
55,12,"Usual Suspects, The (1995)",Crime,Crime,4.8279
55,29,"Silence of the Lambs, The (1991)",Thriller,Thriller,4.3785
55,28,Pulp Fiction (1994),Crime,Crime,4.7399
55,30,Schindler's List (1993),Drama,Drama,3.9741
55,34,GoodFellas (1990),Crime,Crime|Drama,4.3905
56,33,Fargo (1996),Crime,Crime|Drama|Thriller,4.3413
56,34,GoodFellas (1990),Crime,Crime|Drama,3.8184
56,27,Forrest Gump (1994),Drama,Drama|Comedy|Romance,4.3117
56,31,Star Wars (1977),Sci-Fi,Action|Adventure|Sci-Fi,4.5274
56,1,Toy Story (1995),Animation,Animation|Childrens|Comedy,4.4693
56,12,"Usual Suspects, The (1995)",Crime,Crime,4.5816
56,28,Pulp Fiction (1994),Crime,Crime,3.9849
56,30,Schindler's List (1993),Drama,Drama,4.5758
56,26,"Shawshank Redemption, The (1994)",Drama,Drama,4.0192
56,29,"Silence of the Lambs, The (1991)",Thriller,Thriller,4.7006
57,30,Schindler's List (1993),Drama,Drama,4.7543
57,12,"Usual Suspects, The (1995)",Crime,Crime,4.5569
57,29,"Silence of the Lambs, The (1991)",Thriller,Thriller,4.5051
57,34,GoodFellas (1990),Crime,Crime|Drama,4.2243
57,31,Star Wars (1977),Sci-Fi,Action|Adventure|Sci-Fi,4.3789
57,33,Fargo (1996),Crime,Crime|Drama|Thriller,4.5168
57,27,Forrest Gump (1994),Drama,Drama|Comedy|Romance,4.367
57,26,"Shawshank Redemption, The (1994)",Drama,Drama,4.638
57,1,Toy Story (1995),Animation,Animation|Childrens|Comedy,4.3204
57,28,Pulp Fiction (1994),Crime,Crime,4.0427
58,34,GoodFellas (1990),Crime,Crime|Drama,4.1811
58,12,"Usual Suspects, The (1995)",Crime,Crime,4.2329
58,26,"Shawshank Redemption, The (1994)",Drama,Drama,4.6032
58,31,Star Wars (1977),Sci-Fi,Action|Adventure|Sci-Fi,4.5591
58,1,Toy Story (1995),Animation,Animation|Childrens|Comedy,4.0787
58,30,Schindler's List (1993),Drama,Drama,4.877
58,33,Fargo (1996),Crime,Crime|Drama|Thriller,4.8353
58,28,Pulp Fiction (1994),Crime,Crime,4.4109
58,29,"Silence of the Lambs, The (1991)",Thriller,Thriller,4.3199
58,27,Forrest Gump (1994),Drama,Drama|Comedy|Romance,4.2522
59,12,"Usual Suspects, The (1995)",Crime,Crime,3.8223
59,27,Forrest Gump (1994),Drama,Drama|Comedy|Romance,4.6391
59,29,"Silence of the Lambs, The (1991)",Thriller,Thriller,4.5738
59,1,Toy Story (1995),Animation,Animation|Childrens|Comedy,4.293
59,31,Star Wars (1977),Sci-Fi,Action|Adventure|Sci-Fi,4.4308
59,33,Fargo (1996),Crime,Crime|Drama|Thriller,4.9366
59,30,Schindler's List (1993),Drama,Drama,4.5142
59,28,Pulp Fiction (1994),Crime,Crime,4.5895
59,26,"Shawshank Redemption, The (1994)",Drama,Drama,3.8767
59,34,GoodFellas (1990),Crime,Crime|Drama,3.9992
60,31,Star Wars (1977),Sci-Fi,Action|Adventure|Sci-Fi,4.1074
60,1,Toy Story (1995),Animation,Animation|Childrens|Comedy,4.1055
60,26,"Shawshank Redemption, The (1994)",Drama,Drama,4.9386
60,34,GoodFellas (1990),Crime,Crime|Drama,4.5625
60,33,Fargo (1996),Crime,Crime|Drama|Thriller,3.9871
60,28,Pulp Fiction (1994),Crime,Crime,4.6667
60,29,"Silence of the Lambs, The (1991)",Thriller,Thriller,4.6664
60,30,Schindler's List (1993),Drama,Drama,4.5998
60,12,"Usual Suspects, The (1995)",Crime,Crime,3.9617
60,27,Forrest Gump (1994),Drama,Drama|Comedy|Romance,4.2896
61,31,Star Wars (1977),Sci-Fi,Action|Adventure|Sci-Fi,4.0211
61,12,"Usual Suspects, The (1995)",Crime,Crime,3.9277
61,28,Pulp Fiction (1994),Crime,Crime,4.9631
61,1,Toy Story (1995),Animation,Animation|Childrens|Comedy,4.0396
61,26,"Shawshank Redemption, The (1994)",Drama,Drama,3.8718
61,27,Forrest Gump (1994),Drama,Drama|Comedy|Romance,4.954
61,30,Schindler's List (1993),Drama,Drama,4.4587
61,34,GoodFellas (1990),Crime,Crime|Drama,4.756
61,33,Fargo (1996),Crime,Crime|Drama|Thriller,3.8525
61,29,"Silence of the Lambs, The (1991)",Thriller,Thriller,4.4803
62,12,"Usual Suspects, The (1995)",Crime,Crime,4.1499
62,33,Fargo (1996),Crime,Crime|Drama|Thriller,3.9546
62,1,Toy Story (1995),Animation,Animation|Childrens|Comedy,4.8264
62,34,GoodFellas (1990),Crime,Crime|Drama,4.5049
62,26,"Shawshank Redemption, The (1994)",Drama,Drama,4.8669
62,30,Schindler's List (1993),Drama,Drama,4.9254
62,29,"Silence of the Lambs, The (1991)",Thriller,Thriller,3.8644
62,31,Star Wars (1977),Sci-Fi,Action|Adventure|Sci-Fi,4.4012
62,28,Pulp Fiction (1994),Crime,Crime,4.25
62,27,Forrest Gump (1994),Drama,Drama|Comedy|Romance,4.551
63,29,"Silence of the Lambs, The (1991)",Thriller,Thriller,4.413
63,27,Forrest Gump (1994),Drama,Drama|Comedy|Romance,4.4681
63,30,Schindler's List (1993),Drama,Drama,4.2935
63,26,"Shawshank Redemption, The (1994)",Drama,Drama,4.3524
63,31,Star Wars (1977),Sci-Fi,Action|Adventure|Sci-Fi,3.9392
63,12,"Usual Suspects, The (1995)",Crime,Crime,4.6075
63,33,Fargo (1996),Crime,Crime|Drama|Thriller,4.3189
63,1,Toy Story (1995),Animation,Animation|Childrens|Comedy,4.7801
63,28,Pulp Fiction (1994),Crime,Crime,4.0355
63,34,GoodFellas (1990),Crime,Crime|Drama,4.0461
64,12,"Usual Suspects, The (1995)",Crime,Crime,4.1649
64,27,Forrest Gump (1994),Drama,Drama|Comedy|Romance,4.3397
64,28,Pulp Fiction (1994),Crime,Crime,4.4525
64,31,Star Wars (1977),Sci-Fi,Action|Adventure|Sci-Fi,3.9203
64,29,"Silence of the Lambs, The (1991)",Thriller,Thriller,4.9186
64,26,"Shawshank Redemption, The (1994)",Drama,Drama,4.2494
64,1,Toy Story (1995),Animation,Animation|Childrens|Comedy,3.8969
64,33,Fargo (1996),Crime,Crime|Drama|Thriller,4.2647
64,30,Schindler's List (1993),Drama,Drama,4.5202
64,34,GoodFellas (1990),Crime,Crime|Drama,4.4164
65,31,Star Wars (1977),Sci-Fi,Action|Adventure|Sci-Fi,4.8266
65,33,Fargo (1996),Crime,Crime|Drama|Thriller,3.9103
65,28,Pulp Fiction (1994),Crime,Crime,4.8013
65,27,Forrest Gump (1994),Drama,Drama|Comedy|Romance,4.2329
65,30,Schindler's List (1993),Drama,Drama,4.5347
65,26,"Shawshank Redemption, The (1994)",Drama,Drama,3.9835
65,29,"Silence of the Lambs, The (1991)",Thriller,Thriller,3.8794
65,34,GoodFellas (1990),Crime,Crime|Drama,4.0591
65,1,Toy Story (1995),Animation,Animation|Childrens|Comedy,3.9534
65,12,"Usual Suspects, The (1995)",Crime,Crime,4.1749
66,26,"Shawshank Redemption, The (1994)",Drama,Drama,4.2941
66,12,"Usual Suspects, The (1995)",Crime,Crime,4.3686
66,1,Toy Story (1995),Animation,Animation|Childrens|Comedy,4.2974
66,28,Pulp Fiction (1994),Crime,Crime,4.8106
66,27,Forrest Gump (1994),Drama,Drama|Comedy|Romance,4.076
66,29,"Silence of the Lambs, The (1991)",Thriller,Thriller,3.8069
66,31,Star Wars (1977),Sci-Fi,Action|Adventure|Sci-Fi,4.5816
66,30,Schindler's List (1993),Drama,Drama,4.043
66,33,Fargo (1996),Crime,Crime|Drama|Thriller,4.8681
66,34,GoodFellas (1990),Crime,Crime|Drama,4.8309
67,26,"Shawshank Redemption, The (1994)",Drama,Drama,3.8121
67,12,"Usual Suspects, The (1995)",Crime,Crime,4.3772
67,27,Forrest Gump (1994),Drama,Drama|Comedy|Romance,4.2973
67,28,Pulp Fiction (1994),Crime,Crime,3.9281
67,33,Fargo (1996),Crime,Crime|Drama|Thriller,4.9079
67,34,GoodFellas (1990),Crime,Crime|Drama,4.766
67,1,Toy Story (1995),Animation,Animation|Childrens|Comedy,4.0761
67,29,"Silence of the Lambs, The (1991)",Thriller,Thriller,4.1072
67,31,Star Wars (1977),Sci-Fi,Action|Adventure|Sci-Fi,3.8384
67,30,Schindler's List (1993),Drama,Drama,4.1561
68,26,"Shawshank Redemption, The (1994)",Drama,Drama,3.8243
68,12,"Usual Suspects, The (1995)",Crime,Crime,4.5468
68,1,Toy Story (1995),Animation,Animation|Childrens|Comedy,4.594
68,33,Fargo (1996),Crime,Crime|Drama|Thriller,4.1733
68,29,"Silence of the Lambs, The (1991)",Thriller,Thriller,4.184
68,27,Forrest Gump (1994),Drama,Drama|Comedy|Romance,4.2074
68,28,Pulp Fiction (1994),Crime,Crime,4.6162
68,30,Schindler's List (1993),Drama,Drama,3.8698
68,31,Star Wars (1977),Sci-Fi,Action|Adventure|Sci-Fi,4.9149
68,34,GoodFellas (1990),Crime,Crime|Drama,4.067
69,30,Schindler's List (1993),Drama,Drama,3.9952
69,28,Pulp Fiction (1994),Crime,Crime,4.2893
69,31,Star Wars (1977),Sci-Fi,Action|Adventure|Sci-Fi,4.7972
69,34,GoodFellas (1990),Crime,Crime|Drama,4.5932
69,27,Forrest Gump (1994),Drama,Drama|Comedy|Romance,4.2737
69,12,"Usual Suspects, The (1995)",Crime,Crime,4.693
69,26,"Shawshank Redemption, The (1994)",Drama,Drama,4.8765
69,1,Toy Story (1995),Animation,Animation|Childrens|Comedy,4.9114
69,29,"Silence of the Lambs, The (1991)",Thriller,Thriller,4.2546
69,33,Fargo (1996),Crime,Crime|Drama|Thriller,4.0083
70,34,GoodFellas (1990),Crime,Crime|Drama,3.9905
70,28,Pulp Fiction (1994),Crime,Crime,4.9072
70,12,"Usual Suspects, The (1995)",Crime,Crime,3.8032
70,33,Fargo (1996),Crime,Crime|Drama|Thriller,4.8726
70,26,"Shawshank Redemption, The (1994)",Drama,Drama,4.8606
70,1,Toy Story (1995),Animation,Animation|Childrens|Comedy,4.1804
70,29,"Silence of the Lambs, The (1991)",Thriller,Thriller,4.6451
70,31,Star Wars (1977),Sci-Fi,Action|Adventure|Sci-Fi,4.1034
70,27,Forrest Gump (1994),Drama,Drama|Comedy|Romance,4.7105
70,30,Schindler's List (1993),Drama,Drama,4.4733
71,28,Pulp Fiction (1994),Crime,Crime,4.7616
71,27,Forrest Gump (1994),Drama,Drama|Comedy|Romance,3.8843
71,31,Star Wars (1977),Sci-Fi,Action|Adventure|Sci-Fi,4.6267
71,26,"Shawshank Redemption, The (1994)",Drama,Drama,4.0099
71,30,Schindler's List (1993),Drama,Drama,4.5157
71,12,"Usual Suspects, The (1995)",Crime,Crime,4.8028
71,29,"Silence of the Lambs, The (1991)",Thriller,Thriller,4.7061
71,33,Fargo (1996),Crime,Crime|Drama|Thriller,4.7035
71,34,GoodFellas (1990),Crime,Crime|Drama,4.4214
71,1,Toy Story (1995),Animation,Animation|Childrens|Comedy,4.8689
72,27,Forrest Gump (1994),Drama,Drama|Comedy|Romance,4.4537
72,31,Star Wars (1977),Sci-Fi,Action|Adventure|Sci-Fi,3.9687
72,34,GoodFellas (1990),Crime,Crime|Drama,4.8436
72,28,Pulp Fiction (1994),Crime,Crime,4.6111
72,1,Toy Story (1995),Animation,Animation|Childrens|Comedy,4.9924
72,30,Schindler's List (1993),Drama,Drama,3.9105
72,26,"Shawshank Redemption, The (1994)",Drama,Drama,4.0888
72,29,"Silence of the Lambs, The (1991)",Thriller,Thriller,4.8526
72,33,Fargo (1996),Crime,Crime|Drama|Thriller,4.2743
72,12,"Usual Suspects, The (1995)",Crime,Crime,4.3596
73,34,GoodFellas (1990),Crime,Crime|Drama,4.6433
73,33,Fargo (1996),Crime,Crime|Drama|Thriller,3.8504
73,12,"Usual Suspects, The (1995)",Crime,Crime,4.8882
73,26,"Shawshank Redemption, The (1994)",Drama,Drama,4.3814
73,30,Schindler's List (1993),Drama,Drama,4.3524
73,1,Toy Story (1995),Animation,Animation|Childrens|Comedy,4.4798
73,29,"Silence of the Lambs, The (1991)",Thriller,Thriller,3.9793
73,27,Forrest Gump (1994),Drama,Drama|Comedy|Romance,4.363
73,31,Star Wars (1977),Sci-Fi,Action|Adventure|Sci-Fi,4.7974
73,28,Pulp Fiction (1994),Crime,Crime,3.8186
74,34,GoodFellas (1990),Crime,Crime|Drama,4.9342
74,1,Toy Story (1995),Animation,Animation|Childrens|Comedy,4.5302
74,27,Forrest Gump (1994),Drama,Drama|Comedy|Romance,4.1056
74,33,Fargo (1996),Crime,Crime|Drama|Thriller,4.909
74,29,"Silence of the Lambs, The (1991)",Thriller,Thriller,4.7304
74,30,Schindler's List (1993),Drama,Drama,4.4893
74,28,Pulp Fiction (1994),Crime,Crime,4.6348
74,12,"Usual Suspects, The (1995)",Crime,Crime,4.9092
74,31,Star Wars (1977),Sci-Fi,Action|Adventure|Sci-Fi,4.6549
74,26,"Shawshank Redemption, The (1994)",Drama,Drama,4.242
75,34,GoodFellas (1990),Crime,Crime|Drama,4.4472
75,12,"Usual Suspects, The (1995)",Crime,Crime,4.839
75,31,Star Wars (1977),Sci-Fi,Action|Adventure|Sci-Fi,3.9586
75,30,Schindler's List (1993),Drama,Drama,4.5146
75,27,Forrest Gump (1994),Drama,Drama|Comedy|Romance,4.3392
75,26,"Shawshank Redemption, The (1994)",Drama,Drama,4.3068
75,28,Pulp Fiction (1994),Crime,Crime,4.1031
75,29,"Silence of the Lambs, The (1991)",Thriller,Thriller,4.2467
75,1,Toy Story (1995),Animation,Animation|Childrens|Comedy,3.9298
75,33,Fargo (1996),Crime,Crime|Drama|Thriller,4.1019
76,34,GoodFellas (1990),Crime,Crime|Drama,4.161
76,12,"Usual Suspects, The (1995)",Crime,Crime,4.0694
76,29,"Silence of the Lambs, The (1991)",Thriller,Thriller,4.4624
76,26,"Shawshank Redemption, The (1994)",Drama,Drama,4.2289
76,33,Fargo (1996),Crime,Crime|Drama|Thriller,4.9592
76,30,Schindler's List (1993),Drama,Drama,4.9563
76,28,Pulp Fiction (1994),Crime,Crime,4.3325
76,31,Star Wars (1977),Sci-Fi,Action|Adventure|Sci-Fi,4.7541
76,1,Toy Story (1995),Animation,Animation|Childrens|Comedy,3.8159
76,27,Forrest Gump (1994),Drama,Drama|Comedy|Romance,4.4574
77,29,"Silence of the Lambs, The (1991)",Thriller,Thriller,4.2704
77,30,Schindler's List (1993),Drama,Drama,4.8859
77,33,Fargo (1996),Crime,Crime|Drama|Thriller,4.472
77,34,GoodFellas (1990),Crime,Crime|Drama,4.3405
77,26,"Shawshank Redemption, The (1994)",Drama,Drama,4.576
77,27,Forrest Gump (1994),Drama,Drama|Comedy|Romance,4.9434
77,1,Toy Story (1995),Animation,Animation|Childrens|Comedy,4.7535
77,28,Pulp Fiction (1994),Crime,Crime,3.848
77,12,"Usual Suspects, The (1995)",Crime,Crime,4.1988
77,31,Star Wars (1977),Sci-Fi,Action|Adventure|Sci-Fi,4.3647
78,26,"Shawshank Redemption, The (1994)",Drama,Drama,4.85
78,33,Fargo (1996),Crime,Crime|Drama|Thriller,4.7199
78,30,Schindler's List (1993),Drama,Drama,4.2346
78,31,Star Wars (1977),Sci-Fi,Action|Adventure|Sci-Fi,4.6809
78,1,Toy Story (1995),Animation,Animation|Childrens|Comedy,3.9249
78,28,Pulp Fiction (1994),Crime,Crime,4.7472
78,27,Forrest Gump (1994),Drama,Drama|Comedy|Romance,4.4388
78,29,"Silence of the Lambs, The (1991)",Thriller,Thriller,4.1507
78,34,GoodFellas (1990),Crime,Crime|Drama,4.5869
78,12,"Usual Suspects, The (1995)",Crime,Crime,4.5699
79,31,Star Wars (1977),Sci-Fi,Action|Adventure|Sci-Fi,4.9139
79,30,Schindler's List (1993),Drama,Drama,4.4346
79,27,Forrest Gump (1994),Drama,Drama|Comedy|Romance,4.7046
79,33,Fargo (1996),Crime,Crime|Drama|Thriller,4.3272
79,34,GoodFellas (1990),Crime,Crime|Drama,4.6953
79,28,Pulp Fiction (1994),Crime,Crime,4.0458
79,12,"Usual Suspects, The (1995)",Crime,Crime,4.2453
79,29,"Silence of the Lambs, The (1991)",Thriller,Thriller,4.5611
79,26,"Shawshank Redemption, The (1994)",Drama,Drama,3.8218
79,1,Toy Story (1995),Animation,Animation|Childrens|Comedy,4.667
80,28,Pulp Fiction (1994),Crime,Crime,4.6909
80,12,"Usual Suspects, The (1995)",Crime,Crime,4.9388
80,31,Star Wars (1977),Sci-Fi,Action|Adventure|Sci-Fi,4.9281
80,1,Toy Story (1995),Animation,Animation|Childrens|Comedy,4.2588
80,34,GoodFellas (1990),Crime,Crime|Drama,4.3364
80,30,Schindler's List (1993),Drama,Drama,4.1072
80,29,"Silence of the Lambs, The (1991)",Thriller,Thriller,4.5928
80,26,"Shawshank Redemption, The (1994)",Drama,Drama,4.2375
80,33,Fargo (1996),Crime,Crime|Drama|Thriller,4.7433
80,27,Forrest Gump (1994),Drama,Drama|Comedy|Romance,3.9459
81,33,Fargo (1996),Crime,Crime|Drama|Thriller,4.7385
81,27,Forrest Gump (1994),Drama,Drama|Comedy|Romance,4.7748
81,12,"Usual Suspects, The (1995)",Crime,Crime,3.9944
81,29,"Silence of the Lambs, The (1991)",Thriller,Thriller,4.6874
81,34,GoodFellas (1990),Crime,Crime|Drama,4.3203
81,30,Schindler's List (1993),Drama,Drama,4.0875
81,1,Toy Story (1995),Animation,Animation|Childrens|Comedy,4.5457
81,31,Star Wars (1977),Sci-Fi,Action|Adventure|Sci-Fi,4.0142
81,28,Pulp Fiction (1994),Crime,Crime,4.7083
81,26,"Shawshank Redemption, The (1994)",Drama,Drama,3.8571
82,33,Fargo (1996),Crime,Crime|Drama|Thriller,4.22
82,28,Pulp Fiction (1994),Crime,Crime,4.4964
82,30,Schindler's List (1993),Drama,Drama,4.0705
82,12,"Usual Suspects, The (1995)",Crime,Crime,3.8779
82,34,GoodFellas (1990),Crime,Crime|Drama,4.5511
82,27,Forrest Gump (1994),Drama,Drama|Comedy|Romance,4.3002
82,31,Star Wars (1977),Sci-Fi,Action|Adventure|Sci-Fi,4.547
82,1,Toy Story (1995),Animation,Animation|Childrens|Comedy,4.0526
82,26,"Shawshank Redemption, The (1994)",Drama,Drama,4.2065
82,29,"Silence of the Lambs, The (1991)",Thriller,Thriller,4.474
83,33,Fargo (1996),Crime,Crime|Drama|Thriller,4.6686
83,30,Schindler's List (1993),Drama,Drama,4.8866
83,27,Forrest Gump (1994),Drama,Drama|Comedy|Romance,4.7547
83,26,"Shawshank Redemption, The (1994)",Drama,Drama,4.5006
83,34,GoodFellas (1990),Crime,Crime|Drama,4.6056
83,12,"Usual Suspects, The (1995)",Crime,Crime,4.9882
83,31,Star Wars (1977),Sci-Fi,Action|Adventure|Sci-Fi,3.9088
83,28,Pulp Fiction (1994),Crime,Crime,4.6007
83,29,"Silence of the Lambs, The (1991)",Thriller,Thriller,4.1401
83,1,Toy Story (1995),Animation,Animation|Childrens|Comedy,4.5681
84,30,Schindler's List (1993),Drama,Drama,4.3857
84,34,GoodFellas (1990),Crime,Crime|Drama,4.9294
84,12,"Usual Suspects, The (1995)",Crime,Crime,4.0726
84,31,Star Wars (1977),Sci-Fi,Action|Adventure|Sci-Fi,4.2676
84,27,Forrest Gump (1994),Drama,Drama|Comedy|Romance,4.5277
84,33,Fargo (1996),Crime,Crime|Drama|Thriller,4.7064
84,26,"Shawshank Redemption, The (1994)",Drama,Drama,4.882
84,28,Pulp Fiction (1994),Crime,Crime,4.8986
84,29,"Silence of the Lambs, The (1991)",Thriller,Thriller,4.732
84,1,Toy Story (1995),Animation,Animation|Childrens|Comedy,4.074
85,31,Star Wars (1977),Sci-Fi,Action|Adventure|Sci-Fi,4.8039
85,33,Fargo (1996),Crime,Crime|Drama|Thriller,4.0985
85,26,"Shawshank Redemption, The (1994)",Drama,Drama,4.3187
85,12,"Usual Suspects, The (1995)",Crime,Crime,4.6015
85,1,Toy Story (1995),Animation,Animation|Childrens|Comedy,4.3153
85,30,Schindler's List (1993),Drama,Drama,4.3295
85,34,GoodFellas (1990),Crime,Crime|Drama,3.8788
85,29,"Silence of the Lambs, The (1991)",Thriller,Thriller,4.2817
85,28,Pulp Fiction (1994),Crime,Crime,4.7178
85,27,Forrest Gump (1994),Drama,Drama|Comedy|Romance,4.8982
86,29,"Silence of the Lambs, The (1991)",Thriller,Thriller,4.3282
86,1,Toy Story (1995),Animation,Animation|Childrens|Comedy,4.7552
86,26,"Shawshank Redemption, The (1994)",Drama,Drama,4.5316
86,33,Fargo (1996),Crime,Crime|Drama|Thriller,3.9327
86,12,"Usual Suspects, The (1995)",Crime,Crime,4.5533
86,28,Pulp Fiction (1994),Crime,Crime,4.0241
86,30,Schindler's List (1993),Drama,Drama,4.4123
86,27,Forrest Gump (1994),Drama,Drama|Comedy|Romance,4.4349
86,31,Star Wars (1977),Sci-Fi,Action|Adventure|Sci-Fi,4.8514
86,34,GoodFellas (1990),Crime,Crime|Drama,4.355
87,31,Star Wars (1977),Sci-Fi,Action|Adventure|Sci-Fi,4.0246
87,30,Schindler's List (1993),Drama,Drama,4.728
87,34,GoodFellas (1990),Crime,Crime|Drama,4.3692
87,29,"Silence of the Lambs, The (1991)",Thriller,Thriller,4.2214
87,26,"Shawshank Redemption, The (1994)",Drama,Drama,4.2333
87,28,Pulp Fiction (1994),Crime,Crime,4.8227
87,33,Fargo (1996),Crime,Crime|Drama|Thriller,4.4645
87,1,Toy Story (1995),Animation,Animation|Childrens|Comedy,4.6614
87,27,Forrest Gump (1994),Drama,Drama|Comedy|Romance,4.8764
87,12,"Usual Suspects, The (1995)",Crime,Crime,4.8821
88,27,Forrest Gump (1994),Drama,Drama|Comedy|Romance,4.1277
88,30,Schindler's List (1993),Drama,Drama,4.1631
88,33,Fargo (1996),Crime,Crime|Drama|Thriller,4.5348
88,29,"Silence of the Lambs, The (1991)",Thriller,Thriller,4.326
88,1,Toy Story (1995),Animation,Animation|Childrens|Comedy,4.6721
88,12,"Usual Suspects, The (1995)",Crime,Crime,4.8739
88,34,GoodFellas (1990),Crime,Crime|Drama,4.609
88,26,"Shawshank Redemption, The (1994)",Drama,Drama,4.0454
88,28,Pulp Fiction (1994),Crime,Crime,4.9192
88,31,Star Wars (1977),Sci-Fi,Action|Adventure|Sci-Fi,4.1174
89,30,Schindler's List (1993),Drama,Drama,4.5251
89,29,"Silence of the Lambs, The (1991)",Thriller,Thriller,4.7801
89,27,Forrest Gump (1994),Drama,Drama|Comedy|Romance,4.7136
89,26,"Shawshank Redemption, The (1994)",Drama,Drama,4.115
89,28,Pulp Fiction (1994),Crime,Crime,4.0944
89,12,"Usual Suspects, The (1995)",Crime,Crime,4.9589
89,33,Fargo (1996),Crime,Crime|Drama|Thriller,3.8099
89,34,GoodFellas (1990),Crime,Crime|Drama,4.8557
89,31,Star Wars (1977),Sci-Fi,Action|Adventure|Sci-Fi,4.0397
89,1,Toy Story (1995),Animation,Animation|Childrens|Comedy,4.9367
90,34,GoodFellas (1990),Crime,Crime|Drama,4.3701
90,28,Pulp Fiction (1994),Crime,Crime,4.0687
90,26,"Shawshank Redemption, The (1994)",Drama,Drama,4.8238
90,33,Fargo (1996),Crime,Crime|Drama|Thriller,4.1048
90,12,"Usual Suspects, The (1995)",Crime,Crime,4.1679
90,27,Forrest Gump (1994),Drama,Drama|Comedy|Romance,4.8011
90,29,"Silence of the Lambs, The (1991)",Thriller,Thriller,4.1706
90,31,Star Wars (1977),Sci-Fi,Action|Adventure|Sci-Fi,4.2922
90,1,Toy Story (1995),Animation,Animation|Childrens|Comedy,4.2172
90,30,Schindler's List (1993),Drama,Drama,3.9397
91,27,Forrest Gump (1994),Drama,Drama|Comedy|Romance,3.9707
91,28,Pulp Fiction (1994),Crime,Crime,4.6502
91,31,Star Wars (1977),Sci-Fi,Action|Adventure|Sci-Fi,3.8815
91,26,"Shawshank Redemption, The (1994)",Drama,Drama,3.9298
91,1,Toy Story (1995),Animation,Animation|Childrens|Comedy,4.4107
91,12,"Usual Suspects, The (1995)",Crime,Crime,4.3578
91,33,Fargo (1996),Crime,Crime|Drama|Thriller,4.9419
91,34,GoodFellas (1990),Crime,Crime|Drama,4.9338
91,30,Schindler's List (1993),Drama,Drama,4.7355
91,29,"Silence of the Lambs, The (1991)",Thriller,Thriller,4.5225
92,29,"Silence of the Lambs, The (1991)",Thriller,Thriller,3.856
92,1,Toy Story (1995),Animation,Animation|Childrens|Comedy,4.9342
92,27,Forrest Gump (1994),Drama,Drama|Comedy|Romance,4.1765
92,12,"Usual Suspects, The (1995)",Crime,Crime,4.3311
92,31,Star Wars (1977),Sci-Fi,Action|Adventure|Sci-Fi,3.9376
92,33,Fargo (1996),Crime,Crime|Drama|Thriller,4.8043
92,30,Schindler's List (1993),Drama,Drama,3.8332
92,34,GoodFellas (1990),Crime,Crime|Drama,4.8008
92,26,"Shawshank Redemption, The (1994)",Drama,Drama,3.9683
92,28,Pulp Fiction (1994),Crime,Crime,4.8639
93,34,GoodFellas (1990),Crime,Crime|Drama,4.6916
93,33,Fargo (1996),Crime,Crime|Drama|Thriller,4.9002
93,28,Pulp Fiction (1994),Crime,Crime,4.821
93,12,"Usual Suspects, The (1995)",Crime,Crime,4.412
93,27,Forrest Gump (1994),Drama,Drama|Comedy|Romance,4.6628
93,31,Star Wars (1977),Sci-Fi,Action|Adventure|Sci-Fi,4.7609
93,30,Schindler's List (1993),Drama,Drama,4.3922
93,29,"Silence of the Lambs, The (1991)",Thriller,Thriller,3.9385
93,1,Toy Story (1995),Animation,Animation|Childrens|Comedy,4.3255
93,26,"Shawshank Redemption, The (1994)",Drama,Drama,4.811
94,31,Star Wars (1977),Sci-Fi,Action|Adventure|Sci-Fi,4.5844
94,1,Toy Story (1995),Animation,Animation|Childrens|Comedy,3.8226
94,12,"Usual Suspects, The (1995)",Crime,Crime,3.9528
94,33,Fargo (1996),Crime,Crime|Drama|Thriller,4.7384
94,29,"Silence of the Lambs, The (1991)",Thriller,Thriller,4.9616
94,34,GoodFellas (1990),Crime,Crime|Drama,4.1841
94,30,Schindler's List (1993),Drama,Drama,3.8446
94,26,"Shawshank Redemption, The (1994)",Drama,Drama,4.233
94,28,Pulp Fiction (1994),Crime,Crime,3.821
94,27,Forrest Gump (1994),Drama,Drama|Comedy|Romance,4.0308
95,33,Fargo (1996),Crime,Crime|Drama|Thriller,4.0628
95,30,Schindler's List (1993),Drama,Drama,4.4933
95,29,"Silence of the Lambs, The (1991)",Thriller,Thriller,3.8782
95,28,Pulp Fiction (1994),Crime,Crime,4.3211
95,34,GoodFellas (1990),Crime,Crime|Drama,3.9623
95,26,"Shawshank Redemption, The (1994)",Drama,Drama,4.1272
95,27,Forrest Gump (1994),Drama,Drama|Comedy|Romance,4.0289
95,31,Star Wars (1977),Sci-Fi,Action|Adventure|Sci-Fi,4.8596
95,1,Toy Story (1995),Animation,Animation|Childrens|Comedy,4.6496
95,12,"Usual Suspects, The (1995)",Crime,Crime,4.8422
96,31,Star Wars (1977),Sci-Fi,Action|Adventure|Sci-Fi,4.1388
96,29,"Silence of the Lambs, The (1991)",Thriller,Thriller,4.3777
96,34,GoodFellas (1990),Crime,Crime|Drama,3.8533
96,28,Pulp Fiction (1994),Crime,Crime,4.781
96,27,Forrest Gump (1994),Drama,Drama|Comedy|Romance,4.9879
96,33,Fargo (1996),Crime,Crime|Drama|Thriller,4.2883
96,26,"Shawshank Redemption, The (1994)",Drama,Drama,3.8132
96,12,"Usual Suspects, The (1995)",Crime,Crime,4.0038
96,1,Toy Story (1995),Animation,Animation|Childrens|Comedy,4.583
96,30,Schindler's List (1993),Drama,Drama,4.5345
97,1,Toy Story (1995),Animation,Animation|Childrens|Comedy,4.8598
97,34,GoodFellas (1990),Crime,Crime|Drama,4.9647
97,26,"Shawshank Redemption, The (1994)",Drama,Drama,4.3095
97,28,Pulp Fiction (1994),Crime,Crime,4.8018
97,12,"Usual Suspects, The (1995)",Crime,Crime,3.864
97,30,Schindler's List (1993),Drama,Drama,4.8171
97,33,Fargo (1996),Crime,Crime|Drama|Thriller,4.5554
97,29,"Silence of the Lambs, The (1991)",Thriller,Thriller,4.3864
97,31,Star Wars (1977),Sci-Fi,Action|Adventure|Sci-Fi,4.868
97,27,Forrest Gump (1994),Drama,Drama|Comedy|Romance,4.8144
98,12,"Usual Suspects, The (1995)",Crime,Crime,4.6197
98,30,Schindler's List (1993),Drama,Drama,4.4966
98,33,Fargo (1996),Crime,Crime|Drama|Thriller,4.5135
98,28,Pulp Fiction (1994),Crime,Crime,4.149
98,31,Star Wars (1977),Sci-Fi,Action|Adventure|Sci-Fi,4.1198
98,26,"Shawshank Redemption, The (1994)",Drama,Drama,4.715
98,34,GoodFellas (1990),Crime,Crime|Drama,4.1082
98,27,Forrest Gump (1994),Drama,Drama|Comedy|Romance,4.3355
98,29,"Silence of the Lambs, The (1991)",Thriller,Thriller,4.6337
98,1,Toy Story (1995),Animation,Animation|Childrens|Comedy,3.8955
99,27,Forrest Gump (1994),Drama,Drama|Comedy|Romance,4.0314
99,30,Schindler's List (1993),Drama,Drama,4.5529
99,1,Toy Story (1995),Animation,Animation|Childrens|Comedy,4.9753
99,33,Fargo (1996),Crime,Crime|Drama|Thriller,4.3573
99,31,Star Wars (1977),Sci-Fi,Action|Adventure|Sci-Fi,4.781
99,12,"Usual Suspects, The (1995)",Crime,Crime,4.4093
99,29,"Silence of the Lambs, The (1991)",Thriller,Thriller,4.395
99,28,Pulp Fiction (1994),Crime,Crime,4.9165
99,26,"Shawshank Redemption, The (1994)",Drama,Drama,4.868
99,34,GoodFellas (1990),Crime,Crime|Drama,4.743
100,29,"Silence of the Lambs, The (1991)",Thriller,Thriller,4.301
100,34,GoodFellas (1990),Crime,Crime|Drama,4.7097
100,1,Toy Story (1995),Animation,Animation|Childrens|Comedy,4.2719
100,31,Star Wars (1977),Sci-Fi,Action|Adventure|Sci-Fi,4.7916
100,26,"Shawshank Redemption, The (1994)",Drama,Drama,4.1208
100,33,Fargo (1996),Crime,Crime|Drama|Thriller,4.1331
100,30,Schindler's List (1993),Drama,Drama,4.4269
100,28,Pulp Fiction (1994),Crime,Crime,4.3169
100,12,"Usual Suspects, The (1995)",Crime,Crime,4.5777
100,27,Forrest Gump (1994),Drama,Drama|Comedy|Romance,4.2371
101,12,"Usual Suspects, The (1995)",Crime,Crime,4.6065
101,1,Toy Story (1995),Animation,Animation|Childrens|Comedy,3.8385
101,28,Pulp Fiction (1994),Crime,Crime,3.9601
101,27,Forrest Gump (1994),Drama,Drama|Comedy|Romance,4.6236
101,33,Fargo (1996),Crime,Crime|Drama|Thriller,4.0548
101,34,GoodFellas (1990),Crime,Crime|Drama,4.8291
101,31,Star Wars (1977),Sci-Fi,Action|Adventure|Sci-Fi,3.8703
101,29,"Silence of the Lambs, The (1991)",Thriller,Thriller,4.0586
101,26,"Shawshank Redemption, The (1994)",Drama,Drama,4.9983
101,30,Schindler's List (1993),Drama,Drama,4.3197
102,12,"Usual Suspects, The (1995)",Crime,Crime,3.9382
102,31,Star Wars (1977),Sci-Fi,Action|Adventure|Sci-Fi,4.3014
102,27,Forrest Gump (1994),Drama,Drama|Comedy|Romance,4.1157
102,30,Schindler's List (1993),Drama,Drama,3.8852
102,33,Fargo (1996),Crime,Crime|Drama|Thriller,4.4506
102,26,"Shawshank Redemption, The (1994)",Drama,Drama,4.867
102,28,Pulp Fiction (1994),Crime,Crime,4.6107
102,34,GoodFellas (1990),Crime,Crime|Drama,4.0996
102,29,"Silence of the Lambs, The (1991)",Thriller,Thriller,4.4883
102,1,Toy Story (1995),Animation,Animation|Childrens|Comedy,4.9319
103,29,"Silence of the Lambs, The (1991)",Thriller,Thriller,4.2172
103,34,GoodFellas (1990),Crime,Crime|Drama,4.9582
103,12,"Usual Suspects, The (1995)",Crime,Crime,4.3876
103,27,Forrest Gump (1994),Drama,Drama|Comedy|Romance,3.934
103,30,Schindler's List (1993),Drama,Drama,4.3503
103,26,"Shawshank Redemption, The (1994)",Drama,Drama,4.6364
103,31,Star Wars (1977),Sci-Fi,Action|Adventure|Sci-Fi,4.9971
103,33,Fargo (1996),Crime,Crime|Drama|Thriller,4.1887
103,28,Pulp Fiction (1994),Crime,Crime,4.4169
103,1,Toy Story (1995),Animation,Animation|Childrens|Comedy,4.8556
104,31,Star Wars (1977),Sci-Fi,Action|Adventure|Sci-Fi,3.8042
104,33,Fargo (1996),Crime,Crime|Drama|Thriller,4.9174
104,29,"Silence of the Lambs, The (1991)",Thriller,Thriller,4.2337
104,28,Pulp Fiction (1994),Crime,Crime,4.2763
104,12,"Usual Suspects, The (1995)",Crime,Crime,4.0089
104,34,GoodFellas (1990),Crime,Crime|Drama,4.2538
104,30,Schindler's List (1993),Drama,Drama,4.7647
104,26,"Shawshank Redemption, The (1994)",Drama,Drama,4.76
104,1,Toy Story (1995),Animation,Animation|Childrens|Comedy,4.923
104,27,Forrest Gump (1994),Drama,Drama|Comedy|Romance,4.2839
105,1,Toy Story (1995),Animation,Animation|Childrens|Comedy,4.4918
105,29,"Silence of the Lambs, The (1991)",Thriller,Thriller,4.9566
105,12,"Usual Suspects, The (1995)",Crime,Crime,4.0401
105,28,Pulp Fiction (1994),Crime,Crime,3.9143
105,27,Forrest Gump (1994),Drama,Drama|Comedy|Romance,3.9433
105,34,GoodFellas (1990),Crime,Crime|Drama,4.7397
105,26,"Shawshank Redemption, The (1994)",Drama,Drama,4.2201
105,33,Fargo (1996),Crime,Crime|Drama|Thriller,4.0692
105,30,Schindler's List (1993),Drama,Drama,4.2234
105,31,Star Wars (1977),Sci-Fi,Action|Adventure|Sci-Fi,4.5744
106,28,Pulp Fiction (1994),Crime,Crime,3.8877
106,27,Forrest Gump (1994),Drama,Drama|Comedy|Romance,4.3547
106,12,"Usual Suspects, The (1995)",Crime,Crime,4.1619
106,33,Fargo (1996),Crime,Crime|Drama|Thriller,4.5354
106,26,"Shawshank Redemption, The (1994)",Drama,Drama,3.8516
106,30,Schindler's List (1993),Drama,Drama,3.9461
106,1,Toy Story (1995),Animation,Animation|Childrens|Comedy,4.8382
106,34,GoodFellas (1990),Crime,Crime|Drama,4.4796
106,29,"Silence of the Lambs, The (1991)",Thriller,Thriller,4.6545
106,31,Star Wars (1977),Sci-Fi,Action|Adventure|Sci-Fi,4.8104
107,1,Toy Story (1995),Animation,Animation|Childrens|Comedy,3.9467
107,27,Forrest Gump (1994),Drama,Drama|Comedy|Romance,4.8183
107,34,GoodFellas (1990),Crime,Crime|Drama,4.2969
107,12,"Usual Suspects, The (1995)",Crime,Crime,4.1044
107,30,Schindler's List (1993),Drama,Drama,4.8437
107,28,Pulp Fiction (1994),Crime,Crime,4.3184
107,33,Fargo (1996),Crime,Crime|Drama|Thriller,4.77
107,26,"Shawshank Redemption, The (1994)",Drama,Drama,4.1161
107,31,Star Wars (1977),Sci-Fi,Action|Adventure|Sci-Fi,3.8047
107,29,"Silence of the Lambs, The (1991)",Thriller,Thriller,4.3946
108,34,GoodFellas (1990),Crime,Crime|Drama,4.5766
108,27,Forrest Gump (1994),Drama,Drama|Comedy|Romance,4.9009
108,1,Toy Story (1995),Animation,Animation|Childrens|Comedy,4.6158
108,30,Schindler's List (1993),Drama,Drama,4.7732
108,33,Fargo (1996),Crime,Crime|Drama|Thriller,3.9308
108,29,"Silence of the Lambs, The (1991)",Thriller,Thriller,4.1009
108,12,"Usual Suspects, The (1995)",Crime,Crime,4.8734
108,26,"Shawshank Redemption, The (1994)",Drama,Drama,4.6581
108,31,Star Wars (1977),Sci-Fi,Action|Adventure|Sci-Fi,4.5675
108,28,Pulp Fiction (1994),Crime,Crime,4.5965
109,33,Fargo (1996),Crime,Crime|Drama|Thriller,4.7741
109,26,"Shawshank Redemption, The (1994)",Drama,Drama,4.7107
109,34,GoodFellas (1990),Crime,Crime|Drama,4.119
109,30,Schindler's List (1993),Drama,Drama,3.9813
109,27,Forrest Gump (1994),Drama,Drama|Comedy|Romance,4.6408
109,31,Star Wars (1977),Sci-Fi,Action|Adventure|Sci-Fi,4.1092
109,28,Pulp Fiction (1994),Crime,Crime,4.9072
109,12,"Usual Suspects, The (1995)",Crime,Crime,3.9551
109,1,Toy Story (1995),Animation,Animation|Childrens|Comedy,4.182
109,29,"Silence of the Lambs, The (1991)",Thriller,Thriller,3.8657
110,1,Toy Story (1995),Animation,Animation|Childrens|Comedy,4.8843
110,34,GoodFellas (1990),Crime,Crime|Drama,4.0868
110,26,"Shawshank Redemption, The (1994)",Drama,Drama,4.0478
110,30,Schindler's List (1993),Drama,Drama,4.9638
110,31,Star Wars (1977),Sci-Fi,Action|Adventure|Sci-Fi,3.83
110,27,Forrest Gump (1994),Drama,Drama|Comedy|Romance,4.7429
110,12,"Usual Suspects, The (1995)",Crime,Crime,4.1856
110,28,Pulp Fiction (1994),Crime,Crime,3.845
110,33,Fargo (1996),Crime,Crime|Drama|Thriller,4.9014
110,29,"Silence of the Lambs, The (1991)",Thriller,Thriller,3.9676
111,27,Forrest Gump (1994),Drama,Drama|Comedy|Romance,4.3501
111,1,Toy Story (1995),Animation,Animation|Childrens|Comedy,4.1325
111,28,Pulp Fiction (1994),Crime,Crime,4.3569
111,12,"Usual Suspects, The (1995)",Crime,Crime,4.34
111,30,Schindler's List (1993),Drama,Drama,4.5005
111,29,"Silence of the Lambs, The (1991)",Thriller,Thriller,4.1379
111,33,Fargo (1996),Crime,Crime|Drama|Thriller,3.8931
111,31,Star Wars (1977),Sci-Fi,Action|Adventure|Sci-Fi,3.9741
111,26,"Shawshank Redemption, The (1994)",Drama,Drama,4.639
111,34,GoodFellas (1990),Crime,Crime|Drama,3.827
112,34,GoodFellas (1990),Crime,Crime|Drama,4.322
112,12,"Usual Suspects, The (1995)",Crime,Crime,4.6728
112,1,Toy Story (1995),Animation,Animation|Childrens|Comedy,4.1235
112,31,Star Wars (1977),Sci-Fi,Action|Adventure|Sci-Fi,3.9202
112,26,"Shawshank Redemption, The (1994)",Drama,Drama,4.2229
112,30,Schindler's List (1993),Drama,Drama,4.2836
112,28,Pulp Fiction (1994),Crime,Crime,3.8198
112,29,"Silence of the Lambs, The (1991)",Thriller,Thriller,4.7778
112,27,Forrest Gump (1994),Drama,Drama|Comedy|Romance,4.231
112,33,Fargo (1996),Crime,Crime|Drama|Thriller,4.4965
113,33,Fargo (1996),Crime,Crime|Drama|Thriller,4.7766
113,27,Forrest Gump (1994),Drama,Drama|Comedy|Romance,4.2568
113,12,"Usual Suspects, The (1995)",Crime,Crime,4.4462
113,31,Star Wars (1977),Sci-Fi,Action|Adventure|Sci-Fi,4.8702
113,26,"Shawshank Redemption, The (1994)",Drama,Drama,4.8966
113,34,GoodFellas (1990),Crime,Crime|Drama,4.0589
113,1,Toy Story (1995),Animation,Animation|Childrens|Comedy,3.8523
113,28,Pulp Fiction (1994),Crime,Crime,4.1665
113,29,"Silence of the Lambs, The (1991)",Thriller,Thriller,4.635
113,30,Schindler's List (1993),Drama,Drama,4.9413
114,27,Forrest Gump (1994),Drama,Drama|Comedy|Romance,3.8443
114,30,Schindler's List (1993),Drama,Drama,4.0638
114,29,"Silence of the Lambs, The (1991)",Thriller,Thriller,4.1715
114,34,GoodFellas (1990),Crime,Crime|Drama,4.5403
114,31,Star Wars (1977),Sci-Fi,Action|Adventure|Sci-Fi,4.4409
114,1,Toy Story (1995),Animation,Animation|Childrens|Comedy,4.0619
114,33,Fargo (1996),Crime,Crime|Drama|Thriller,3.9971
114,28,Pulp Fiction (1994),Crime,Crime,4.0842
114,26,"Shawshank Redemption, The (1994)",Drama,Drama,4.403
114,12,"Usual Suspects, The (1995)",Crime,Crime,4.1254
115,28,Pulp Fiction (1994),Crime,Crime,4.6808
115,31,Star Wars (1977),Sci-Fi,Action|Adventure|Sci-Fi,4.0079
115,34,GoodFellas (1990),Crime,Crime|Drama,4.1428
115,12,"Usual Suspects, The (1995)",Crime,Crime,4.8377
115,1,Toy Story (1995),Animation,Animation|Childrens|Comedy,4.8621
115,26,"Shawshank Redemption, The (1994)",Drama,Drama,3.8539
115,29,"Silence of the Lambs, The (1991)",Thriller,Thriller,4.0017
115,30,Schindler's List (1993),Drama,Drama,3.941
115,27,Forrest Gump (1994),Drama,Drama|Comedy|Romance,4.0156
115,33,Fargo (1996),Crime,Crime|Drama|Thriller,4.9642
116,1,Toy Story (1995),Animation,Animation|Childrens|Comedy,4.1993
116,34,GoodFellas (1990),Crime,Crime|Drama,4.2585
116,29,"Silence of the Lambs, The (1991)",Thriller,Thriller,4.5133
116,33,Fargo (1996),Crime,Crime|Drama|Thriller,3.8837
116,30,Schindler's List (1993),Drama,Drama,4.1071
116,27,Forrest Gump (1994),Drama,Drama|Comedy|Romance,4.0362
116,31,Star Wars (1977),Sci-Fi,Action|Adventure|Sci-Fi,3.8191
116,26,"Shawshank Redemption, The (1994)",Drama,Drama,4.4443
116,12,"Usual Suspects, The (1995)",Crime,Crime,4.4733
116,28,Pulp Fiction (1994),Crime,Crime,4.2607
117,12,"Usual Suspects, The (1995)",Crime,Crime,3.9972
117,27,Forrest Gump (1994),Drama,Drama|Comedy|Romance,4.7039
117,29,"Silence of the Lambs, The (1991)",Thriller,Thriller,4.713
117,1,Toy Story (1995),Animation,Animation|Childrens|Comedy,3.8719
117,28,Pulp Fiction (1994),Crime,Crime,3.8225
117,34,GoodFellas (1990),Crime,Crime|Drama,4.9687
117,30,Schindler's List (1993),Drama,Drama,4.0321
117,31,Star Wars (1977),Sci-Fi,Action|Adventure|Sci-Fi,4.7866
117,33,Fargo (1996),Crime,Crime|Drama|Thriller,4.4742
117,26,"Shawshank Redemption, The (1994)",Drama,Drama,4.1174
118,12,"Usual Suspects, The (1995)",Crime,Crime,4.7663
118,34,GoodFellas (1990),Crime,Crime|Drama,4.1293
118,1,Toy Story (1995),Animation,Animation|Childrens|Comedy,4.8547
118,26,"Shawshank Redemption, The (1994)",Drama,Drama,4.8001
118,27,Forrest Gump (1994),Drama,Drama|Comedy|Romance,4.915
118,28,Pulp Fiction (1994),Crime,Crime,4.3504
118,33,Fargo (1996),Crime,Crime|Drama|Thriller,4.7223
118,29,"Silence of the Lambs, The (1991)",Thriller,Thriller,4.51
118,31,Star Wars (1977),Sci-Fi,Action|Adventure|Sci-Fi,4.1726
118,30,Schindler's List (1993),Drama,Drama,4.9933
119,12,"Usual Suspects, The (1995)",Crime,Crime,4.6841
119,31,Star Wars (1977),Sci-Fi,Action|Adventure|Sci-Fi,4.0587
119,1,Toy Story (1995),Animation,Animation|Childrens|Comedy,4.2792
119,29,"Silence of the Lambs, The (1991)",Thriller,Thriller,4.4095
119,33,Fargo (1996),Crime,Crime|Drama|Thriller,4.7722
119,30,Schindler's List (1993),Drama,Drama,4.8069
119,27,Forrest Gump (1994),Drama,Drama|Comedy|Romance,4.8917
119,28,Pulp Fiction (1994),Crime,Crime,4.4111
119,26,"Shawshank Redemption, The (1994)",Drama,Drama,4.6331
119,34,GoodFellas (1990),Crime,Crime|Drama,3.9342
120,29,"Silence of the Lambs, The (1991)",Thriller,Thriller,4.947
120,28,Pulp Fiction (1994),Crime,Crime,4.4172
120,27,Forrest Gump (1994),Drama,Drama|Comedy|Romance,4.7582
120,30,Schindler's List (1993),Drama,Drama,4.9574
120,33,Fargo (1996),Crime,Crime|Drama|Thriller,3.9815
120,1,Toy Story (1995),Animation,Animation|Childrens|Comedy,3.8219
120,26,"Shawshank Redemption, The (1994)",Drama,Drama,4.8428
120,31,Star Wars (1977),Sci-Fi,Action|Adventure|Sci-Fi,4.0343
120,34,GoodFellas (1990),Crime,Crime|Drama,3.851
120,12,"Usual Suspects, The (1995)",Crime,Crime,3.9921
121,30,Schindler's List (1993),Drama,Drama,4.845
121,12,"Usual Suspects, The (1995)",Crime,Crime,4.8441
121,33,Fargo (1996),Crime,Crime|Drama|Thriller,4.4947
121,29,"Silence of the Lambs, The (1991)",Thriller,Thriller,4.3158
121,34,GoodFellas (1990),Crime,Crime|Drama,4.5699
121,26,"Shawshank Redemption, The (1994)",Drama,Drama,4.7819
121,28,Pulp Fiction (1994),Crime,Crime,3.8068
121,1,Toy Story (1995),Animation,Animation|Childrens|Comedy,4.9904
121,31,Star Wars (1977),Sci-Fi,Action|Adventure|Sci-Fi,4.0195
121,27,Forrest Gump (1994),Drama,Drama|Comedy|Romance,4.3643
122,27,Forrest Gump (1994),Drama,Drama|Comedy|Romance,4.2482
122,12,"Usual Suspects, The (1995)",Crime,Crime,4.9918
122,34,GoodFellas (1990),Crime,Crime|Drama,4.9938
122,31,Star Wars (1977),Sci-Fi,Action|Adventure|Sci-Fi,3.9377
122,26,"Shawshank Redemption, The (1994)",Drama,Drama,4.6712
122,29,"Silence of the Lambs, The (1991)",Thriller,Thriller,3.8621
122,28,Pulp Fiction (1994),Crime,Crime,3.8362
122,33,Fargo (1996),Crime,Crime|Drama|Thriller,3.9264
122,30,Schindler's List (1993),Drama,Drama,4.9586
122,1,Toy Story (1995),Animation,Animation|Childrens|Comedy,4.929
123,1,Toy Story (1995),Animation,Animation|Childrens|Comedy,4.4845
123,33,Fargo (1996),Crime,Crime|Drama|Thriller,3.9109
123,12,"Usual Suspects, The (1995)",Crime,Crime,4.3162
123,27,Forrest Gump (1994),Drama,Drama|Comedy|Romance,4.504
123,26,"Shawshank Redemption, The (1994)",Drama,Drama,4.8914
123,28,Pulp Fiction (1994),Crime,Crime,4.0262
123,30,Schindler's List (1993),Drama,Drama,4.7671
123,31,Star Wars (1977),Sci-Fi,Action|Adventure|Sci-Fi,3.9567
123,34,GoodFellas (1990),Crime,Crime|Drama,4.0907
123,29,"Silence of the Lambs, The (1991)",Thriller,Thriller,4.092
124,26,"Shawshank Redemption, The (1994)",Drama,Drama,4.9034
124,12,"Usual Suspects, The (1995)",Crime,Crime,4.4398
124,29,"Silence of the Lambs, The (1991)",Thriller,Thriller,3.9201
124,28,Pulp Fiction (1994),Crime,Crime,4.5064
124,34,GoodFellas (1990),Crime,Crime|Drama,4.7341
124,1,Toy Story (1995),Animation,Animation|Childrens|Comedy,3.912
124,30,Schindler's List (1993),Drama,Drama,4.0072
124,33,Fargo (1996),Crime,Crime|Drama|Thriller,3.8147
124,31,Star Wars (1977),Sci-Fi,Action|Adventure|Sci-Fi,4.5124
124,27,Forrest Gump (1994),Drama,Drama|Comedy|Romance,4.8641
125,28,Pulp Fiction (1994),Crime,Crime,4.8672
125,30,Schindler's List (1993),Drama,Drama,4.8569
125,31,Star Wars (1977),Sci-Fi,Action|Adventure|Sci-Fi,4.7092
125,27,Forrest Gump (1994),Drama,Drama|Comedy|Romance,4.4762
125,26,"Shawshank Redemption, The (1994)",Drama,Drama,3.944
125,1,Toy Story (1995),Animation,Animation|Childrens|Comedy,4.4384
125,29,"Silence of the Lambs, The (1991)",Thriller,Thriller,4.2282
125,12,"Usual Suspects, The (1995)",Crime,Crime,4.7507
125,34,GoodFellas (1990),Crime,Crime|Drama,4.7098
125,33,Fargo (1996),Crime,Crime|Drama|Thriller,4.8927
126,1,Toy Story (1995),Animation,Animation|Childrens|Comedy,4.5545
126,34,GoodFellas (1990),Crime,Crime|Drama,4.5556
126,31,Star Wars (1977),Sci-Fi,Action|Adventure|Sci-Fi,4.9843
126,29,"Silence of the Lambs, The (1991)",Thriller,Thriller,4.2777
126,12,"Usual Suspects, The (1995)",Crime,Crime,4.1983
126,26,"Shawshank Redemption, The (1994)",Drama,Drama,4.5493
126,28,Pulp Fiction (1994),Crime,Crime,4.7907
126,27,Forrest Gump (1994),Drama,Drama|Comedy|Romance,4.9241
126,30,Schindler's List (1993),Drama,Drama,4.7637
126,33,Fargo (1996),Crime,Crime|Drama|Thriller,4.312
127,12,"Usual Suspects, The (1995)",Crime,Crime,3.8002
127,27,Forrest Gump (1994),Drama,Drama|Comedy|Romance,4.6619
127,28,Pulp Fiction (1994),Crime,Crime,3.9333
127,31,Star Wars (1977),Sci-Fi,Action|Adventure|Sci-Fi,4.0926
127,34,GoodFellas (1990),Crime,Crime|Drama,4.1575
127,33,Fargo (1996),Crime,Crime|Drama|Thriller,4.4725
127,29,"Silence of the Lambs, The (1991)",Thriller,Thriller,4.2775
127,1,Toy Story (1995),Animation,Animation|Childrens|Comedy,4.6096
127,30,Schindler's List (1993),Drama,Drama,3.8668
127,26,"Shawshank Redemption, The (1994)",Drama,Drama,3.9487
128,34,GoodFellas (1990),Crime,Crime|Drama,4.7815
128,30,Schindler's List (1993),Drama,Drama,4.6303
128,27,Forrest Gump (1994),Drama,Drama|Comedy|Romance,4.5957
128,12,"Usual Suspects, The (1995)",Crime,Crime,4.4321
128,1,Toy Story (1995),Animation,Animation|Childrens|Comedy,3.9151
128,29,"Silence of the Lambs, The (1991)",Thriller,Thriller,4.2824
128,28,Pulp Fiction (1994),Crime,Crime,4.9488
128,26,"Shawshank Redemption, The (1994)",Drama,Drama,4.9947
128,33,Fargo (1996),Crime,Crime|Drama|Thriller,4.6766
128,31,Star Wars (1977),Sci-Fi,Action|Adventure|Sci-Fi,4.073
129,31,Star Wars (1977),Sci-Fi,Action|Adventure|Sci-Fi,3.8576
129,26,"Shawshank Redemption, The (1994)",Drama,Drama,4.4805
129,1,Toy Story (1995),Animation,Animation|Childrens|Comedy,4.0915
129,27,Forrest Gump (1994),Drama,Drama|Comedy|Romance,4.6813
129,30,Schindler's List (1993),Drama,Drama,4.6235
129,33,Fargo (1996),Crime,Crime|Drama|Thriller,4.1817
129,29,"Silence of the Lambs, The (1991)",Thriller,Thriller,4.0122
129,12,"Usual Suspects, The (1995)",Crime,Crime,3.9229
129,28,Pulp Fiction (1994),Crime,Crime,4.6848
129,34,GoodFellas (1990),Crime,Crime|Drama,4.3405
130,33,Fargo (1996),Crime,Crime|Drama|Thriller,4.2657
130,29,"Silence of the Lambs, The (1991)",Thriller,Thriller,4.0227
130,27,Forrest Gump (1994),Drama,Drama|Comedy|Romance,4.7507
130,28,Pulp Fiction (1994),Crime,Crime,4.2993
130,26,"Shawshank Redemption, The (1994)",Drama,Drama,3.9121
130,12,"Usual Suspects, The (1995)",Crime,Crime,4.3812
130,30,Schindler's List (1993),Drama,Drama,3.909
130,31,Star Wars (1977),Sci-Fi,Action|Adventure|Sci-Fi,3.9547
130,1,Toy Story (1995),Animation,Animation|Childrens|Comedy,4.0875
130,34,GoodFellas (1990),Crime,Crime|Drama,4.8314
131,27,Forrest Gump (1994),Drama,Drama|Comedy|Romance,4.992
131,33,Fargo (1996),Crime,Crime|Drama|Thriller,3.9579
131,34,GoodFellas (1990),Crime,Crime|Drama,3.8592
131,30,Schindler's List (1993),Drama,Drama,4.6332
131,28,Pulp Fiction (1994),Crime,Crime,4.7987
131,12,"Usual Suspects, The (1995)",Crime,Crime,4.8156
131,26,"Shawshank Redemption, The (1994)",Drama,Drama,4.6142
131,31,Star Wars (1977),Sci-Fi,Action|Adventure|Sci-Fi,4.9448
131,1,Toy Story (1995),Animation,Animation|Childrens|Comedy,4.4132
131,29,"Silence of the Lambs, The (1991)",Thriller,Thriller,4.8966
132,33,Fargo (1996),Crime,Crime|Drama|Thriller,4.4558
132,30,Schindler's List (1993),Drama,Drama,4.3066
132,27,Forrest Gump (1994),Drama,Drama|Comedy|Romance,4.5424
132,34,GoodFellas (1990),Crime,Crime|Drama,4.3326
132,29,"Silence of the Lambs, The (1991)",Thriller,Thriller,4.0953
132,26,"Shawshank Redemption, The (1994)",Drama,Drama,4.615
132,31,Star Wars (1977),Sci-Fi,Action|Adventure|Sci-Fi,4.8479
132,12,"Usual Suspects, The (1995)",Crime,Crime,4.2474
132,1,Toy Story (1995),Animation,Animation|Childrens|Comedy,4.8098
132,28,Pulp Fiction (1994),Crime,Crime,4.3173
133,12,"Usual Suspects, The (1995)",Crime,Crime,3.9702
133,1,Toy Story (1995),Animation,Animation|Childrens|Comedy,3.8045
133,33,Fargo (1996),Crime,Crime|Drama|Thriller,4.4386
133,34,GoodFellas (1990),Crime,Crime|Drama,3.9286
133,31,Star Wars (1977),Sci-Fi,Action|Adventure|Sci-Fi,4.2701
133,29,"Silence of the Lambs, The (1991)",Thriller,Thriller,4.5071
133,28,Pulp Fiction (1994),Crime,Crime,4.1308
133,26,"Shawshank Redemption, The (1994)",Drama,Drama,4.0103
133,27,Forrest Gump (1994),Drama,Drama|Comedy|Romance,4.7297
133,30,Schindler's List (1993),Drama,Drama,4.9361
134,12,"Usual Suspects, The (1995)",Crime,Crime,4.4492
134,26,"Shawshank Redemption, The (1994)",Drama,Drama,4.8708
134,29,"Silence of the Lambs, The (1991)",Thriller,Thriller,4.616
134,34,GoodFellas (1990),Crime,Crime|Drama,4.664
134,33,Fargo (1996),Crime,Crime|Drama|Thriller,3.902
134,31,Star Wars (1977),Sci-Fi,Action|Adventure|Sci-Fi,3.9278
134,27,Forrest Gump (1994),Drama,Drama|Comedy|Romance,3.9528
134,1,Toy Story (1995),Animation,Animation|Childrens|Comedy,4.8853
134,30,Schindler's List (1993),Drama,Drama,4.431
134,28,Pulp Fiction (1994),Crime,Crime,4.7499
135,28,Pulp Fiction (1994),Crime,Crime,4.5491
135,12,"Usual Suspects, The (1995)",Crime,Crime,3.8872
135,1,Toy Story (1995),Animation,Animation|Childrens|Comedy,4.8041
135,29,"Silence of the Lambs, The (1991)",Thriller,Thriller,4.0095
135,34,GoodFellas (1990),Crime,Crime|Drama,3.885
135,30,Schindler's List (1993),Drama,Drama,4.2803
135,31,Star Wars (1977),Sci-Fi,Action|Adventure|Sci-Fi,4.4923
135,33,Fargo (1996),Crime,Crime|Drama|Thriller,4.8259
135,27,Forrest Gump (1994),Drama,Drama|Comedy|Romance,4.9691
135,26,"Shawshank Redemption, The (1994)",Drama,Drama,4.3274
136,29,"Silence of the Lambs, The (1991)",Thriller,Thriller,4.2064
136,26,"Shawshank Redemption, The (1994)",Drama,Drama,4.7084
136,28,Pulp Fiction (1994),Crime,Crime,4.4527
136,33,Fargo (1996),Crime,Crime|Drama|Thriller,4.8522
136,27,Forrest Gump (1994),Drama,Drama|Comedy|Romance,4.4523
136,1,Toy Story (1995),Animation,Animation|Childrens|Comedy,4.0859
136,31,Star Wars (1977),Sci-Fi,Action|Adventure|Sci-Fi,4.8213
136,34,GoodFellas (1990),Crime,Crime|Drama,4.4687
136,30,Schindler's List (1993),Drama,Drama,4.0482
136,12,"Usual Suspects, The (1995)",Crime,Crime,4.5482
137,26,"Shawshank Redemption, The (1994)",Drama,Drama,4.9921
137,29,"Silence of the Lambs, The (1991)",Thriller,Thriller,4.6145
137,1,Toy Story (1995),Animation,Animation|Childrens|Comedy,4.0782
137,30,Schindler's List (1993),Drama,Drama,3.9298
137,27,Forrest Gump (1994),Drama,Drama|Comedy|Romance,4.5691
137,33,Fargo (1996),Crime,Crime|Drama|Thriller,4.4278
137,12,"Usual Suspects, The (1995)",Crime,Crime,4.879
137,34,GoodFellas (1990),Crime,Crime|Drama,4.6719
137,31,Star Wars (1977),Sci-Fi,Action|Adventure|Sci-Fi,4.4117
137,28,Pulp Fiction (1994),Crime,Crime,4.2843
138,33,Fargo (1996),Crime,Crime|Drama|Thriller,4.4944
138,31,Star Wars (1977),Sci-Fi,Action|Adventure|Sci-Fi,4.5762
138,1,Toy Story (1995),Animation,Animation|Childrens|Comedy,4.9167
138,28,Pulp Fiction (1994),Crime,Crime,4.314
138,34,GoodFellas (1990),Crime,Crime|Drama,4.1977
138,27,Forrest Gump (1994),Drama,Drama|Comedy|Romance,4.9727
138,12,"Usual Suspects, The (1995)",Crime,Crime,4.8361
138,30,Schindler's List (1993),Drama,Drama,4.1877
138,29,"Silence of the Lambs, The (1991)",Thriller,Thriller,4.3565
138,26,"Shawshank Redemption, The (1994)",Drama,Drama,4.2981
139,33,Fargo (1996),Crime,Crime|Drama|Thriller,4.3295
139,27,Forrest Gump (1994),Drama,Drama|Comedy|Romance,4.6053
139,30,Schindler's List (1993),Drama,Drama,3.8389
139,28,Pulp Fiction (1994),Crime,Crime,4.5035
139,29,"Silence of the Lambs, The (1991)",Thriller,Thriller,4.4645
139,34,GoodFellas (1990),Crime,Crime|Drama,4.216
139,26,"Shawshank Redemption, The (1994)",Drama,Drama,4.0418
139,1,Toy Story (1995),Animation,Animation|Childrens|Comedy,4.7691
139,31,Star Wars (1977),Sci-Fi,Action|Adventure|Sci-Fi,3.8646
139,12,"Usual Suspects, The (1995)",Crime,Crime,3.8836
140,31,Star Wars (1977),Sci-Fi,Action|Adventure|Sci-Fi,4.6886
140,29,"Silence of the Lambs, The (1991)",Thriller,Thriller,4.8348
140,30,Schindler's List (1993),Drama,Drama,4.2143
140,34,GoodFellas (1990),Crime,Crime|Drama,4.2079
140,12,"Usual Suspects, The (1995)",Crime,Crime,4.8799
140,26,"Shawshank Redemption, The (1994)",Drama,Drama,3.8597
140,33,Fargo (1996),Crime,Crime|Drama|Thriller,4.2202
140,27,Forrest Gump (1994),Drama,Drama|Comedy|Romance,3.9424
140,1,Toy Story (1995),Animation,Animation|Childrens|Comedy,3.8348
140,28,Pulp Fiction (1994),Crime,Crime,3.9354
141,28,Pulp Fiction (1994),Crime,Crime,4.3119
141,33,Fargo (1996),Crime,Crime|Drama|Thriller,4.0231
141,26,"Shawshank Redemption, The (1994)",Drama,Drama,3.9333
141,27,Forrest Gump (1994),Drama,Drama|Comedy|Romance,4.6673
141,34,GoodFellas (1990),Crime,Crime|Drama,4.121
141,1,Toy Story (1995),Animation,Animation|Childrens|Comedy,4.7841
141,29,"Silence of the Lambs, The (1991)",Thriller,Thriller,4.9947
141,31,Star Wars (1977),Sci-Fi,Action|Adventure|Sci-Fi,3.8919
141,12,"Usual Suspects, The (1995)",Crime,Crime,4.3676
141,30,Schindler's List (1993),Drama,Drama,4.7625
142,31,Star Wars (1977),Sci-Fi,Action|Adventure|Sci-Fi,4.4216
142,30,Schindler's List (1993),Drama,Drama,4.0717
142,1,Toy Story (1995),Animation,Animation|Childrens|Comedy,4.4951
142,34,GoodFellas (1990),Crime,Crime|Drama,4.4944
142,26,"Shawshank Redemption, The (1994)",Drama,Drama,4.0483
142,28,Pulp Fiction (1994),Crime,Crime,4.7548
142,33,Fargo (1996),Crime,Crime|Drama|Thriller,4.558
142,12,"Usual Suspects, The (1995)",Crime,Crime,4.1813
142,27,Forrest Gump (1994),Drama,Drama|Comedy|Romance,4.0786
142,29,"Silence of the Lambs, The (1991)",Thriller,Thriller,4.8545
143,1,Toy Story (1995),Animation,Animation|Childrens|Comedy,4.6042
143,31,Star Wars (1977),Sci-Fi,Action|Adventure|Sci-Fi,4.0102
143,29,"Silence of the Lambs, The (1991)",Thriller,Thriller,4.3685
143,34,GoodFellas (1990),Crime,Crime|Drama,4.5782
143,28,Pulp Fiction (1994),Crime,Crime,3.8339
143,33,Fargo (1996),Crime,Crime|Drama|Thriller,3.8179
143,12,"Usual Suspects, The (1995)",Crime,Crime,3.9553
143,30,Schindler's List (1993),Drama,Drama,4.102
143,26,"Shawshank Redemption, The (1994)",Drama,Drama,4.3155
143,27,Forrest Gump (1994),Drama,Drama|Comedy|Romance,4.3849
144,28,Pulp Fiction (1994),Crime,Crime,4.7392
144,34,GoodFellas (1990),Crime,Crime|Drama,4.8062
144,30,Schindler's List (1993),Drama,Drama,4.5005
144,33,Fargo (1996),Crime,Crime|Drama|Thriller,4.2836
144,29,"Silence of the Lambs, The (1991)",Thriller,Thriller,4.9358
144,26,"Shawshank Redemption, The (1994)",Drama,Drama,4.0958
144,12,"Usual Suspects, The (1995)",Crime,Crime,4.7637
144,27,Forrest Gump (1994),Drama,Drama|Comedy|Romance,4.5345
144,1,Toy Story (1995),Animation,Animation|Childrens|Comedy,4.2523
144,31,Star Wars (1977),Sci-Fi,Action|Adventure|Sci-Fi,3.8016
145,1,Toy Story (1995),Animation,Animation|Childrens|Comedy,4.3096
145,28,Pulp Fiction (1994),Crime,Crime,4.2703
145,12,"Usual Suspects, The (1995)",Crime,Crime,4.4161
145,31,Star Wars (1977),Sci-Fi,Action|Adventure|Sci-Fi,4.7715
145,26,"Shawshank Redemption, The (1994)",Drama,Drama,4.4644
145,30,Schindler's List (1993),Drama,Drama,4.816
145,34,GoodFellas (1990),Crime,Crime|Drama,4.4223
145,27,Forrest Gump (1994),Drama,Drama|Comedy|Romance,4.5246
145,33,Fargo (1996),Crime,Crime|Drama|Thriller,4.3249
145,29,"Silence of the Lambs, The (1991)",Thriller,Thriller,4.7877
146,30,Schindler's List (1993),Drama,Drama,4.0267
146,27,Forrest Gump (1994),Drama,Drama|Comedy|Romance,4.1078
146,28,Pulp Fiction (1994),Crime,Crime,3.864
146,12,"Usual Suspects, The (1995)",Crime,Crime,4.9585
146,34,GoodFellas (1990),Crime,Crime|Drama,4.8224
146,29,"Silence of the Lambs, The (1991)",Thriller,Thriller,4.8958
146,33,Fargo (1996),Crime,Crime|Drama|Thriller,4.8167
146,1,Toy Story (1995),Animation,Animation|Childrens|Comedy,4.3754
146,31,Star Wars (1977),Sci-Fi,Action|Adventure|Sci-Fi,4.9089
146,26,"Shawshank Redemption, The (1994)",Drama,Drama,4.9634
147,30,Schindler's List (1993),Drama,Drama,4.8342
147,12,"Usual Suspects, The (1995)",Crime,Crime,4.9206
147,27,Forrest Gump (1994),Drama,Drama|Comedy|Romance,4.8727
147,33,Fargo (1996),Crime,Crime|Drama|Thriller,4.7315
147,29,"Silence of the Lambs, The (1991)",Thriller,Thriller,4.6619
147,31,Star Wars (1977),Sci-Fi,Action|Adventure|Sci-Fi,4.1177
147,1,Toy Story (1995),Animation,Animation|Childrens|Comedy,4.5456
147,28,Pulp Fiction (1994),Crime,Crime,4.4258
147,26,"Shawshank Redemption, The (1994)",Drama,Drama,4.8343
147,34,GoodFellas (1990),Crime,Crime|Drama,4.3901
148,12,"Usual Suspects, The (1995)",Crime,Crime,4.3823
148,28,Pulp Fiction (1994),Crime,Crime,4.7417
148,29,"Silence of the Lambs, The (1991)",Thriller,Thriller,4.3826
148,1,Toy Story (1995),Animation,Animation|Childrens|Comedy,4.2026
148,31,Star Wars (1977),Sci-Fi,Action|Adventure|Sci-Fi,3.8988
148,34,GoodFellas (1990),Crime,Crime|Drama,4.4604
148,33,Fargo (1996),Crime,Crime|Drama|Thriller,4.1255
148,27,Forrest Gump (1994),Drama,Drama|Comedy|Romance,4.5379
148,26,"Shawshank Redemption, The (1994)",Drama,Drama,4.9726
148,30,Schindler's List (1993),Drama,Drama,3.9336
149,26,"Shawshank Redemption, The (1994)",Drama,Drama,4.4355
149,31,Star Wars (1977),Sci-Fi,Action|Adventure|Sci-Fi,4.7147
149,34,GoodFellas (1990),Crime,Crime|Drama,3.847
149,30,Schindler's List (1993),Drama,Drama,4.9232
149,1,Toy Story (1995),Animation,Animation|Childrens|Comedy,3.9141
149,29,"Silence of the Lambs, The (1991)",Thriller,Thriller,4.6088
149,12,"Usual Suspects, The (1995)",Crime,Crime,3.9601
149,28,Pulp Fiction (1994),Crime,Crime,4.8559
149,33,Fargo (1996),Crime,Crime|Drama|Thriller,4.4129
149,27,Forrest Gump (1994),Drama,Drama|Comedy|Romance,3.8988
150,30,Schindler's List (1993),Drama,Drama,4.2497
150,28,Pulp Fiction (1994),Crime,Crime,3.8094
150,29,"Silence of the Lambs, The (1991)",Thriller,Thriller,4.6324
150,27,Forrest Gump (1994),Drama,Drama|Comedy|Romance,4.1872
150,34,GoodFellas (1990),Crime,Crime|Drama,4.4859
150,33,Fargo (1996),Crime,Crime|Drama|Thriller,4.9481
150,1,Toy Story (1995),Animation,Animation|Childrens|Comedy,4.1594
150,12,"Usual Suspects, The (1995)",Crime,Crime,4.9883
150,26,"Shawshank Redemption, The (1994)",Drama,Drama,4.5593
150,31,Star Wars (1977),Sci-Fi,Action|Adventure|Sci-Fi,4.0905
151,1,Toy Story (1995),Animation,Animation|Childrens|Comedy,4.2359
151,30,Schindler's List (1993),Drama,Drama,4.5328
151,27,Forrest Gump (1994),Drama,Drama|Comedy|Romance,3.9431
151,26,"Shawshank Redemption, The (1994)",Drama,Drama,4.9088
151,33,Fargo (1996),Crime,Crime|Drama|Thriller,3.8932
151,28,Pulp Fiction (1994),Crime,Crime,4.916
151,34,GoodFellas (1990),Crime,Crime|Drama,4.6486
151,29,"Silence of the Lambs, The (1991)",Thriller,Thriller,4.1957
151,31,Star Wars (1977),Sci-Fi,Action|Adventure|Sci-Fi,4.2689
151,12,"Usual Suspects, The (1995)",Crime,Crime,4.689
152,26,"Shawshank Redemption, The (1994)",Drama,Drama,4.5749
152,28,Pulp Fiction (1994),Crime,Crime,4.9829
152,29,"Silence of the Lambs, The (1991)",Thriller,Thriller,4.0567
152,27,Forrest Gump (1994),Drama,Drama|Comedy|Romance,4.5175
152,30,Schindler's List (1993),Drama,Drama,4.7362
152,1,Toy Story (1995),Animation,Animation|Childrens|Comedy,4.2068
152,31,Star Wars (1977),Sci-Fi,Action|Adventure|Sci-Fi,4.2556
152,12,"Usual Suspects, The (1995)",Crime,Crime,4.8655
152,33,Fargo (1996),Crime,Crime|Drama|Thriller,4.285
152,34,GoodFellas (1990),Crime,Crime|Drama,4.5497
153,29,"Silence of the Lambs, The (1991)",Thriller,Thriller,4.9452
153,27,Forrest Gump (1994),Drama,Drama|Comedy|Romance,4.0469
153,28,Pulp Fiction (1994),Crime,Crime,4.174
153,31,Star Wars (1977),Sci-Fi,Action|Adventure|Sci-Fi,4.1694
153,33,Fargo (1996),Crime,Crime|Drama|Thriller,4.1468
153,26,"Shawshank Redemption, The (1994)",Drama,Drama,4.3622
153,30,Schindler's List (1993),Drama,Drama,4.987
153,34,GoodFellas (1990),Crime,Crime|Drama,4.8665
153,12,"Usual Suspects, The (1995)",Crime,Crime,4.1935
153,1,Toy Story (1995),Animation,Animation|Childrens|Comedy,4.3074
154,31,Star Wars (1977),Sci-Fi,Action|Adventure|Sci-Fi,4.3036
154,26,"Shawshank Redemption, The (1994)",Drama,Drama,4.0258
154,12,"Usual Suspects, The (1995)",Crime,Crime,3.81
154,29,"Silence of the Lambs, The (1991)",Thriller,Thriller,4.9641
154,33,Fargo (1996),Crime,Crime|Drama|Thriller,4.318
154,34,GoodFellas (1990),Crime,Crime|Drama,4.9632
154,27,Forrest Gump (1994),Drama,Drama|Comedy|Romance,3.9684
154,30,Schindler's List (1993),Drama,Drama,4.5048
154,1,Toy Story (1995),Animation,Animation|Childrens|Comedy,4.0412
154,28,Pulp Fiction (1994),Crime,Crime,4.7481
155,29,"Silence of the Lambs, The (1991)",Thriller,Thriller,3.9543
155,34,GoodFellas (1990),Crime,Crime|Drama,3.9097
155,26,"Shawshank Redemption, The (1994)",Drama,Drama,4.0139
155,1,Toy Story (1995),Animation,Animation|Childrens|Comedy,4.6262
155,33,Fargo (1996),Crime,Crime|Drama|Thriller,4.797
155,28,Pulp Fiction (1994),Crime,Crime,4.2906
155,27,Forrest Gump (1994),Drama,Drama|Comedy|Romance,4.6313
155,30,Schindler's List (1993),Drama,Drama,4.04
155,31,Star Wars (1977),Sci-Fi,Action|Adventure|Sci-Fi,4.9679
155,12,"Usual Suspects, The (1995)",Crime,Crime,4.22
156,27,Forrest Gump (1994),Drama,Drama|Comedy|Romance,3.9441
156,28,Pulp Fiction (1994),Crime,Crime,3.8068
156,1,Toy Story (1995),Animation,Animation|Childrens|Comedy,3.8621
156,29,"Silence of the Lambs, The (1991)",Thriller,Thriller,4.8994
156,30,Schindler's List (1993),Drama,Drama,4.8902
156,33,Fargo (1996),Crime,Crime|Drama|Thriller,4.071
156,34,GoodFellas (1990),Crime,Crime|Drama,4.4565
156,26,"Shawshank Redemption, The (1994)",Drama,Drama,4.946
156,12,"Usual Suspects, The (1995)",Crime,Crime,4.396
156,31,Star Wars (1977),Sci-Fi,Action|Adventure|Sci-Fi,4.2723
157,31,Star Wars (1977),Sci-Fi,Action|Adventure|Sci-Fi,4.5304
157,29,"Silence of the Lambs, The (1991)",Thriller,Thriller,3.9832
157,28,Pulp Fiction (1994),Crime,Crime,4.7967
157,26,"Shawshank Redemption, The (1994)",Drama,Drama,4.2265
157,12,"Usual Suspects, The (1995)",Crime,Crime,4.1379
157,1,Toy Story (1995),Animation,Animation|Childrens|Comedy,4.8091
157,30,Schindler's List (1993),Drama,Drama,3.8602
157,34,GoodFellas (1990),Crime,Crime|Drama,4.2759
157,33,Fargo (1996),Crime,Crime|Drama|Thriller,4.244
157,27,Forrest Gump (1994),Drama,Drama|Comedy|Romance,4.1418
158,30,Schindler's List (1993),Drama,Drama,4.6977
158,31,Star Wars (1977),Sci-Fi,Action|Adventure|Sci-Fi,3.9098
158,34,GoodFellas (1990),Crime,Crime|Drama,4.1117
158,1,Toy Story (1995),Animation,Animation|Childrens|Comedy,4.4618
158,28,Pulp Fiction (1994),Crime,Crime,4.3421
158,26,"Shawshank Redemption, The (1994)",Drama,Drama,3.8189
158,27,Forrest Gump (1994),Drama,Drama|Comedy|Romance,4.7888
158,12,"Usual Suspects, The (1995)",Crime,Crime,4.8546
158,29,"Silence of the Lambs, The (1991)",Thriller,Thriller,4.6182
158,33,Fargo (1996),Crime,Crime|Drama|Thriller,4.4493
159,27,Forrest Gump (1994),Drama,Drama|Comedy|Romance,4.5201
159,31,Star Wars (1977),Sci-Fi,Action|Adventure|Sci-Fi,3.9875
159,28,Pulp Fiction (1994),Crime,Crime,4.4426
159,1,Toy Story (1995),Animation,Animation|Childrens|Comedy,4.0765
159,34,GoodFellas (1990),Crime,Crime|Drama,4.6925
159,29,"Silence of the Lambs, The (1991)",Thriller,Thriller,4.4337
159,30,Schindler's List (1993),Drama,Drama,4.2935
159,33,Fargo (1996),Crime,Crime|Drama|Thriller,4.1226
159,26,"Shawshank Redemption, The (1994)",Drama,Drama,4.9984
159,12,"Usual Suspects, The (1995)",Crime,Crime,3.8861
160,30,Schindler's List (1993),Drama,Drama,4.1241
160,26,"Shawshank Redemption, The (1994)",Drama,Drama,4.2709
160,31,Star Wars (1977),Sci-Fi,Action|Adventure|Sci-Fi,4.2809
160,27,Forrest Gump (1994),Drama,Drama|Comedy|Romance,4.0143
160,29,"Silence of the Lambs, The (1991)",Thriller,Thriller,3.8016
160,33,Fargo (1996),Crime,Crime|Drama|Thriller,4.8238
160,34,GoodFellas (1990),Crime,Crime|Drama,4.658
160,1,Toy Story (1995),Animation,Animation|Childrens|Comedy,4.6286
160,28,Pulp Fiction (1994),Crime,Crime,4.4558
160,12,"Usual Suspects, The (1995)",Crime,Crime,4.6412
161,27,Forrest Gump (1994),Drama,Drama|Comedy|Romance,4.5123
161,29,"Silence of the Lambs, The (1991)",Thriller,Thriller,4.1208
161,31,Star Wars (1977),Sci-Fi,Action|Adventure|Sci-Fi,4.5751
161,30,Schindler's List (1993),Drama,Drama,4.9832
161,26,"Shawshank Redemption, The (1994)",Drama,Drama,3.8589
161,12,"Usual Suspects, The (1995)",Crime,Crime,4.8638
161,1,Toy Story (1995),Animation,Animation|Childrens|Comedy,4.4747
161,34,GoodFellas (1990),Crime,Crime|Drama,4.1025
161,33,Fargo (1996),Crime,Crime|Drama|Thriller,4.9459
161,28,Pulp Fiction (1994),Crime,Crime,4.38
162,26,"Shawshank Redemption, The (1994)",Drama,Drama,4.8959
162,12,"Usual Suspects, The (1995)",Crime,Crime,4.0784
162,29,"Silence of the Lambs, The (1991)",Thriller,Thriller,3.9454
162,33,Fargo (1996),Crime,Crime|Drama|Thriller,3.8073
162,28,Pulp Fiction (1994),Crime,Crime,4.4094
162,31,Star Wars (1977),Sci-Fi,Action|Adventure|Sci-Fi,4.998
162,27,Forrest Gump (1994),Drama,Drama|Comedy|Romance,4.634
162,30,Schindler's List (1993),Drama,Drama,4.1701
162,1,Toy Story (1995),Animation,Animation|Childrens|Comedy,4.8522
162,34,GoodFellas (1990),Crime,Crime|Drama,4.7381
163,28,Pulp Fiction (1994),Crime,Crime,4.6759
163,31,Star Wars (1977),Sci-Fi,Action|Adventure|Sci-Fi,4.8454
163,26,"Shawshank Redemption, The (1994)",Drama,Drama,4.9641
163,33,Fargo (1996),Crime,Crime|Drama|Thriller,4.9119
163,1,Toy Story (1995),Animation,Animation|Childrens|Comedy,4.7569
163,29,"Silence of the Lambs, The (1991)",Thriller,Thriller,4.5722
163,12,"Usual Suspects, The (1995)",Crime,Crime,4.7378
163,34,GoodFellas (1990),Crime,Crime|Drama,4.3185
163,30,Schindler's List (1993),Drama,Drama,4.5137
163,27,Forrest Gump (1994),Drama,Drama|Comedy|Romance,4.2184
164,30,Schindler's List (1993),Drama,Drama,4.1964
164,28,Pulp Fiction (1994),Crime,Crime,4.6178
164,1,Toy Story (1995),Animation,Animation|Childrens|Comedy,4.2193
164,27,Forrest Gump (1994),Drama,Drama|Comedy|Romance,4.0551
164,12,"Usual Suspects, The (1995)",Crime,Crime,4.2492
164,26,"Shawshank Redemption, The (1994)",Drama,Drama,4.1265
164,34,GoodFellas (1990),Crime,Crime|Drama,3.906
164,33,Fargo (1996),Crime,Crime|Drama|Thriller,4.7962
164,29,"Silence of the Lambs, The (1991)",Thriller,Thriller,4.8237
164,31,Star Wars (1977),Sci-Fi,Action|Adventure|Sci-Fi,4.0637
165,33,Fargo (1996),Crime,Crime|Drama|Thriller,4.4981
165,26,"Shawshank Redemption, The (1994)",Drama,Drama,4.1881
165,28,Pulp Fiction (1994),Crime,Crime,4.4195
165,31,Star Wars (1977),Sci-Fi,Action|Adventure|Sci-Fi,4.6396
165,30,Schindler's List (1993),Drama,Drama,3.9128
165,27,Forrest Gump (1994),Drama,Drama|Comedy|Romance,4.5453
165,12,"Usual Suspects, The (1995)",Crime,Crime,4.9
165,34,GoodFellas (1990),Crime,Crime|Drama,4.159
165,1,Toy Story (1995),Animation,Animation|Childrens|Comedy,4.552
165,29,"Silence of the Lambs, The (1991)",Thriller,Thriller,4.7856
166,33,Fargo (1996),Crime,Crime|Drama|Thriller,3.8961
166,29,"Silence of the Lambs, The (1991)",Thriller,Thriller,4.2839
166,34,GoodFellas (1990),Crime,Crime|Drama,4.2489
166,26,"Shawshank Redemption, The (1994)",Drama,Drama,4.1245
166,12,"Usual Suspects, The (1995)",Crime,Crime,4.1564
166,27,Forrest Gump (1994),Drama,Drama|Comedy|Romance,4.2325
166,30,Schindler's List (1993),Drama,Drama,4.9866
166,1,Toy Story (1995),Animation,Animation|Childrens|Comedy,4.7395
166,28,Pulp Fiction (1994),Crime,Crime,3.8857
166,31,Star Wars (1977),Sci-Fi,Action|Adventure|Sci-Fi,4.8469
167,33,Fargo (1996),Crime,Crime|Drama|Thriller,3.8194
167,30,Schindler's List (1993),Drama,Drama,4.51
167,34,GoodFellas (1990),Crime,Crime|Drama,3.8152
167,1,Toy Story (1995),Animation,Animation|Childrens|Comedy,3.8014
167,12,"Usual Suspects, The (1995)",Crime,Crime,4.5393
167,28,Pulp Fiction (1994),Crime,Crime,4.0268
167,27,Forrest Gump (1994),Drama,Drama|Comedy|Romance,4.0303
167,26,"Shawshank Redemption, The (1994)",Drama,Drama,4.5839
167,29,"Silence of the Lambs, The (1991)",Thriller,Thriller,3.8644
167,31,Star Wars (1977),Sci-Fi,Action|Adventure|Sci-Fi,4.1761
168,30,Schindler's List (1993),Drama,Drama,4.5986
168,12,"Usual Suspects, The (1995)",Crime,Crime,4.5401
168,26,"Shawshank Redemption, The (1994)",Drama,Drama,4.5511
168,27,Forrest Gump (1994),Drama,Drama|Comedy|Romance,4.1555
168,1,Toy Story (1995),Animation,Animation|Childrens|Comedy,4.2982
168,31,Star Wars (1977),Sci-Fi,Action|Adventure|Sci-Fi,4.7591
168,34,GoodFellas (1990),Crime,Crime|Drama,4.1677
168,33,Fargo (1996),Crime,Crime|Drama|Thriller,4.364
168,28,Pulp Fiction (1994),Crime,Crime,3.8236
168,29,"Silence of the Lambs, The (1991)",Thriller,Thriller,4.6803
169,26,"Shawshank Redemption, The (1994)",Drama,Drama,4.562
169,27,Forrest Gump (1994),Drama,Drama|Comedy|Romance,4.4975
169,30,Schindler's List (1993),Drama,Drama,4.7421
169,34,GoodFellas (1990),Crime,Crime|Drama,4.1526
169,29,"Silence of the Lambs, The (1991)",Thriller,Thriller,4.7071
169,1,Toy Story (1995),Animation,Animation|Childrens|Comedy,4.259
169,31,Star Wars (1977),Sci-Fi,Action|Adventure|Sci-Fi,4.2934
169,12,"Usual Suspects, The (1995)",Crime,Crime,4.6073
169,28,Pulp Fiction (1994),Crime,Crime,4.7411
169,33,Fargo (1996),Crime,Crime|Drama|Thriller,4.6002
170,29,"Silence of the Lambs, The (1991)",Thriller,Thriller,3.9317
170,30,Schindler's List (1993),Drama,Drama,3.9461
170,34,GoodFellas (1990),Crime,Crime|Drama,4.5134
170,12,"Usual Suspects, The (1995)",Crime,Crime,4.2139
170,31,Star Wars (1977),Sci-Fi,Action|Adventure|Sci-Fi,3.8419
170,33,Fargo (1996),Crime,Crime|Drama|Thriller,4.45
170,26,"Shawshank Redemption, The (1994)",Drama,Drama,4.2654
170,28,Pulp Fiction (1994),Crime,Crime,3.9213
170,27,Forrest Gump (1994),Drama,Drama|Comedy|Romance,4.7623
170,1,Toy Story (1995),Animation,Animation|Childrens|Comedy,4.8981
171,30,Schindler's List (1993),Drama,Drama,4.0804
171,33,Fargo (1996),Crime,Crime|Drama|Thriller,4.3876
171,26,"Shawshank Redemption, The (1994)",Drama,Drama,4.2691
171,1,Toy Story (1995),Animation,Animation|Childrens|Comedy,3.9076
171,31,Star Wars (1977),Sci-Fi,Action|Adventure|Sci-Fi,4.5507
171,28,Pulp Fiction (1994),Crime,Crime,4.3943
171,34,GoodFellas (1990),Crime,Crime|Drama,4.1302
171,12,"Usual Suspects, The (1995)",Crime,Crime,4.3684
171,27,Forrest Gump (1994),Drama,Drama|Comedy|Romance,4.7304
171,29,"Silence of the Lambs, The (1991)",Thriller,Thriller,4.762
172,31,Star Wars (1977),Sci-Fi,Action|Adventure|Sci-Fi,4.3414
172,1,Toy Story (1995),Animation,Animation|Childrens|Comedy,4.5244
172,30,Schindler's List (1993),Drama,Drama,4.8746
172,28,Pulp Fiction (1994),Crime,Crime,4.8395
172,29,"Silence of the Lambs, The (1991)",Thriller,Thriller,4.8685
172,27,Forrest Gump (1994),Drama,Drama|Comedy|Romance,4.124
172,33,Fargo (1996),Crime,Crime|Drama|Thriller,3.842
172,12,"Usual Suspects, The (1995)",Crime,Crime,4.1133
172,34,GoodFellas (1990),Crime,Crime|Drama,4.1344
172,26,"Shawshank Redemption, The (1994)",Drama,Drama,4.8912
173,33,Fargo (1996),Crime,Crime|Drama|Thriller,4.4781
173,12,"Usual Suspects, The (1995)",Crime,Crime,4.6676
173,30,Schindler's List (1993),Drama,Drama,4.3036
173,31,Star Wars (1977),Sci-Fi,Action|Adventure|Sci-Fi,3.9159
173,1,Toy Story (1995),Animation,Animation|Childrens|Comedy,3.848
173,28,Pulp Fiction (1994),Crime,Crime,4.3748
173,29,"Silence of the Lambs, The (1991)",Thriller,Thriller,4.5191
173,26,"Shawshank Redemption, The (1994)",Drama,Drama,3.8946
173,27,Forrest Gump (1994),Drama,Drama|Comedy|Romance,4.1443
173,34,GoodFellas (1990),Crime,Crime|Drama,4.1864
174,27,Forrest Gump (1994),Drama,Drama|Comedy|Romance,4.1412
174,31,Star Wars (1977),Sci-Fi,Action|Adventure|Sci-Fi,4.6576
174,26,"Shawshank Redemption, The (1994)",Drama,Drama,4.4814
174,34,GoodFellas (1990),Crime,Crime|Drama,4.9724
174,30,Schindler's List (1993),Drama,Drama,4.1274
174,28,Pulp Fiction (1994),Crime,Crime,3.99
174,33,Fargo (1996),Crime,Crime|Drama|Thriller,3.8624
174,12,"Usual Suspects, The (1995)",Crime,Crime,4.0892
174,1,Toy Story (1995),Animation,Animation|Childrens|Comedy,4.6209
174,29,"Silence of the Lambs, The (1991)",Thriller,Thriller,3.9023
175,1,Toy Story (1995),Animation,Animation|Childrens|Comedy,4.8139
175,27,Forrest Gump (1994),Drama,Drama|Comedy|Romance,4.9091
175,30,Schindler's List (1993),Drama,Drama,4.4063
175,12,"Usual Suspects, The (1995)",Crime,Crime,4.0968
175,29,"Silence of the Lambs, The (1991)",Thriller,Thriller,4.2816
175,26,"Shawshank Redemption, The (1994)",Drama,Drama,4.6626
175,28,Pulp Fiction (1994),Crime,Crime,4.8512
175,31,Star Wars (1977),Sci-Fi,Action|Adventure|Sci-Fi,4.3221
175,33,Fargo (1996),Crime,Crime|Drama|Thriller,4.4425
175,34,GoodFellas (1990),Crime,Crime|Drama,4.9181
176,1,Toy Story (1995),Animation,Animation|Childrens|Comedy,4.256
176,29,"Silence of the Lambs, The (1991)",Thriller,Thriller,4.836
176,12,"Usual Suspects, The (1995)",Crime,Crime,4.5918
176,31,Star Wars (1977),Sci-Fi,Action|Adventure|Sci-Fi,4.6654
176,34,GoodFellas (1990),Crime,Crime|Drama,3.9808
176,33,Fargo (1996),Crime,Crime|Drama|Thriller,4.8598
176,30,Schindler's List (1993),Drama,Drama,4.0004
176,28,Pulp Fiction (1994),Crime,Crime,4.0673
176,26,"Shawshank Redemption, The (1994)",Drama,Drama,3.9537
176,27,Forrest Gump (1994),Drama,Drama|Comedy|Romance,4.3284
177,33,Fargo (1996),Crime,Crime|Drama|Thriller,4.6598
177,34,GoodFellas (1990),Crime,Crime|Drama,4.0731
177,28,Pulp Fiction (1994),Crime,Crime,4.9848
177,30,Schindler's List (1993),Drama,Drama,4.4719
177,31,Star Wars (1977),Sci-Fi,Action|Adventure|Sci-Fi,4.6348
177,12,"Usual Suspects, The (1995)",Crime,Crime,3.9421
177,1,Toy Story (1995),Animation,Animation|Childrens|Comedy,4.1008
177,29,"Silence of the Lambs, The (1991)",Thriller,Thriller,3.9677
177,26,"Shawshank Redemption, The (1994)",Drama,Drama,4.2682
177,27,Forrest Gump (1994),Drama,Drama|Comedy|Romance,4.141
178,28,Pulp Fiction (1994),Crime,Crime,4.7504
178,31,Star Wars (1977),Sci-Fi,Action|Adventure|Sci-Fi,4.6913
178,29,"Silence of the Lambs, The (1991)",Thriller,Thriller,4.3716
178,27,Forrest Gump (1994),Drama,Drama|Comedy|Romance,3.86
178,26,"Shawshank Redemption, The (1994)",Drama,Drama,4.5319
178,30,Schindler's List (1993),Drama,Drama,4.2881
178,1,Toy Story (1995),Animation,Animation|Childrens|Comedy,4.1798
178,34,GoodFellas (1990),Crime,Crime|Drama,4.5685
178,33,Fargo (1996),Crime,Crime|Drama|Thriller,4.3239
178,12,"Usual Suspects, The (1995)",Crime,Crime,3.9109
179,1,Toy Story (1995),Animation,Animation|Childrens|Comedy,3.8701
179,30,Schindler's List (1993),Drama,Drama,4.4723
179,31,Star Wars (1977),Sci-Fi,Action|Adventure|Sci-Fi,3.9016
179,29,"Silence of the Lambs, The (1991)",Thriller,Thriller,4.8845
179,33,Fargo (1996),Crime,Crime|Drama|Thriller,4.8885
179,28,Pulp Fiction (1994),Crime,Crime,4.6379
179,34,GoodFellas (1990),Crime,Crime|Drama,4.9114
179,12,"Usual Suspects, The (1995)",Crime,Crime,4.7737
179,26,"Shawshank Redemption, The (1994)",Drama,Drama,4.7942
179,27,Forrest Gump (1994),Drama,Drama|Comedy|Romance,4.4836
180,28,Pulp Fiction (1994),Crime,Crime,4.4842
180,29,"Silence of the Lambs, The (1991)",Thriller,Thriller,4.681
180,27,Forrest Gump (1994),Drama,Drama|Comedy|Romance,4.941
180,31,Star Wars (1977),Sci-Fi,Action|Adventure|Sci-Fi,3.9002
180,26,"Shawshank Redemption, The (1994)",Drama,Drama,3.8068
180,1,Toy Story (1995),Animation,Animation|Childrens|Comedy,3.8358
180,33,Fargo (1996),Crime,Crime|Drama|Thriller,4.476
180,12,"Usual Suspects, The (1995)",Crime,Crime,4.7154
180,34,GoodFellas (1990),Crime,Crime|Drama,4.2405
180,30,Schindler's List (1993),Drama,Drama,4.4543
181,30,Schindler's List (1993),Drama,Drama,4.7742
181,28,Pulp Fiction (1994),Crime,Crime,4.7953
181,12,"Usual Suspects, The (1995)",Crime,Crime,4.7623
181,26,"Shawshank Redemption, The (1994)",Drama,Drama,4.6722
181,29,"Silence of the Lambs, The (1991)",Thriller,Thriller,4.752
181,33,Fargo (1996),Crime,Crime|Drama|Thriller,4.6052
181,31,Star Wars (1977),Sci-Fi,Action|Adventure|Sci-Fi,4.6038
181,27,Forrest Gump (1994),Drama,Drama|Comedy|Romance,4.6008
181,1,Toy Story (1995),Animation,Animation|Childrens|Comedy,4.4169
181,34,GoodFellas (1990),Crime,Crime|Drama,4.236
182,26,"Shawshank Redemption, The (1994)",Drama,Drama,4.1105
182,30,Schindler's List (1993),Drama,Drama,4.1712
182,33,Fargo (1996),Crime,Crime|Drama|Thriller,3.9939
182,1,Toy Story (1995),Animation,Animation|Childrens|Comedy,4.7876
182,27,Forrest Gump (1994),Drama,Drama|Comedy|Romance,4.5039
182,31,Star Wars (1977),Sci-Fi,Action|Adventure|Sci-Fi,4.5356
182,34,GoodFellas (1990),Crime,Crime|Drama,4.7847
182,28,Pulp Fiction (1994),Crime,Crime,4.2115
182,12,"Usual Suspects, The (1995)",Crime,Crime,4.0324
182,29,"Silence of the Lambs, The (1991)",Thriller,Thriller,4.0381
183,29,"Silence of the Lambs, The (1991)",Thriller,Thriller,3.9634
183,26,"Shawshank Redemption, The (1994)",Drama,Drama,4.1004
183,12,"Usual Suspects, The (1995)",Crime,Crime,4.4512
183,34,GoodFellas (1990),Crime,Crime|Drama,4.7588
183,30,Schindler's List (1993),Drama,Drama,3.8435
183,33,Fargo (1996),Crime,Crime|Drama|Thriller,4.9808
183,31,Star Wars (1977),Sci-Fi,Action|Adventure|Sci-Fi,4.3459
183,27,Forrest Gump (1994),Drama,Drama|Comedy|Romance,4.2311
183,28,Pulp Fiction (1994),Crime,Crime,4.1513
183,1,Toy Story (1995),Animation,Animation|Childrens|Comedy,4.0092
184,29,"Silence of the Lambs, The (1991)",Thriller,Thriller,4.1306
184,33,Fargo (1996),Crime,Crime|Drama|Thriller,4.2581
184,30,Schindler's List (1993),Drama,Drama,4.2498
184,12,"Usual Suspects, The (1995)",Crime,Crime,4.093
184,34,GoodFellas (1990),Crime,Crime|Drama,4.3168
184,26,"Shawshank Redemption, The (1994)",Drama,Drama,4.368
184,31,Star Wars (1977),Sci-Fi,Action|Adventure|Sci-Fi,4.6931
184,1,Toy Story (1995),Animation,Animation|Childrens|Comedy,4.7181
184,27,Forrest Gump (1994),Drama,Drama|Comedy|Romance,3.9903
184,28,Pulp Fiction (1994),Crime,Crime,4.5113
185,29,"Silence of the Lambs, The (1991)",Thriller,Thriller,4.2759
185,26,"Shawshank Redemption, The (1994)",Drama,Drama,4.4087
185,34,GoodFellas (1990),Crime,Crime|Drama,4.995
185,30,Schindler's List (1993),Drama,Drama,4.0143
185,31,Star Wars (1977),Sci-Fi,Action|Adventure|Sci-Fi,4.9789
185,28,Pulp Fiction (1994),Crime,Crime,4.2514
185,33,Fargo (1996),Crime,Crime|Drama|Thriller,4.0404
185,12,"Usual Suspects, The (1995)",Crime,Crime,4.2969
185,1,Toy Story (1995),Animation,Animation|Childrens|Comedy,4.5368
185,27,Forrest Gump (1994),Drama,Drama|Comedy|Romance,4.0562
186,26,"Shawshank Redemption, The (1994)",Drama,Drama,4.2506
186,12,"Usual Suspects, The (1995)",Crime,Crime,3.9329
186,34,GoodFellas (1990),Crime,Crime|Drama,4.223
186,28,Pulp Fiction (1994),Crime,Crime,4.0082
186,30,Schindler's List (1993),Drama,Drama,4.248
186,27,Forrest Gump (1994),Drama,Drama|Comedy|Romance,4.301
186,1,Toy Story (1995),Animation,Animation|Childrens|Comedy,4.1607
186,31,Star Wars (1977),Sci-Fi,Action|Adventure|Sci-Fi,4.5879
186,33,Fargo (1996),Crime,Crime|Drama|Thriller,4.9026
186,29,"Silence of the Lambs, The (1991)",Thriller,Thriller,4.2807
187,27,Forrest Gump (1994),Drama,Drama|Comedy|Romance,4.4513
187,30,Schindler's List (1993),Drama,Drama,4.9482
187,28,Pulp Fiction (1994),Crime,Crime,3.9846
187,34,GoodFellas (1990),Crime,Crime|Drama,4.3742
187,29,"Silence of the Lambs, The (1991)",Thriller,Thriller,4.4451
187,33,Fargo (1996),Crime,Crime|Drama|Thriller,4.3903
187,1,Toy Story (1995),Animation,Animation|Childrens|Comedy,4.7629
187,31,Star Wars (1977),Sci-Fi,Action|Adventure|Sci-Fi,4.6045
187,26,"Shawshank Redemption, The (1994)",Drama,Drama,3.952
187,12,"Usual Suspects, The (1995)",Crime,Crime,4.2157
188,29,"Silence of the Lambs, The (1991)",Thriller,Thriller,4.2011
188,30,Schindler's List (1993),Drama,Drama,4.9518
188,28,Pulp Fiction (1994),Crime,Crime,4.4241
188,26,"Shawshank Redemption, The (1994)",Drama,Drama,4.2808
188,33,Fargo (1996),Crime,Crime|Drama|Thriller,4.4257
188,12,"Usual Suspects, The (1995)",Crime,Crime,4.7348
188,34,GoodFellas (1990),Crime,Crime|Drama,4.2081
188,31,Star Wars (1977),Sci-Fi,Action|Adventure|Sci-Fi,4.0144
188,1,Toy Story (1995),Animation,Animation|Childrens|Comedy,4.5019
188,27,Forrest Gump (1994),Drama,Drama|Comedy|Romance,4.5982
189,27,Forrest Gump (1994),Drama,Drama|Comedy|Romance,4.4643
189,31,Star Wars (1977),Sci-Fi,Action|Adventure|Sci-Fi,4.8887
189,12,"Usual Suspects, The (1995)",Crime,Crime,4.5495
189,28,Pulp Fiction (1994),Crime,Crime,4.1633
189,29,"Silence of the Lambs, The (1991)",Thriller,Thriller,4.1553
189,30,Schindler's List (1993),Drama,Drama,4.4019
189,34,GoodFellas (1990),Crime,Crime|Drama,4.8399
189,26,"Shawshank Redemption, The (1994)",Drama,Drama,4.7537
189,1,Toy Story (1995),Animation,Animation|Childrens|Comedy,4.9553
189,33,Fargo (1996),Crime,Crime|Drama|Thriller,3.8863
190,34,GoodFellas (1990),Crime,Crime|Drama,4.4212
190,29,"Silence of the Lambs, The (1991)",Thriller,Thriller,4.0008
190,28,Pulp Fiction (1994),Crime,Crime,4.9741
190,26,"Shawshank Redemption, The (1994)",Drama,Drama,4.25
190,12,"Usual Suspects, The (1995)",Crime,Crime,3.9283
190,27,Forrest Gump (1994),Drama,Drama|Comedy|Romance,4.3926
190,30,Schindler's List (1993),Drama,Drama,4.8488
190,31,Star Wars (1977),Sci-Fi,Action|Adventure|Sci-Fi,4.8647
190,33,Fargo (1996),Crime,Crime|Drama|Thriller,3.8132
190,1,Toy Story (1995),Animation,Animation|Childrens|Comedy,4.8636
191,12,"Usual Suspects, The (1995)",Crime,Crime,4.4984
191,27,Forrest Gump (1994),Drama,Drama|Comedy|Romance,4.6034
191,30,Schindler's List (1993),Drama,Drama,4.191
191,1,Toy Story (1995),Animation,Animation|Childrens|Comedy,4.4891
191,33,Fargo (1996),Crime,Crime|Drama|Thriller,4.1509
191,28,Pulp Fiction (1994),Crime,Crime,4.2827
191,29,"Silence of the Lambs, The (1991)",Thriller,Thriller,4.7176
191,26,"Shawshank Redemption, The (1994)",Drama,Drama,4.0927
191,34,GoodFellas (1990),Crime,Crime|Drama,4.8066
191,31,Star Wars (1977),Sci-Fi,Action|Adventure|Sci-Fi,4.2511
192,12,"Usual Suspects, The (1995)",Crime,Crime,4.0982
192,29,"Silence of the Lambs, The (1991)",Thriller,Thriller,4.5359
192,26,"Shawshank Redemption, The (1994)",Drama,Drama,4.2805
192,30,Schindler's List (1993),Drama,Drama,3.8142
192,33,Fargo (1996),Crime,Crime|Drama|Thriller,3.9504
192,34,GoodFellas (1990),Crime,Crime|Drama,4.19
192,28,Pulp Fiction (1994),Crime,Crime,4.478
192,31,Star Wars (1977),Sci-Fi,Action|Adventure|Sci-Fi,4.8578
192,1,Toy Story (1995),Animation,Animation|Childrens|Comedy,4.7493
192,27,Forrest Gump (1994),Drama,Drama|Comedy|Romance,4.464
193,33,Fargo (1996),Crime,Crime|Drama|Thriller,4.1392
193,31,Star Wars (1977),Sci-Fi,Action|Adventure|Sci-Fi,4.6081
193,26,"Shawshank Redemption, The (1994)",Drama,Drama,3.822
193,30,Schindler's List (1993),Drama,Drama,4.7068
193,29,"Silence of the Lambs, The (1991)",Thriller,Thriller,4.1184
193,1,Toy Story (1995),Animation,Animation|Childrens|Comedy,4.172
193,28,Pulp Fiction (1994),Crime,Crime,4.4335
193,12,"Usual Suspects, The (1995)",Crime,Crime,4.0591
193,34,GoodFellas (1990),Crime,Crime|Drama,4.8614
193,27,Forrest Gump (1994),Drama,Drama|Comedy|Romance,3.9024
194,30,Schindler's List (1993),Drama,Drama,4.648
194,31,Star Wars (1977),Sci-Fi,Action|Adventure|Sci-Fi,4.9679
194,12,"Usual Suspects, The (1995)",Crime,Crime,4.8718
194,26,"Shawshank Redemption, The (1994)",Drama,Drama,4.2109
194,34,GoodFellas (1990),Crime,Crime|Drama,4.9978
194,1,Toy Story (1995),Animation,Animation|Childrens|Comedy,3.8042
194,28,Pulp Fiction (1994),Crime,Crime,3.8332
194,33,Fargo (1996),Crime,Crime|Drama|Thriller,4.7886
194,27,Forrest Gump (1994),Drama,Drama|Comedy|Romance,4.0394
194,29,"Silence of the Lambs, The (1991)",Thriller,Thriller,3.8729
195,30,Schindler's List (1993),Drama,Drama,4.4039
195,26,"Shawshank Redemption, The (1994)",Drama,Drama,4.9115
195,29,"Silence of the Lambs, The (1991)",Thriller,Thriller,4.778
195,34,GoodFellas (1990),Crime,Crime|Drama,4.1878
195,28,Pulp Fiction (1994),Crime,Crime,4.9787
195,12,"Usual Suspects, The (1995)",Crime,Crime,4.6503
195,33,Fargo (1996),Crime,Crime|Drama|Thriller,3.8749
195,27,Forrest Gump (1994),Drama,Drama|Comedy|Romance,3.8422
195,1,Toy Story (1995),Animation,Animation|Childrens|Comedy,4.0021
195,31,Star Wars (1977),Sci-Fi,Action|Adventure|Sci-Fi,4.6734
196,28,Pulp Fiction (1994),Crime,Crime,3.892
196,26,"Shawshank Redemption, The (1994)",Drama,Drama,4.2266
196,1,Toy Story (1995),Animation,Animation|Childrens|Comedy,4.8797
196,34,GoodFellas (1990),Crime,Crime|Drama,3.9418
196,33,Fargo (1996),Crime,Crime|Drama|Thriller,4.1728
196,27,Forrest Gump (1994),Drama,Drama|Comedy|Romance,4.7341
196,31,Star Wars (1977),Sci-Fi,Action|Adventure|Sci-Fi,4.4519
196,29,"Silence of the Lambs, The (1991)",Thriller,Thriller,4.7988
196,12,"Usual Suspects, The (1995)",Crime,Crime,3.9339
196,30,Schindler's List (1993),Drama,Drama,4.9047
197,28,Pulp Fiction (1994),Crime,Crime,4.4865
197,34,GoodFellas (1990),Crime,Crime|Drama,4.5391
197,31,Star Wars (1977),Sci-Fi,Action|Adventure|Sci-Fi,4.7476
197,1,Toy Story (1995),Animation,Animation|Childrens|Comedy,4.7744
197,27,Forrest Gump (1994),Drama,Drama|Comedy|Romance,4.0327
197,29,"Silence of the Lambs, The (1991)",Thriller,Thriller,4.084
197,33,Fargo (1996),Crime,Crime|Drama|Thriller,4.8522
197,12,"Usual Suspects, The (1995)",Crime,Crime,4.7834
197,30,Schindler's List (1993),Drama,Drama,4.5411
197,26,"Shawshank Redemption, The (1994)",Drama,Drama,4.9936
198,30,Schindler's List (1993),Drama,Drama,4.5665
198,34,GoodFellas (1990),Crime,Crime|Drama,4.8165
198,26,"Shawshank Redemption, The (1994)",Drama,Drama,4.4481
198,31,Star Wars (1977),Sci-Fi,Action|Adventure|Sci-Fi,4.2971
198,1,Toy Story (1995),Animation,Animation|Childrens|Comedy,4.9726
198,27,Forrest Gump (1994),Drama,Drama|Comedy|Romance,4.4985
198,29,"Silence of the Lambs, The (1991)",Thriller,Thriller,4.8402
198,12,"Usual Suspects, The (1995)",Crime,Crime,4.944
198,28,Pulp Fiction (1994),Crime,Crime,4.6104
198,33,Fargo (1996),Crime,Crime|Drama|Thriller,4.4587
199,29,"Silence of the Lambs, The (1991)",Thriller,Thriller,4.2321
199,28,Pulp Fiction (1994),Crime,Crime,4.3046
199,1,Toy Story (1995),Animation,Animation|Childrens|Comedy,3.9186
199,12,"Usual Suspects, The (1995)",Crime,Crime,3.8508
199,26,"Shawshank Redemption, The (1994)",Drama,Drama,4.6087
199,31,Star Wars (1977),Sci-Fi,Action|Adventure|Sci-Fi,4.4448
199,33,Fargo (1996),Crime,Crime|Drama|Thriller,4.333
199,34,GoodFellas (1990),Crime,Crime|Drama,4.5613
199,30,Schindler's List (1993),Drama,Drama,4.7932
199,27,Forrest Gump (1994),Drama,Drama|Comedy|Romance,4.3132
200,30,Schindler's List (1993),Drama,Drama,4.8013
200,31,Star Wars (1977),Sci-Fi,Action|Adventure|Sci-Fi,3.9803
200,26,"Shawshank Redemption, The (1994)",Drama,Drama,4.5905
200,12,"Usual Suspects, The (1995)",Crime,Crime,3.9806
200,1,Toy Story (1995),Animation,Animation|Childrens|Comedy,4.9077
200,28,Pulp Fiction (1994),Crime,Crime,4.478
200,27,Forrest Gump (1994),Drama,Drama|Comedy|Romance,4.1951
200,34,GoodFellas (1990),Crime,Crime|Drama,3.9684
200,33,Fargo (1996),Crime,Crime|Drama|Thriller,4.2454
200,29,"Silence of the Lambs, The (1991)",Thriller,Thriller,4.646
201,33,Fargo (1996),Crime,Crime|Drama|Thriller,4.649
201,34,GoodFellas (1990),Crime,Crime|Drama,4.9696
201,1,Toy Story (1995),Animation,Animation|Childrens|Comedy,4.0797
201,12,"Usual Suspects, The (1995)",Crime,Crime,4.7278
201,30,Schindler's List (1993),Drama,Drama,3.9051
201,27,Forrest Gump (1994),Drama,Drama|Comedy|Romance,4.2579
201,26,"Shawshank Redemption, The (1994)",Drama,Drama,4.408
201,28,Pulp Fiction (1994),Crime,Crime,4.1225
201,29,"Silence of the Lambs, The (1991)",Thriller,Thriller,4.4355
201,31,Star Wars (1977),Sci-Fi,Action|Adventure|Sci-Fi,4.8591
202,26,"Shawshank Redemption, The (1994)",Drama,Drama,4.1041
202,34,GoodFellas (1990),Crime,Crime|Drama,4.2276
202,12,"Usual Suspects, The (1995)",Crime,Crime,4.0295
202,31,Star Wars (1977),Sci-Fi,Action|Adventure|Sci-Fi,4.8276
202,27,Forrest Gump (1994),Drama,Drama|Comedy|Romance,4.8592
202,33,Fargo (1996),Crime,Crime|Drama|Thriller,4.1563
202,28,Pulp Fiction (1994),Crime,Crime,4.7883
202,29,"Silence of the Lambs, The (1991)",Thriller,Thriller,4.2299
202,30,Schindler's List (1993),Drama,Drama,3.9188
202,1,Toy Story (1995),Animation,Animation|Childrens|Comedy,4.7097
203,28,Pulp Fiction (1994),Crime,Crime,4.7718
203,30,Schindler's List (1993),Drama,Drama,3.9536
203,12,"Usual Suspects, The (1995)",Crime,Crime,4.7062
203,33,Fargo (1996),Crime,Crime|Drama|Thriller,4.0574
203,34,GoodFellas (1990),Crime,Crime|Drama,4.9729
203,1,Toy Story (1995),Animation,Animation|Childrens|Comedy,3.8625
203,29,"Silence of the Lambs, The (1991)",Thriller,Thriller,4.2226
203,31,Star Wars (1977),Sci-Fi,Action|Adventure|Sci-Fi,4.3144
203,26,"Shawshank Redemption, The (1994)",Drama,Drama,4.789
203,27,Forrest Gump (1994),Drama,Drama|Comedy|Romance,4.7195
204,30,Schindler's List (1993),Drama,Drama,3.8385
204,29,"Silence of the Lambs, The (1991)",Thriller,Thriller,3.8547
204,33,Fargo (1996),Crime,Crime|Drama|Thriller,4.2134
204,28,Pulp Fiction (1994),Crime,Crime,3.9053
204,34,GoodFellas (1990),Crime,Crime|Drama,4.3751
204,12,"Usual Suspects, The (1995)",Crime,Crime,4.6745
204,27,Forrest Gump (1994),Drama,Drama|Comedy|Romance,4.4803
204,31,Star Wars (1977),Sci-Fi,Action|Adventure|Sci-Fi,4.0357
204,1,Toy Story (1995),Animation,Animation|Childrens|Comedy,4.5858
204,26,"Shawshank Redemption, The (1994)",Drama,Drama,4.6218
205,29,"Silence of the Lambs, The (1991)",Thriller,Thriller,3.8268
205,27,Forrest Gump (1994),Drama,Drama|Comedy|Romance,4.0058
205,28,Pulp Fiction (1994),Crime,Crime,4.4778
205,33,Fargo (1996),Crime,Crime|Drama|Thriller,4.644
205,26,"Shawshank Redemption, The (1994)",Drama,Drama,4.043
205,34,GoodFellas (1990),Crime,Crime|Drama,4.6019
205,12,"Usual Suspects, The (1995)",Crime,Crime,4.019
205,30,Schindler's List (1993),Drama,Drama,4.5361
205,1,Toy Story (1995),Animation,Animation|Childrens|Comedy,4.2944
205,31,Star Wars (1977),Sci-Fi,Action|Adventure|Sci-Fi,4.5846
206,30,Schindler's List (1993),Drama,Drama,4.3535
206,26,"Shawshank Redemption, The (1994)",Drama,Drama,4.367
206,34,GoodFellas (1990),Crime,Crime|Drama,4.209
206,33,Fargo (1996),Crime,Crime|Drama|Thriller,4.9456
206,12,"Usual Suspects, The (1995)",Crime,Crime,4.636
206,28,Pulp Fiction (1994),Crime,Crime,4.447
206,31,Star Wars (1977),Sci-Fi,Action|Adventure|Sci-Fi,4.4126
206,1,Toy Story (1995),Animation,Animation|Childrens|Comedy,3.9912
206,29,"Silence of the Lambs, The (1991)",Thriller,Thriller,4.2466
206,27,Forrest Gump (1994),Drama,Drama|Comedy|Romance,4.6073
207,27,Forrest Gump (1994),Drama,Drama|Comedy|Romance,3.9226
207,31,Star Wars (1977),Sci-Fi,Action|Adventure|Sci-Fi,4.3643
207,30,Schindler's List (1993),Drama,Drama,4.4363
207,33,Fargo (1996),Crime,Crime|Drama|Thriller,4.1168
207,26,"Shawshank Redemption, The (1994)",Drama,Drama,4.5713
207,28,Pulp Fiction (1994),Crime,Crime,4.6441
207,1,Toy Story (1995),Animation,Animation|Childrens|Comedy,4.1589
207,29,"Silence of the Lambs, The (1991)",Thriller,Thriller,4.7101
207,12,"Usual Suspects, The (1995)",Crime,Crime,4.0467
207,34,GoodFellas (1990),Crime,Crime|Drama,4.4531
208,34,GoodFellas (1990),Crime,Crime|Drama,4.8001
208,26,"Shawshank Redemption, The (1994)",Drama,Drama,4.671
208,12,"Usual Suspects, The (1995)",Crime,Crime,4.7483
208,27,Forrest Gump (1994),Drama,Drama|Comedy|Romance,4.1466
208,31,Star Wars (1977),Sci-Fi,Action|Adventure|Sci-Fi,4.265
208,28,Pulp Fiction (1994),Crime,Crime,4.5521
208,33,Fargo (1996),Crime,Crime|Drama|Thriller,4.4642
208,29,"Silence of the Lambs, The (1991)",Thriller,Thriller,4.9533
208,30,Schindler's List (1993),Drama,Drama,4.0242
208,1,Toy Story (1995),Animation,Animation|Childrens|Comedy,4.2215
209,12,"Usual Suspects, The (1995)",Crime,Crime,4.0828
209,31,Star Wars (1977),Sci-Fi,Action|Adventure|Sci-Fi,4.9222
209,29,"Silence of the Lambs, The (1991)",Thriller,Thriller,4.9459
209,1,Toy Story (1995),Animation,Animation|Childrens|Comedy,4.9507
209,27,Forrest Gump (1994),Drama,Drama|Comedy|Romance,4.8051
209,28,Pulp Fiction (1994),Crime,Crime,4.2366
209,30,Schindler's List (1993),Drama,Drama,3.8872
209,34,GoodFellas (1990),Crime,Crime|Drama,4.4826
209,26,"Shawshank Redemption, The (1994)",Drama,Drama,4.4704
209,33,Fargo (1996),Crime,Crime|Drama|Thriller,4.82
210,33,Fargo (1996),Crime,Crime|Drama|Thriller,4.4109
210,1,Toy Story (1995),Animation,Animation|Childrens|Comedy,4.4666
210,27,Forrest Gump (1994),Drama,Drama|Comedy|Romance,4.7899
210,34,GoodFellas (1990),Crime,Crime|Drama,4.4055
210,28,Pulp Fiction (1994),Crime,Crime,4.8998
210,31,Star Wars (1977),Sci-Fi,Action|Adventure|Sci-Fi,4.5537
210,12,"Usual Suspects, The (1995)",Crime,Crime,4.8084
210,26,"Shawshank Redemption, The (1994)",Drama,Drama,3.978
210,30,Schindler's List (1993),Drama,Drama,4.8264
210,29,"Silence of the Lambs, The (1991)",Thriller,Thriller,4.6102
211,34,GoodFellas (1990),Crime,Crime|Drama,4.0389
211,31,Star Wars (1977),Sci-Fi,Action|Adventure|Sci-Fi,4.9288
211,12,"Usual Suspects, The (1995)",Crime,Crime,4.7138
211,28,Pulp Fiction (1994),Crime,Crime,4.6355
211,27,Forrest Gump (1994),Drama,Drama|Comedy|Romance,4.0867
211,30,Schindler's List (1993),Drama,Drama,3.9423
211,29,"Silence of the Lambs, The (1991)",Thriller,Thriller,4.845
211,26,"Shawshank Redemption, The (1994)",Drama,Drama,3.8071
211,1,Toy Story (1995),Animation,Animation|Childrens|Comedy,4.2657
211,33,Fargo (1996),Crime,Crime|Drama|Thriller,4.1331
212,33,Fargo (1996),Crime,Crime|Drama|Thriller,3.9748
212,28,Pulp Fiction (1994),Crime,Crime,4.6718
212,26,"Shawshank Redemption, The (1994)",Drama,Drama,4.049
212,27,Forrest Gump (1994),Drama,Drama|Comedy|Romance,4.3196
212,31,Star Wars (1977),Sci-Fi,Action|Adventure|Sci-Fi,4.5759
212,1,Toy Story (1995),Animation,Animation|Childrens|Comedy,4.1263
212,29,"Silence of the Lambs, The (1991)",Thriller,Thriller,4.2609
212,30,Schindler's List (1993),Drama,Drama,4.681
212,12,"Usual Suspects, The (1995)",Crime,Crime,4.9255
212,34,GoodFellas (1990),Crime,Crime|Drama,4.4351
213,27,Forrest Gump (1994),Drama,Drama|Comedy|Romance,4.3804
213,33,Fargo (1996),Crime,Crime|Drama|Thriller,4.6746
213,1,Toy Story (1995),Animation,Animation|Childrens|Comedy,4.3296
213,29,"Silence of the Lambs, The (1991)",Thriller,Thriller,4.2064
213,31,Star Wars (1977),Sci-Fi,Action|Adventure|Sci-Fi,4.1522
213,12,"Usual Suspects, The (1995)",Crime,Crime,4.0538
213,28,Pulp Fiction (1994),Crime,Crime,4.1189
213,34,GoodFellas (1990),Crime,Crime|Drama,3.9138
213,30,Schindler's List (1993),Drama,Drama,4.2162
213,26,"Shawshank Redemption, The (1994)",Drama,Drama,3.8439
214,28,Pulp Fiction (1994),Crime,Crime,4.1454
214,26,"Shawshank Redemption, The (1994)",Drama,Drama,4.0981
214,30,Schindler's List (1993),Drama,Drama,4.6218
214,1,Toy Story (1995),Animation,Animation|Childrens|Comedy,4.0241
214,31,Star Wars (1977),Sci-Fi,Action|Adventure|Sci-Fi,4.4517
214,12,"Usual Suspects, The (1995)",Crime,Crime,4.9837
214,27,Forrest Gump (1994),Drama,Drama|Comedy|Romance,4.3189
214,34,GoodFellas (1990),Crime,Crime|Drama,4.5702
214,33,Fargo (1996),Crime,Crime|Drama|Thriller,4.9632
214,29,"Silence of the Lambs, The (1991)",Thriller,Thriller,3.9652
215,34,GoodFellas (1990),Crime,Crime|Drama,4.8248
215,28,Pulp Fiction (1994),Crime,Crime,4.7259
215,26,"Shawshank Redemption, The (1994)",Drama,Drama,3.8776
215,29,"Silence of the Lambs, The (1991)",Thriller,Thriller,4.5454
215,27,Forrest Gump (1994),Drama,Drama|Comedy|Romance,4.0824
215,30,Schindler's List (1993),Drama,Drama,4.469
215,33,Fargo (1996),Crime,Crime|Drama|Thriller,4.9483
215,31,Star Wars (1977),Sci-Fi,Action|Adventure|Sci-Fi,4.8549
215,12,"Usual Suspects, The (1995)",Crime,Crime,4.2854
215,1,Toy Story (1995),Animation,Animation|Childrens|Comedy,4.1498
216,1,Toy Story (1995),Animation,Animation|Childrens|Comedy,4.0639
216,26,"Shawshank Redemption, The (1994)",Drama,Drama,4.9655
216,29,"Silence of the Lambs, The (1991)",Thriller,Thriller,4.6727
216,28,Pulp Fiction (1994),Crime,Crime,4.2196
216,34,GoodFellas (1990),Crime,Crime|Drama,3.9114
216,31,Star Wars (1977),Sci-Fi,Action|Adventure|Sci-Fi,4.4202
216,12,"Usual Suspects, The (1995)",Crime,Crime,4.0561
216,33,Fargo (1996),Crime,Crime|Drama|Thriller,4.4437
216,30,Schindler's List (1993),Drama,Drama,4.8024
216,27,Forrest Gump (1994),Drama,Drama|Comedy|Romance,4.539
217,33,Fargo (1996),Crime,Crime|Drama|Thriller,4.6146
217,34,GoodFellas (1990),Crime,Crime|Drama,4.697
217,26,"Shawshank Redemption, The (1994)",Drama,Drama,3.9384
217,31,Star Wars (1977),Sci-Fi,Action|Adventure|Sci-Fi,4.0733
217,12,"Usual Suspects, The (1995)",Crime,Crime,3.9187
217,28,Pulp Fiction (1994),Crime,Crime,4.3201
217,30,Schindler's List (1993),Drama,Drama,3.9513
217,27,Forrest Gump (1994),Drama,Drama|Comedy|Romance,4.3248
217,1,Toy Story (1995),Animation,Animation|Childrens|Comedy,4.6785
217,29,"Silence of the Lambs, The (1991)",Thriller,Thriller,4.6201
218,34,GoodFellas (1990),Crime,Crime|Drama,4.4857
218,31,Star Wars (1977),Sci-Fi,Action|Adventure|Sci-Fi,4.0946
218,29,"Silence of the Lambs, The (1991)",Thriller,Thriller,4.5819
218,27,Forrest Gump (1994),Drama,Drama|Comedy|Romance,4.7987
218,28,Pulp Fiction (1994),Crime,Crime,4.3512
218,30,Schindler's List (1993),Drama,Drama,4.6154
218,26,"Shawshank Redemption, The (1994)",Drama,Drama,4.5823
218,12,"Usual Suspects, The (1995)",Crime,Crime,3.8464
218,33,Fargo (1996),Crime,Crime|Drama|Thriller,4.0201
218,1,Toy Story (1995),Animation,Animation|Childrens|Comedy,4.8722
219,29,"Silence of the Lambs, The (1991)",Thriller,Thriller,3.8664
219,31,Star Wars (1977),Sci-Fi,Action|Adventure|Sci-Fi,4.7718
219,26,"Shawshank Redemption, The (1994)",Drama,Drama,4.981
219,12,"Usual Suspects, The (1995)",Crime,Crime,4.7888
219,1,Toy Story (1995),Animation,Animation|Childrens|Comedy,4.466
219,28,Pulp Fiction (1994),Crime,Crime,4.1543
219,27,Forrest Gump (1994),Drama,Drama|Comedy|Romance,4.0372
219,30,Schindler's List (1993),Drama,Drama,4.2369
219,33,Fargo (1996),Crime,Crime|Drama|Thriller,4.6004
219,34,GoodFellas (1990),Crime,Crime|Drama,4.3365
220,1,Toy Story (1995),Animation,Animation|Childrens|Comedy,4.8472
220,30,Schindler's List (1993),Drama,Drama,4.1568
220,12,"Usual Suspects, The (1995)",Crime,Crime,4.1089
220,27,Forrest Gump (1994),Drama,Drama|Comedy|Romance,4.2577
220,33,Fargo (1996),Crime,Crime|Drama|Thriller,4.2274
220,34,GoodFellas (1990),Crime,Crime|Drama,4.2468
220,31,Star Wars (1977),Sci-Fi,Action|Adventure|Sci-Fi,4.1819
220,26,"Shawshank Redemption, The (1994)",Drama,Drama,4.5454
220,29,"Silence of the Lambs, The (1991)",Thriller,Thriller,3.9971
220,28,Pulp Fiction (1994),Crime,Crime,4.8152
221,27,Forrest Gump (1994),Drama,Drama|Comedy|Romance,4.8285
221,1,Toy Story (1995),Animation,Animation|Childrens|Comedy,4.0792
221,26,"Shawshank Redemption, The (1994)",Drama,Drama,4.7672
221,12,"Usual Suspects, The (1995)",Crime,Crime,4.0152
221,33,Fargo (1996),Crime,Crime|Drama|Thriller,4.7757
221,29,"Silence of the Lambs, The (1991)",Thriller,Thriller,4.9286
221,30,Schindler's List (1993),Drama,Drama,4.2028
221,28,Pulp Fiction (1994),Crime,Crime,4.4359
221,31,Star Wars (1977),Sci-Fi,Action|Adventure|Sci-Fi,4.59
221,34,GoodFellas (1990),Crime,Crime|Drama,3.8954
222,27,Forrest Gump (1994),Drama,Drama|Comedy|Romance,4.1964
222,1,Toy Story (1995),Animation,Animation|Childrens|Comedy,4.0774
222,34,GoodFellas (1990),Crime,Crime|Drama,4.8668
222,31,Star Wars (1977),Sci-Fi,Action|Adventure|Sci-Fi,3.8659
222,28,Pulp Fiction (1994),Crime,Crime,4.0119
222,12,"Usual Suspects, The (1995)",Crime,Crime,4.4585
222,30,Schindler's List (1993),Drama,Drama,4.3773
222,33,Fargo (1996),Crime,Crime|Drama|Thriller,3.855
222,29,"Silence of the Lambs, The (1991)",Thriller,Thriller,3.8087
222,26,"Shawshank Redemption, The (1994)",Drama,Drama,4.9857
223,12,"Usual Suspects, The (1995)",Crime,Crime,4.7213
223,28,Pulp Fiction (1994),Crime,Crime,4.8747
223,27,Forrest Gump (1994),Drama,Drama|Comedy|Romance,4.2255
223,34,GoodFellas (1990),Crime,Crime|Drama,4.9418
223,33,Fargo (1996),Crime,Crime|Drama|Thriller,4.5647
223,30,Schindler's List (1993),Drama,Drama,4.7452
223,26,"Shawshank Redemption, The (1994)",Drama,Drama,4.6397
223,31,Star Wars (1977),Sci-Fi,Action|Adventure|Sci-Fi,4.0467
223,1,Toy Story (1995),Animation,Animation|Childrens|Comedy,3.8857
223,29,"Silence of the Lambs, The (1991)",Thriller,Thriller,4.6715
224,34,GoodFellas (1990),Crime,Crime|Drama,4.628
224,27,Forrest Gump (1994),Drama,Drama|Comedy|Romance,4.8437
224,30,Schindler's List (1993),Drama,Drama,4.7563
224,26,"Shawshank Redemption, The (1994)",Drama,Drama,4.2158
224,29,"Silence of the Lambs, The (1991)",Thriller,Thriller,4.7293
224,31,Star Wars (1977),Sci-Fi,Action|Adventure|Sci-Fi,4.1149
224,1,Toy Story (1995),Animation,Animation|Childrens|Comedy,4.1943
224,12,"Usual Suspects, The (1995)",Crime,Crime,3.9295
224,33,Fargo (1996),Crime,Crime|Drama|Thriller,4.9221
224,28,Pulp Fiction (1994),Crime,Crime,4.1492
225,31,Star Wars (1977),Sci-Fi,Action|Adventure|Sci-Fi,4.8265
225,29,"Silence of the Lambs, The (1991)",Thriller,Thriller,4.3227
225,30,Schindler's List (1993),Drama,Drama,4.2538
225,12,"Usual Suspects, The (1995)",Crime,Crime,4.6973
225,33,Fargo (1996),Crime,Crime|Drama|Thriller,4.8955
225,26,"Shawshank Redemption, The (1994)",Drama,Drama,4.7059
225,34,GoodFellas (1990),Crime,Crime|Drama,4.0726
225,27,Forrest Gump (1994),Drama,Drama|Comedy|Romance,4.866
225,1,Toy Story (1995),Animation,Animation|Childrens|Comedy,4.2651
225,28,Pulp Fiction (1994),Crime,Crime,4.4915
226,26,"Shawshank Redemption, The (1994)",Drama,Drama,4.5424
226,30,Schindler's List (1993),Drama,Drama,3.8787
226,33,Fargo (1996),Crime,Crime|Drama|Thriller,4.6461
226,12,"Usual Suspects, The (1995)",Crime,Crime,4.4522
226,27,Forrest Gump (1994),Drama,Drama|Comedy|Romance,4.4309
226,34,GoodFellas (1990),Crime,Crime|Drama,4.1505
226,31,Star Wars (1977),Sci-Fi,Action|Adventure|Sci-Fi,4.5138
226,29,"Silence of the Lambs, The (1991)",Thriller,Thriller,3.833
226,28,Pulp Fiction (1994),Crime,Crime,3.8776
226,1,Toy Story (1995),Animation,Animation|Childrens|Comedy,4.6806
227,12,"Usual Suspects, The (1995)",Crime,Crime,4.331
227,27,Forrest Gump (1994),Drama,Drama|Comedy|Romance,3.9865
227,33,Fargo (1996),Crime,Crime|Drama|Thriller,4.5151
227,1,Toy Story (1995),Animation,Animation|Childrens|Comedy,4.1007
227,29,"Silence of the Lambs, The (1991)",Thriller,Thriller,4.2006
227,31,Star Wars (1977),Sci-Fi,Action|Adventure|Sci-Fi,4.3655
227,30,Schindler's List (1993),Drama,Drama,3.8321
227,26,"Shawshank Redemption, The (1994)",Drama,Drama,3.9103
227,34,GoodFellas (1990),Crime,Crime|Drama,4.6231
227,28,Pulp Fiction (1994),Crime,Crime,4.3148
228,28,Pulp Fiction (1994),Crime,Crime,4.0583
228,27,Forrest Gump (1994),Drama,Drama|Comedy|Romance,4.1353
228,26,"Shawshank Redemption, The (1994)",Drama,Drama,4.0892
228,29,"Silence of the Lambs, The (1991)",Thriller,Thriller,4.397
228,33,Fargo (1996),Crime,Crime|Drama|Thriller,4.9335
228,30,Schindler's List (1993),Drama,Drama,4.333
228,1,Toy Story (1995),Animation,Animation|Childrens|Comedy,4.5939
228,31,Star Wars (1977),Sci-Fi,Action|Adventure|Sci-Fi,4.6263
228,34,GoodFellas (1990),Crime,Crime|Drama,4.8459
228,12,"Usual Suspects, The (1995)",Crime,Crime,3.8406
229,31,Star Wars (1977),Sci-Fi,Action|Adventure|Sci-Fi,3.9971
229,1,Toy Story (1995),Animation,Animation|Childrens|Comedy,3.8672
229,33,Fargo (1996),Crime,Crime|Drama|Thriller,3.9452
229,29,"Silence of the Lambs, The (1991)",Thriller,Thriller,4.916
229,34,GoodFellas (1990),Crime,Crime|Drama,4.4621
229,12,"Usual Suspects, The (1995)",Crime,Crime,4.7556
229,28,Pulp Fiction (1994),Crime,Crime,4.1992
229,30,Schindler's List (1993),Drama,Drama,4.5112
229,27,Forrest Gump (1994),Drama,Drama|Comedy|Romance,4.3939
229,26,"Shawshank Redemption, The (1994)",Drama,Drama,4.9349
230,1,Toy Story (1995),Animation,Animation|Childrens|Comedy,4.1088
230,34,GoodFellas (1990),Crime,Crime|Drama,4.1238
230,33,Fargo (1996),Crime,Crime|Drama|Thriller,4.2936
230,30,Schindler's List (1993),Drama,Drama,4.092
230,12,"Usual Suspects, The (1995)",Crime,Crime,3.955
230,26,"Shawshank Redemption, The (1994)",Drama,Drama,4.8289
230,27,Forrest Gump (1994),Drama,Drama|Comedy|Romance,4.4699
230,31,Star Wars (1977),Sci-Fi,Action|Adventure|Sci-Fi,4.8336
230,28,Pulp Fiction (1994),Crime,Crime,4.7974
230,29,"Silence of the Lambs, The (1991)",Thriller,Thriller,4.1385
231,27,Forrest Gump (1994),Drama,Drama|Comedy|Romance,4.1021
231,28,Pulp Fiction (1994),Crime,Crime,4.2498
231,1,Toy Story (1995),Animation,Animation|Childrens|Comedy,4.7599
231,31,Star Wars (1977),Sci-Fi,Action|Adventure|Sci-Fi,4.8011
231,30,Schindler's List (1993),Drama,Drama,4.165
231,34,GoodFellas (1990),Crime,Crime|Drama,4.3628
231,26,"Shawshank Redemption, The (1994)",Drama,Drama,4.8486
231,29,"Silence of the Lambs, The (1991)",Thriller,Thriller,3.8632
231,33,Fargo (1996),Crime,Crime|Drama|Thriller,4.867
231,12,"Usual Suspects, The (1995)",Crime,Crime,4.063
232,27,Forrest Gump (1994),Drama,Drama|Comedy|Romance,4.2164
232,1,Toy Story (1995),Animation,Animation|Childrens|Comedy,4.4459
232,33,Fargo (1996),Crime,Crime|Drama|Thriller,4.7735
232,30,Schindler's List (1993),Drama,Drama,4.0597
232,12,"Usual Suspects, The (1995)",Crime,Crime,4.7635
232,26,"Shawshank Redemption, The (1994)",Drama,Drama,4.2796
232,31,Star Wars (1977),Sci-Fi,Action|Adventure|Sci-Fi,4.0267
232,34,GoodFellas (1990),Crime,Crime|Drama,4.7108
232,28,Pulp Fiction (1994),Crime,Crime,3.9091
232,29,"Silence of the Lambs, The (1991)",Thriller,Thriller,4.4177
233,1,Toy Story (1995),Animation,Animation|Childrens|Comedy,4.3149
233,26,"Shawshank Redemption, The (1994)",Drama,Drama,4.0721
233,12,"Usual Suspects, The (1995)",Crime,Crime,4.3471
233,30,Schindler's List (1993),Drama,Drama,4.9439
233,34,GoodFellas (1990),Crime,Crime|Drama,4.8205
233,31,Star Wars (1977),Sci-Fi,Action|Adventure|Sci-Fi,3.9743
233,27,Forrest Gump (1994),Drama,Drama|Comedy|Romance,3.8357
233,28,Pulp Fiction (1994),Crime,Crime,4.9202
233,33,Fargo (1996),Crime,Crime|Drama|Thriller,4.4321
233,29,"Silence of the Lambs, The (1991)",Thriller,Thriller,4.4454
234,1,Toy Story (1995),Animation,Animation|Childrens|Comedy,4.3079
234,33,Fargo (1996),Crime,Crime|Drama|Thriller,4.7287
234,26,"Shawshank Redemption, The (1994)",Drama,Drama,4.9662
234,28,Pulp Fiction (1994),Crime,Crime,4.2307
234,31,Star Wars (1977),Sci-Fi,Action|Adventure|Sci-Fi,4.2863
234,27,Forrest Gump (1994),Drama,Drama|Comedy|Romance,4.8867
234,29,"Silence of the Lambs, The (1991)",Thriller,Thriller,3.9916
234,30,Schindler's List (1993),Drama,Drama,3.8343
234,12,"Usual Suspects, The (1995)",Crime,Crime,4.8907
234,34,GoodFellas (1990),Crime,Crime|Drama,4.7859
235,30,Schindler's List (1993),Drama,Drama,3.8689
235,1,Toy Story (1995),Animation,Animation|Childrens|Comedy,4.5676
235,34,GoodFellas (1990),Crime,Crime|Drama,4.4841
235,28,Pulp Fiction (1994),Crime,Crime,3.9355
235,12,"Usual Suspects, The (1995)",Crime,Crime,4.8907
235,27,Forrest Gump (1994),Drama,Drama|Comedy|Romance,4.0387
235,29,"Silence of the Lambs, The (1991)",Thriller,Thriller,4.6922
235,33,Fargo (1996),Crime,Crime|Drama|Thriller,4.8621
235,26,"Shawshank Redemption, The (1994)",Drama,Drama,4.4954
235,31,Star Wars (1977),Sci-Fi,Action|Adventure|Sci-Fi,4.0962
236,31,Star Wars (1977),Sci-Fi,Action|Adventure|Sci-Fi,4.3871
236,29,"Silence of the Lambs, The (1991)",Thriller,Thriller,4.6961
236,26,"Shawshank Redemption, The (1994)",Drama,Drama,3.9318
236,30,Schindler's List (1993),Drama,Drama,4.3096
236,27,Forrest Gump (1994),Drama,Drama|Comedy|Romance,3.8213
236,34,GoodFellas (1990),Crime,Crime|Drama,3.8403
236,28,Pulp Fiction (1994),Crime,Crime,4.3795
236,1,Toy Story (1995),Animation,Animation|Childrens|Comedy,4.1578
236,33,Fargo (1996),Crime,Crime|Drama|Thriller,4.8141
236,12,"Usual Suspects, The (1995)",Crime,Crime,4.5226
237,28,Pulp Fiction (1994),Crime,Crime,3.9445
237,26,"Shawshank Redemption, The (1994)",Drama,Drama,3.9723
237,33,Fargo (1996),Crime,Crime|Drama|Thriller,4.5932
237,12,"Usual Suspects, The (1995)",Crime,Crime,4.5937
237,29,"Silence of the Lambs, The (1991)",Thriller,Thriller,4.8175
237,30,Schindler's List (1993),Drama,Drama,4.7022
237,27,Forrest Gump (1994),Drama,Drama|Comedy|Romance,4.3396
237,34,GoodFellas (1990),Crime,Crime|Drama,4.5354
237,1,Toy Story (1995),Animation,Animation|Childrens|Comedy,4.6259
237,31,Star Wars (1977),Sci-Fi,Action|Adventure|Sci-Fi,4.4153
238,26,"Shawshank Redemption, The (1994)",Drama,Drama,4.6096
238,28,Pulp Fiction (1994),Crime,Crime,4.9619
238,12,"Usual Suspects, The (1995)",Crime,Crime,3.973
238,1,Toy Story (1995),Animation,Animation|Childrens|Comedy,4.8476
238,34,GoodFellas (1990),Crime,Crime|Drama,4.141
238,31,Star Wars (1977),Sci-Fi,Action|Adventure|Sci-Fi,4.5096
238,33,Fargo (1996),Crime,Crime|Drama|Thriller,4.4561
238,30,Schindler's List (1993),Drama,Drama,4.4683
238,29,"Silence of the Lambs, The (1991)",Thriller,Thriller,4.668
238,27,Forrest Gump (1994),Drama,Drama|Comedy|Romance,4.258
239,34,GoodFellas (1990),Crime,Crime|Drama,4.4222
239,12,"Usual Suspects, The (1995)",Crime,Crime,4.4462
239,33,Fargo (1996),Crime,Crime|Drama|Thriller,4.1053
239,30,Schindler's List (1993),Drama,Drama,3.8867
239,29,"Silence of the Lambs, The (1991)",Thriller,Thriller,4.6936
239,28,Pulp Fiction (1994),Crime,Crime,4.7096
239,27,Forrest Gump (1994),Drama,Drama|Comedy|Romance,4.9974
239,26,"Shawshank Redemption, The (1994)",Drama,Drama,4.88
239,1,Toy Story (1995),Animation,Animation|Childrens|Comedy,4.9113
239,31,Star Wars (1977),Sci-Fi,Action|Adventure|Sci-Fi,4.7578
240,28,Pulp Fiction (1994),Crime,Crime,4.4411
240,29,"Silence of the Lambs, The (1991)",Thriller,Thriller,4.1615
240,1,Toy Story (1995),Animation,Animation|Childrens|Comedy,4.142
240,26,"Shawshank Redemption, The (1994)",Drama,Drama,4.2676
240,34,GoodFellas (1990),Crime,Crime|Drama,3.8008
240,31,Star Wars (1977),Sci-Fi,Action|Adventure|Sci-Fi,4.36
240,30,Schindler's List (1993),Drama,Drama,4.3839
240,12,"Usual Suspects, The (1995)",Crime,Crime,4.8358
240,33,Fargo (1996),Crime,Crime|Drama|Thriller,4.3382
240,27,Forrest Gump (1994),Drama,Drama|Comedy|Romance,4.2363
241,33,Fargo (1996),Crime,Crime|Drama|Thriller,3.955
241,29,"Silence of the Lambs, The (1991)",Thriller,Thriller,4.9352
241,34,GoodFellas (1990),Crime,Crime|Drama,4.6543
241,28,Pulp Fiction (1994),Crime,Crime,4.69
241,26,"Shawshank Redemption, The (1994)",Drama,Drama,4.3993
241,27,Forrest Gump (1994),Drama,Drama|Comedy|Romance,4.3697
241,31,Star Wars (1977),Sci-Fi,Action|Adventure|Sci-Fi,3.932
241,12,"Usual Suspects, The (1995)",Crime,Crime,4.4718
241,30,Schindler's List (1993),Drama,Drama,4.0963
241,1,Toy Story (1995),Animation,Animation|Childrens|Comedy,4.9726
242,31,Star Wars (1977),Sci-Fi,Action|Adventure|Sci-Fi,4.4683
242,33,Fargo (1996),Crime,Crime|Drama|Thriller,4.7445
242,30,Schindler's List (1993),Drama,Drama,4.1772
242,12,"Usual Suspects, The (1995)",Crime,Crime,3.9016
242,1,Toy Story (1995),Animation,Animation|Childrens|Comedy,4.3574
242,26,"Shawshank Redemption, The (1994)",Drama,Drama,4.6977
242,28,Pulp Fiction (1994),Crime,Crime,4.066
242,27,Forrest Gump (1994),Drama,Drama|Comedy|Romance,4.0639
242,29,"Silence of the Lambs, The (1991)",Thriller,Thriller,4.9367
242,34,GoodFellas (1990),Crime,Crime|Drama,4.945
243,29,"Silence of the Lambs, The (1991)",Thriller,Thriller,4.6688
243,31,Star Wars (1977),Sci-Fi,Action|Adventure|Sci-Fi,4.0232
243,27,Forrest Gump (1994),Drama,Drama|Comedy|Romance,4.8914
243,30,Schindler's List (1993),Drama,Drama,4.7934
243,12,"Usual Suspects, The (1995)",Crime,Crime,3.9964
243,1,Toy Story (1995),Animation,Animation|Childrens|Comedy,4.8454
243,26,"Shawshank Redemption, The (1994)",Drama,Drama,4.1267
243,34,GoodFellas (1990),Crime,Crime|Drama,3.897
243,33,Fargo (1996),Crime,Crime|Drama|Thriller,4.5882
243,28,Pulp Fiction (1994),Crime,Crime,4.5846
244,26,"Shawshank Redemption, The (1994)",Drama,Drama,4.4927
244,30,Schindler's List (1993),Drama,Drama,4.6117
244,12,"Usual Suspects, The (1995)",Crime,Crime,4.7162
244,33,Fargo (1996),Crime,Crime|Drama|Thriller,4.1818
244,1,Toy Story (1995),Animation,Animation|Childrens|Comedy,3.975
244,28,Pulp Fiction (1994),Crime,Crime,4.9458
244,34,GoodFellas (1990),Crime,Crime|Drama,3.8917
244,29,"Silence of the Lambs, The (1991)",Thriller,Thriller,3.915
244,27,Forrest Gump (1994),Drama,Drama|Comedy|Romance,4.3939
244,31,Star Wars (1977),Sci-Fi,Action|Adventure|Sci-Fi,4.7831
245,29,"Silence of the Lambs, The (1991)",Thriller,Thriller,4.833
245,12,"Usual Suspects, The (1995)",Crime,Crime,4.386
245,27,Forrest Gump (1994),Drama,Drama|Comedy|Romance,3.8322
245,34,GoodFellas (1990),Crime,Crime|Drama,4.6496
245,33,Fargo (1996),Crime,Crime|Drama|Thriller,4.2664
245,30,Schindler's List (1993),Drama,Drama,4.4374
245,1,Toy Story (1995),Animation,Animation|Childrens|Comedy,4.8725
245,28,Pulp Fiction (1994),Crime,Crime,4.1081
245,31,Star Wars (1977),Sci-Fi,Action|Adventure|Sci-Fi,4.0883
245,26,"Shawshank Redemption, The (1994)",Drama,Drama,4.1158
246,31,Star Wars (1977),Sci-Fi,Action|Adventure|Sci-Fi,4.0588
246,28,Pulp Fiction (1994),Crime,Crime,4.1068
246,27,Forrest Gump (1994),Drama,Drama|Comedy|Romance,4.1564
246,30,Schindler's List (1993),Drama,Drama,4.7222
246,1,Toy Story (1995),Animation,Animation|Childrens|Comedy,4.3131
246,12,"Usual Suspects, The (1995)",Crime,Crime,4.7832
246,29,"Silence of the Lambs, The (1991)",Thriller,Thriller,4.7418
246,33,Fargo (1996),Crime,Crime|Drama|Thriller,4.9154
246,34,GoodFellas (1990),Crime,Crime|Drama,4.7079
246,26,"Shawshank Redemption, The (1994)",Drama,Drama,3.8623
247,34,GoodFellas (1990),Crime,Crime|Drama,4.9732
247,12,"Usual Suspects, The (1995)",Crime,Crime,4.5138
247,27,Forrest Gump (1994),Drama,Drama|Comedy|Romance,4.8207
247,31,Star Wars (1977),Sci-Fi,Action|Adventure|Sci-Fi,3.8107
247,28,Pulp Fiction (1994),Crime,Crime,3.844
247,1,Toy Story (1995),Animation,Animation|Childrens|Comedy,4.5161
247,30,Schindler's List (1993),Drama,Drama,4.2668
247,26,"Shawshank Redemption, The (1994)",Drama,Drama,4.8677
247,29,"Silence of the Lambs, The (1991)",Thriller,Thriller,4.1624
247,33,Fargo (1996),Crime,Crime|Drama|Thriller,4.3185
248,28,Pulp Fiction (1994),Crime,Crime,4.1744
248,29,"Silence of the Lambs, The (1991)",Thriller,Thriller,4.781
248,26,"Shawshank Redemption, The (1994)",Drama,Drama,3.9467
248,1,Toy Story (1995),Animation,Animation|Childrens|Comedy,4.0193
248,31,Star Wars (1977),Sci-Fi,Action|Adventure|Sci-Fi,4.941
248,30,Schindler's List (1993),Drama,Drama,4.8109
248,12,"Usual Suspects, The (1995)",Crime,Crime,4.2655
248,33,Fargo (1996),Crime,Crime|Drama|Thriller,4.5661
248,34,GoodFellas (1990),Crime,Crime|Drama,4.9316
248,27,Forrest Gump (1994),Drama,Drama|Comedy|Romance,4.0542
249,26,"Shawshank Redemption, The (1994)",Drama,Drama,4.2784
249,1,Toy Story (1995),Animation,Animation|Childrens|Comedy,3.9643
249,28,Pulp Fiction (1994),Crime,Crime,4.6251
249,33,Fargo (1996),Crime,Crime|Drama|Thriller,4.9915
249,31,Star Wars (1977),Sci-Fi,Action|Adventure|Sci-Fi,4.2748
249,27,Forrest Gump (1994),Drama,Drama|Comedy|Romance,4.5495
249,12,"Usual Suspects, The (1995)",Crime,Crime,4.9556
249,29,"Silence of the Lambs, The (1991)",Thriller,Thriller,4.7978
249,30,Schindler's List (1993),Drama,Drama,4.3563
249,34,GoodFellas (1990),Crime,Crime|Drama,4.685
250,27,Forrest Gump (1994),Drama,Drama|Comedy|Romance,4.4374
250,29,"Silence of the Lambs, The (1991)",Thriller,Thriller,3.9757
250,33,Fargo (1996),Crime,Crime|Drama|Thriller,3.9677
250,34,GoodFellas (1990),Crime,Crime|Drama,4.5001
250,28,Pulp Fiction (1994),Crime,Crime,4.982
250,1,Toy Story (1995),Animation,Animation|Childrens|Comedy,3.9155
250,31,Star Wars (1977),Sci-Fi,Action|Adventure|Sci-Fi,4.1429
250,30,Schindler's List (1993),Drama,Drama,4.8434
250,26,"Shawshank Redemption, The (1994)",Drama,Drama,3.8867
250,12,"Usual Suspects, The (1995)",Crime,Crime,4.8511
251,27,Forrest Gump (1994),Drama,Drama|Comedy|Romance,4.1976
251,26,"Shawshank Redemption, The (1994)",Drama,Drama,4.4005
251,34,GoodFellas (1990),Crime,Crime|Drama,3.8171
251,1,Toy Story (1995),Animation,Animation|Childrens|Comedy,4.8847
251,30,Schindler's List (1993),Drama,Drama,3.8532
251,31,Star Wars (1977),Sci-Fi,Action|Adventure|Sci-Fi,4.1869
251,28,Pulp Fiction (1994),Crime,Crime,4.483
251,33,Fargo (1996),Crime,Crime|Drama|Thriller,4.4214
251,12,"Usual Suspects, The (1995)",Crime,Crime,4.5854
251,29,"Silence of the Lambs, The (1991)",Thriller,Thriller,4.433
252,1,Toy Story (1995),Animation,Animation|Childrens|Comedy,4.3827
252,34,GoodFellas (1990),Crime,Crime|Drama,4.3594
252,27,Forrest Gump (1994),Drama,Drama|Comedy|Romance,4.5855
252,33,Fargo (1996),Crime,Crime|Drama|Thriller,3.9242
252,31,Star Wars (1977),Sci-Fi,Action|Adventure|Sci-Fi,4.1042
252,30,Schindler's List (1993),Drama,Drama,4.9028
252,12,"Usual Suspects, The (1995)",Crime,Crime,4.6039
252,26,"Shawshank Redemption, The (1994)",Drama,Drama,3.8161
252,29,"Silence of the Lambs, The (1991)",Thriller,Thriller,4.0456
252,28,Pulp Fiction (1994),Crime,Crime,4.6194
253,28,Pulp Fiction (1994),Crime,Crime,4.5161
253,31,Star Wars (1977),Sci-Fi,Action|Adventure|Sci-Fi,3.9473
253,34,GoodFellas (1990),Crime,Crime|Drama,4.9557
253,30,Schindler's List (1993),Drama,Drama,3.9475
253,29,"Silence of the Lambs, The (1991)",Thriller,Thriller,4.1059
253,33,Fargo (1996),Crime,Crime|Drama|Thriller,4.7764
253,12,"Usual Suspects, The (1995)",Crime,Crime,4.5423
253,27,Forrest Gump (1994),Drama,Drama|Comedy|Romance,4.8058
253,26,"Shawshank Redemption, The (1994)",Drama,Drama,4.4189
253,1,Toy Story (1995),Animation,Animation|Childrens|Comedy,4.2524
254,28,Pulp Fiction (1994),Crime,Crime,3.967
254,29,"Silence of the Lambs, The (1991)",Thriller,Thriller,4.4963
254,27,Forrest Gump (1994),Drama,Drama|Comedy|Romance,4.8657
254,26,"Shawshank Redemption, The (1994)",Drama,Drama,4.3682
254,31,Star Wars (1977),Sci-Fi,Action|Adventure|Sci-Fi,4.6959
254,1,Toy Story (1995),Animation,Animation|Childrens|Comedy,4.7656
254,12,"Usual Suspects, The (1995)",Crime,Crime,4.6838
254,34,GoodFellas (1990),Crime,Crime|Drama,4.9104
254,33,Fargo (1996),Crime,Crime|Drama|Thriller,4.3362
254,30,Schindler's List (1993),Drama,Drama,4.0078
255,12,"Usual Suspects, The (1995)",Crime,Crime,4.682
255,29,"Silence of the Lambs, The (1991)",Thriller,Thriller,3.8742
255,33,Fargo (1996),Crime,Crime|Drama|Thriller,4.6936
255,27,Forrest Gump (1994),Drama,Drama|Comedy|Romance,3.8288
255,34,GoodFellas (1990),Crime,Crime|Drama,4.5804
255,28,Pulp Fiction (1994),Crime,Crime,4.0526
255,1,Toy Story (1995),Animation,Animation|Childrens|Comedy,4.6357
255,31,Star Wars (1977),Sci-Fi,Action|Adventure|Sci-Fi,4.1717
255,26,"Shawshank Redemption, The (1994)",Drama,Drama,4.8476
255,30,Schindler's List (1993),Drama,Drama,4.2043
256,27,Forrest Gump (1994),Drama,Drama|Comedy|Romance,4.9386
256,1,Toy Story (1995),Animation,Animation|Childrens|Comedy,4.2286
256,31,Star Wars (1977),Sci-Fi,Action|Adventure|Sci-Fi,4.5822
256,12,"Usual Suspects, The (1995)",Crime,Crime,4.6914
256,28,Pulp Fiction (1994),Crime,Crime,3.8275
256,30,Schindler's List (1993),Drama,Drama,4.9508
256,26,"Shawshank Redemption, The (1994)",Drama,Drama,4.2133
256,34,GoodFellas (1990),Crime,Crime|Drama,4.0277
256,29,"Silence of the Lambs, The (1991)",Thriller,Thriller,4.8208
256,33,Fargo (1996),Crime,Crime|Drama|Thriller,4.6435
257,30,Schindler's List (1993),Drama,Drama,4.5759
257,29,"Silence of the Lambs, The (1991)",Thriller,Thriller,4.2209
257,34,GoodFellas (1990),Crime,Crime|Drama,4.1281
257,12,"Usual Suspects, The (1995)",Crime,Crime,4.4929
257,27,Forrest Gump (1994),Drama,Drama|Comedy|Romance,4.9202
257,1,Toy Story (1995),Animation,Animation|Childrens|Comedy,3.842
257,33,Fargo (1996),Crime,Crime|Drama|Thriller,4.7231
257,31,Star Wars (1977),Sci-Fi,Action|Adventure|Sci-Fi,4.6673
257,28,Pulp Fiction (1994),Crime,Crime,4.9567
257,26,"Shawshank Redemption, The (1994)",Drama,Drama,4.9169
258,33,Fargo (1996),Crime,Crime|Drama|Thriller,4.8748
258,26,"Shawshank Redemption, The (1994)",Drama,Drama,4.7477
258,31,Star Wars (1977),Sci-Fi,Action|Adventure|Sci-Fi,4.0343
258,34,GoodFellas (1990),Crime,Crime|Drama,4.5196
258,27,Forrest Gump (1994),Drama,Drama|Comedy|Romance,4.1986
258,12,"Usual Suspects, The (1995)",Crime,Crime,3.811
258,29,"Silence of the Lambs, The (1991)",Thriller,Thriller,4.0403
258,30,Schindler's List (1993),Drama,Drama,3.9359
258,1,Toy Story (1995),Animation,Animation|Childrens|Comedy,4.8113
258,28,Pulp Fiction (1994),Crime,Crime,4.1102
259,1,Toy Story (1995),Animation,Animation|Childrens|Comedy,3.8371
259,27,Forrest Gump (1994),Drama,Drama|Comedy|Romance,4.0417
259,29,"Silence of the Lambs, The (1991)",Thriller,Thriller,4.1211
259,28,Pulp Fiction (1994),Crime,Crime,3.8871
259,34,GoodFellas (1990),Crime,Crime|Drama,4.2257
259,12,"Usual Suspects, The (1995)",Crime,Crime,3.8326
259,33,Fargo (1996),Crime,Crime|Drama|Thriller,4.4638
259,26,"Shawshank Redemption, The (1994)",Drama,Drama,4.0538
259,31,Star Wars (1977),Sci-Fi,Action|Adventure|Sci-Fi,4.1444
259,30,Schindler's List (1993),Drama,Drama,4.8926
260,28,Pulp Fiction (1994),Crime,Crime,4.9418
260,29,"Silence of the Lambs, The (1991)",Thriller,Thriller,4.6695
260,34,GoodFellas (1990),Crime,Crime|Drama,4.7599
260,27,Forrest Gump (1994),Drama,Drama|Comedy|Romance,4.9771
260,26,"Shawshank Redemption, The (1994)",Drama,Drama,4.918
260,31,Star Wars (1977),Sci-Fi,Action|Adventure|Sci-Fi,4.6843
260,30,Schindler's List (1993),Drama,Drama,4.6328
260,33,Fargo (1996),Crime,Crime|Drama|Thriller,4.2042
260,12,"Usual Suspects, The (1995)",Crime,Crime,3.9248
260,1,Toy Story (1995),Animation,Animation|Childrens|Comedy,4.4885
261,1,Toy Story (1995),Animation,Animation|Childrens|Comedy,4.0601
261,12,"Usual Suspects, The (1995)",Crime,Crime,4.5026
261,29,"Silence of the Lambs, The (1991)",Thriller,Thriller,4.2177
261,26,"Shawshank Redemption, The (1994)",Drama,Drama,4.5889
261,28,Pulp Fiction (1994),Crime,Crime,3.8188
261,33,Fargo (1996),Crime,Crime|Drama|Thriller,3.8772
261,27,Forrest Gump (1994),Drama,Drama|Comedy|Romance,3.9196
261,30,Schindler's List (1993),Drama,Drama,4.3028
261,34,GoodFellas (1990),Crime,Crime|Drama,4.7778
261,31,Star Wars (1977),Sci-Fi,Action|Adventure|Sci-Fi,4.8658
262,30,Schindler's List (1993),Drama,Drama,3.991
262,12,"Usual Suspects, The (1995)",Crime,Crime,3.8181
262,28,Pulp Fiction (1994),Crime,Crime,4.3391
262,29,"Silence of the Lambs, The (1991)",Thriller,Thriller,4.3185
262,31,Star Wars (1977),Sci-Fi,Action|Adventure|Sci-Fi,4.4623
262,27,Forrest Gump (1994),Drama,Drama|Comedy|Romance,4.7999
262,26,"Shawshank Redemption, The (1994)",Drama,Drama,4.7628
262,34,GoodFellas (1990),Crime,Crime|Drama,3.9201
262,33,Fargo (1996),Crime,Crime|Drama|Thriller,4.9208
262,1,Toy Story (1995),Animation,Animation|Childrens|Comedy,3.9325
263,30,Schindler's List (1993),Drama,Drama,4.5064
263,12,"Usual Suspects, The (1995)",Crime,Crime,4.0682
263,33,Fargo (1996),Crime,Crime|Drama|Thriller,4.8167
263,29,"Silence of the Lambs, The (1991)",Thriller,Thriller,4.3903
263,34,GoodFellas (1990),Crime,Crime|Drama,4.787
263,1,Toy Story (1995),Animation,Animation|Childrens|Comedy,4.2872
263,27,Forrest Gump (1994),Drama,Drama|Comedy|Romance,4.9816
263,28,Pulp Fiction (1994),Crime,Crime,4.7246
263,31,Star Wars (1977),Sci-Fi,Action|Adventure|Sci-Fi,4.9591
263,26,"Shawshank Redemption, The (1994)",Drama,Drama,4.4172
264,33,Fargo (1996),Crime,Crime|Drama|Thriller,4.3349
264,26,"Shawshank Redemption, The (1994)",Drama,Drama,4.0932
264,27,Forrest Gump (1994),Drama,Drama|Comedy|Romance,4.4334
264,1,Toy Story (1995),Animation,Animation|Childrens|Comedy,4.1303
264,30,Schindler's List (1993),Drama,Drama,4.8374
264,12,"Usual Suspects, The (1995)",Crime,Crime,4.5288
264,28,Pulp Fiction (1994),Crime,Crime,3.8003
264,34,GoodFellas (1990),Crime,Crime|Drama,4.7666
264,31,Star Wars (1977),Sci-Fi,Action|Adventure|Sci-Fi,4.1963
264,29,"Silence of the Lambs, The (1991)",Thriller,Thriller,4.1842
265,34,GoodFellas (1990),Crime,Crime|Drama,4.0577
265,28,Pulp Fiction (1994),Crime,Crime,4.0243
265,33,Fargo (1996),Crime,Crime|Drama|Thriller,4.3459
265,31,Star Wars (1977),Sci-Fi,Action|Adventure|Sci-Fi,4.6973
265,26,"Shawshank Redemption, The (1994)",Drama,Drama,4.1379
265,27,Forrest Gump (1994),Drama,Drama|Comedy|Romance,3.8239
265,1,Toy Story (1995),Animation,Animation|Childrens|Comedy,4.4495
265,30,Schindler's List (1993),Drama,Drama,4.9479
265,12,"Usual Suspects, The (1995)",Crime,Crime,4.2695
265,29,"Silence of the Lambs, The (1991)",Thriller,Thriller,4.3042
266,31,Star Wars (1977),Sci-Fi,Action|Adventure|Sci-Fi,4.2439
266,1,Toy Story (1995),Animation,Animation|Childrens|Comedy,4.7923
266,30,Schindler's List (1993),Drama,Drama,3.9876
266,27,Forrest Gump (1994),Drama,Drama|Comedy|Romance,4.2126
266,26,"Shawshank Redemption, The (1994)",Drama,Drama,4.67
266,28,Pulp Fiction (1994),Crime,Crime,3.8188
266,29,"Silence of the Lambs, The (1991)",Thriller,Thriller,4.1473
266,33,Fargo (1996),Crime,Crime|Drama|Thriller,4.5697
266,12,"Usual Suspects, The (1995)",Crime,Crime,4.0231
266,34,GoodFellas (1990),Crime,Crime|Drama,4.1633
267,33,Fargo (1996),Crime,Crime|Drama|Thriller,4.2218
267,1,Toy Story (1995),Animation,Animation|Childrens|Comedy,3.876
267,12,"Usual Suspects, The (1995)",Crime,Crime,4.9832
267,30,Schindler's List (1993),Drama,Drama,3.8378
267,26,"Shawshank Redemption, The (1994)",Drama,Drama,4.595
267,31,Star Wars (1977),Sci-Fi,Action|Adventure|Sci-Fi,4.2455
267,27,Forrest Gump (1994),Drama,Drama|Comedy|Romance,4.5752
267,34,GoodFellas (1990),Crime,Crime|Drama,4.2275
267,29,"Silence of the Lambs, The (1991)",Thriller,Thriller,4.6085
267,28,Pulp Fiction (1994),Crime,Crime,4.6751
268,12,"Usual Suspects, The (1995)",Crime,Crime,4.4253
268,34,GoodFellas (1990),Crime,Crime|Drama,4.1428
268,30,Schindler's List (1993),Drama,Drama,4.0981
268,29,"Silence of the Lambs, The (1991)",Thriller,Thriller,4.7107
268,27,Forrest Gump (1994),Drama,Drama|Comedy|Romance,3.9419
268,28,Pulp Fiction (1994),Crime,Crime,4.244
268,31,Star Wars (1977),Sci-Fi,Action|Adventure|Sci-Fi,3.9818
268,26,"Shawshank Redemption, The (1994)",Drama,Drama,4.1096
268,33,Fargo (1996),Crime,Crime|Drama|Thriller,3.9832
268,1,Toy Story (1995),Animation,Animation|Childrens|Comedy,4.8641
269,1,Toy Story (1995),Animation,Animation|Childrens|Comedy,4.5636
269,31,Star Wars (1977),Sci-Fi,Action|Adventure|Sci-Fi,4.592
269,34,GoodFellas (1990),Crime,Crime|Drama,4.1467
269,26,"Shawshank Redemption, The (1994)",Drama,Drama,3.9689
269,12,"Usual Suspects, The (1995)",Crime,Crime,3.988
269,28,Pulp Fiction (1994),Crime,Crime,4.5673
269,33,Fargo (1996),Crime,Crime|Drama|Thriller,4.8474
269,27,Forrest Gump (1994),Drama,Drama|Comedy|Romance,4.2914
269,30,Schindler's List (1993),Drama,Drama,4.0034
269,29,"Silence of the Lambs, The (1991)",Thriller,Thriller,4.7079
270,28,Pulp Fiction (1994),Crime,Crime,3.9287
270,26,"Shawshank Redemption, The (1994)",Drama,Drama,3.9111
270,29,"Silence of the Lambs, The (1991)",Thriller,Thriller,4.6551
270,34,GoodFellas (1990),Crime,Crime|Drama,3.8835
270,27,Forrest Gump (1994),Drama,Drama|Comedy|Romance,4.3956
270,30,Schindler's List (1993),Drama,Drama,4.3672
270,1,Toy Story (1995),Animation,Animation|Childrens|Comedy,4.1728
270,31,Star Wars (1977),Sci-Fi,Action|Adventure|Sci-Fi,4.8445
270,12,"Usual Suspects, The (1995)",Crime,Crime,4.0045
270,33,Fargo (1996),Crime,Crime|Drama|Thriller,4.223
271,28,Pulp Fiction (1994),Crime,Crime,3.969
271,33,Fargo (1996),Crime,Crime|Drama|Thriller,4.4248
271,30,Schindler's List (1993),Drama,Drama,4.7948
271,26,"Shawshank Redemption, The (1994)",Drama,Drama,3.8478
271,12,"Usual Suspects, The (1995)",Crime,Crime,4.9947
271,27,Forrest Gump (1994),Drama,Drama|Comedy|Romance,4.5227
271,34,GoodFellas (1990),Crime,Crime|Drama,4.9747
271,1,Toy Story (1995),Animation,Animation|Childrens|Comedy,4.2381
271,29,"Silence of the Lambs, The (1991)",Thriller,Thriller,4.3496
271,31,Star Wars (1977),Sci-Fi,Action|Adventure|Sci-Fi,4.7028
272,33,Fargo (1996),Crime,Crime|Drama|Thriller,4.3041
272,30,Schindler's List (1993),Drama,Drama,3.8734
272,26,"Shawshank Redemption, The (1994)",Drama,Drama,4.3872
272,27,Forrest Gump (1994),Drama,Drama|Comedy|Romance,4.776
272,28,Pulp Fiction (1994),Crime,Crime,3.9185
272,1,Toy Story (1995),Animation,Animation|Childrens|Comedy,3.8835
272,31,Star Wars (1977),Sci-Fi,Action|Adventure|Sci-Fi,3.9844
272,34,GoodFellas (1990),Crime,Crime|Drama,4.7173
272,12,"Usual Suspects, The (1995)",Crime,Crime,4.6688
272,29,"Silence of the Lambs, The (1991)",Thriller,Thriller,4.478
273,1,Toy Story (1995),Animation,Animation|Childrens|Comedy,4.285
273,28,Pulp Fiction (1994),Crime,Crime,4.6422
273,12,"Usual Suspects, The (1995)",Crime,Crime,3.8466
273,33,Fargo (1996),Crime,Crime|Drama|Thriller,4.9485
273,29,"Silence of the Lambs, The (1991)",Thriller,Thriller,3.8555
273,30,Schindler's List (1993),Drama,Drama,4.8575
273,34,GoodFellas (1990),Crime,Crime|Drama,4.8733
273,31,Star Wars (1977),Sci-Fi,Action|Adventure|Sci-Fi,4.4294
273,27,Forrest Gump (1994),Drama,Drama|Comedy|Romance,3.9644
273,26,"Shawshank Redemption, The (1994)",Drama,Drama,4.4782
274,30,Schindler's List (1993),Drama,Drama,4.9771
274,27,Forrest Gump (1994),Drama,Drama|Comedy|Romance,4.5741
274,34,GoodFellas (1990),Crime,Crime|Drama,4.8493
274,1,Toy Story (1995),Animation,Animation|Childrens|Comedy,4.5185
274,31,Star Wars (1977),Sci-Fi,Action|Adventure|Sci-Fi,4.6277
274,26,"Shawshank Redemption, The (1994)",Drama,Drama,4.6258
274,28,Pulp Fiction (1994),Crime,Crime,4.6457
274,12,"Usual Suspects, The (1995)",Crime,Crime,4.1852
274,33,Fargo (1996),Crime,Crime|Drama|Thriller,4.4908
274,29,"Silence of the Lambs, The (1991)",Thriller,Thriller,4.513
275,1,Toy Story (1995),Animation,Animation|Childrens|Comedy,4.4117
275,34,GoodFellas (1990),Crime,Crime|Drama,4.0105
275,29,"Silence of the Lambs, The (1991)",Thriller,Thriller,4.7675
275,33,Fargo (1996),Crime,Crime|Drama|Thriller,4.8661
275,12,"Usual Suspects, The (1995)",Crime,Crime,4.8215
275,26,"Shawshank Redemption, The (1994)",Drama,Drama,4.32
275,31,Star Wars (1977),Sci-Fi,Action|Adventure|Sci-Fi,4.7104
275,27,Forrest Gump (1994),Drama,Drama|Comedy|Romance,3.9171
275,30,Schindler's List (1993),Drama,Drama,3.8483
275,28,Pulp Fiction (1994),Crime,Crime,4.7039
276,27,Forrest Gump (1994),Drama,Drama|Comedy|Romance,4.9463
276,28,Pulp Fiction (1994),Crime,Crime,4.1596
276,34,GoodFellas (1990),Crime,Crime|Drama,4.1468
276,26,"Shawshank Redemption, The (1994)",Drama,Drama,4.7595
276,1,Toy Story (1995),Animation,Animation|Childrens|Comedy,4.133
276,12,"Usual Suspects, The (1995)",Crime,Crime,4.7982
276,30,Schindler's List (1993),Drama,Drama,3.9146
276,29,"Silence of the Lambs, The (1991)",Thriller,Thriller,3.9335
276,33,Fargo (1996),Crime,Crime|Drama|Thriller,4.8816
276,31,Star Wars (1977),Sci-Fi,Action|Adventure|Sci-Fi,4.449
277,30,Schindler's List (1993),Drama,Drama,4.1653
277,29,"Silence of the Lambs, The (1991)",Thriller,Thriller,4.4002
277,28,Pulp Fiction (1994),Crime,Crime,4.3068
277,1,Toy Story (1995),Animation,Animation|Childrens|Comedy,4.0062
277,27,Forrest Gump (1994),Drama,Drama|Comedy|Romance,4.2298
277,34,GoodFellas (1990),Crime,Crime|Drama,4.0315
277,33,Fargo (1996),Crime,Crime|Drama|Thriller,4.0447
277,31,Star Wars (1977),Sci-Fi,Action|Adventure|Sci-Fi,4.0245
277,12,"Usual Suspects, The (1995)",Crime,Crime,4.3868
277,26,"Shawshank Redemption, The (1994)",Drama,Drama,4.7575
278,27,Forrest Gump (1994),Drama,Drama|Comedy|Romance,4.3394
278,30,Schindler's List (1993),Drama,Drama,4.6272
278,31,Star Wars (1977),Sci-Fi,Action|Adventure|Sci-Fi,3.8836
278,28,Pulp Fiction (1994),Crime,Crime,4.8318
278,1,Toy Story (1995),Animation,Animation|Childrens|Comedy,4.7334
278,12,"Usual Suspects, The (1995)",Crime,Crime,4.0943
278,34,GoodFellas (1990),Crime,Crime|Drama,4.7216
278,29,"Silence of the Lambs, The (1991)",Thriller,Thriller,3.8152
278,26,"Shawshank Redemption, The (1994)",Drama,Drama,4.0607
278,33,Fargo (1996),Crime,Crime|Drama|Thriller,3.8782
279,29,"Silence of the Lambs, The (1991)",Thriller,Thriller,4.3136
279,31,Star Wars (1977),Sci-Fi,Action|Adventure|Sci-Fi,3.9467
279,27,Forrest Gump (1994),Drama,Drama|Comedy|Romance,4.3174
279,34,GoodFellas (1990),Crime,Crime|Drama,4.3208
279,30,Schindler's List (1993),Drama,Drama,4.3979
279,33,Fargo (1996),Crime,Crime|Drama|Thriller,4.8714
279,1,Toy Story (1995),Animation,Animation|Childrens|Comedy,4.7661
279,28,Pulp Fiction (1994),Crime,Crime,4.5641
279,26,"Shawshank Redemption, The (1994)",Drama,Drama,4.8625
279,12,"Usual Suspects, The (1995)",Crime,Crime,4.6142
280,34,GoodFellas (1990),Crime,Crime|Drama,4.6567
280,29,"Silence of the Lambs, The (1991)",Thriller,Thriller,3.8442
280,1,Toy Story (1995),Animation,Animation|Childrens|Comedy,4.2535
280,31,Star Wars (1977),Sci-Fi,Action|Adventure|Sci-Fi,4.7715
280,12,"Usual Suspects, The (1995)",Crime,Crime,4.9503
280,27,Forrest Gump (1994),Drama,Drama|Comedy|Romance,4.2442
280,30,Schindler's List (1993),Drama,Drama,4.8094
280,26,"Shawshank Redemption, The (1994)",Drama,Drama,4.8366
280,28,Pulp Fiction (1994),Crime,Crime,3.9479
280,33,Fargo (1996),Crime,Crime|Drama|Thriller,4.8149
281,28,Pulp Fiction (1994),Crime,Crime,3.9369
281,29,"Silence of the Lambs, The (1991)",Thriller,Thriller,4.0886
281,26,"Shawshank Redemption, The (1994)",Drama,Drama,4.168
281,33,Fargo (1996),Crime,Crime|Drama|Thriller,4.9539
281,12,"Usual Suspects, The (1995)",Crime,Crime,4.4942
281,30,Schindler's List (1993),Drama,Drama,4.9851
281,1,Toy Story (1995),Animation,Animation|Childrens|Comedy,4.247
281,31,Star Wars (1977),Sci-Fi,Action|Adventure|Sci-Fi,4.3492
281,27,Forrest Gump (1994),Drama,Drama|Comedy|Romance,4.1895
281,34,GoodFellas (1990),Crime,Crime|Drama,4.0195
282,33,Fargo (1996),Crime,Crime|Drama|Thriller,4.0236
282,1,Toy Story (1995),Animation,Animation|Childrens|Comedy,4.2367
282,28,Pulp Fiction (1994),Crime,Crime,3.9549
282,27,Forrest Gump (1994),Drama,Drama|Comedy|Romance,4.3478
282,31,Star Wars (1977),Sci-Fi,Action|Adventure|Sci-Fi,4.126
282,30,Schindler's List (1993),Drama,Drama,4.2223
282,29,"Silence of the Lambs, The (1991)",Thriller,Thriller,3.9132
282,26,"Shawshank Redemption, The (1994)",Drama,Drama,4.3138
282,34,GoodFellas (1990),Crime,Crime|Drama,4.9799
282,12,"Usual Suspects, The (1995)",Crime,Crime,4.1946
283,1,Toy Story (1995),Animation,Animation|Childrens|Comedy,4.0077
283,27,Forrest Gump (1994),Drama,Drama|Comedy|Romance,4.1096
283,30,Schindler's List (1993),Drama,Drama,4.7081
283,29,"Silence of the Lambs, The (1991)",Thriller,Thriller,4.7303
283,34,GoodFellas (1990),Crime,Crime|Drama,4.2859
283,33,Fargo (1996),Crime,Crime|Drama|Thriller,4.9412
283,26,"Shawshank Redemption, The (1994)",Drama,Drama,4.9259
283,31,Star Wars (1977),Sci-Fi,Action|Adventure|Sci-Fi,3.8149
283,12,"Usual Suspects, The (1995)",Crime,Crime,4.0068
283,28,Pulp Fiction (1994),Crime,Crime,4.7843
284,27,Forrest Gump (1994),Drama,Drama|Comedy|Romance,4.9228
284,33,Fargo (1996),Crime,Crime|Drama|Thriller,4.5033
284,28,Pulp Fiction (1994),Crime,Crime,4.1578
284,26,"Shawshank Redemption, The (1994)",Drama,Drama,3.979
284,29,"Silence of the Lambs, The (1991)",Thriller,Thriller,4.7954
284,31,Star Wars (1977),Sci-Fi,Action|Adventure|Sci-Fi,4.8038
284,34,GoodFellas (1990),Crime,Crime|Drama,4.7774
284,12,"Usual Suspects, The (1995)",Crime,Crime,4.5741
284,30,Schindler's List (1993),Drama,Drama,4.2392
284,1,Toy Story (1995),Animation,Animation|Childrens|Comedy,4.1649
285,30,Schindler's List (1993),Drama,Drama,3.9402
285,1,Toy Story (1995),Animation,Animation|Childrens|Comedy,4.5267
285,28,Pulp Fiction (1994),Crime,Crime,4.9802
285,26,"Shawshank Redemption, The (1994)",Drama,Drama,4.091
285,27,Forrest Gump (1994),Drama,Drama|Comedy|Romance,4.575
285,33,Fargo (1996),Crime,Crime|Drama|Thriller,4.1644
285,31,Star Wars (1977),Sci-Fi,Action|Adventure|Sci-Fi,4.8785
285,34,GoodFellas (1990),Crime,Crime|Drama,4.5122
285,29,"Silence of the Lambs, The (1991)",Thriller,Thriller,4.049
285,12,"Usual Suspects, The (1995)",Crime,Crime,4.1146
286,1,Toy Story (1995),Animation,Animation|Childrens|Comedy,4.332
286,12,"Usual Suspects, The (1995)",Crime,Crime,3.8696
286,28,Pulp Fiction (1994),Crime,Crime,4.4538
286,33,Fargo (1996),Crime,Crime|Drama|Thriller,3.8994
286,27,Forrest Gump (1994),Drama,Drama|Comedy|Romance,4.7933
286,29,"Silence of the Lambs, The (1991)",Thriller,Thriller,4.5583
286,31,Star Wars (1977),Sci-Fi,Action|Adventure|Sci-Fi,4.4684
286,26,"Shawshank Redemption, The (1994)",Drama,Drama,3.9602
286,34,GoodFellas (1990),Crime,Crime|Drama,4.1449
286,30,Schindler's List (1993),Drama,Drama,4.3915
287,34,GoodFellas (1990),Crime,Crime|Drama,4.4559
287,30,Schindler's List (1993),Drama,Drama,3.9059
287,12,"Usual Suspects, The (1995)",Crime,Crime,4.995
287,26,"Shawshank Redemption, The (1994)",Drama,Drama,4.8768
287,27,Forrest Gump (1994),Drama,Drama|Comedy|Romance,3.8253
287,29,"Silence of the Lambs, The (1991)",Thriller,Thriller,4.8304
287,33,Fargo (1996),Crime,Crime|Drama|Thriller,4.9033
287,31,Star Wars (1977),Sci-Fi,Action|Adventure|Sci-Fi,4.2243
287,28,Pulp Fiction (1994),Crime,Crime,4.6634
287,1,Toy Story (1995),Animation,Animation|Childrens|Comedy,4.3305
288,26,"Shawshank Redemption, The (1994)",Drama,Drama,4.7974
288,31,Star Wars (1977),Sci-Fi,Action|Adventure|Sci-Fi,4.2184
288,27,Forrest Gump (1994),Drama,Drama|Comedy|Romance,4.2802
288,34,GoodFellas (1990),Crime,Crime|Drama,4.8729
288,28,Pulp Fiction (1994),Crime,Crime,4.3959
288,12,"Usual Suspects, The (1995)",Crime,Crime,4.4531
288,1,Toy Story (1995),Animation,Animation|Childrens|Comedy,4.9478
288,29,"Silence of the Lambs, The (1991)",Thriller,Thriller,4.8641
288,33,Fargo (1996),Crime,Crime|Drama|Thriller,4.0034
288,30,Schindler's List (1993),Drama,Drama,4.3679
289,27,Forrest Gump (1994),Drama,Drama|Comedy|Romance,4.724
289,12,"Usual Suspects, The (1995)",Crime,Crime,4.9628
289,1,Toy Story (1995),Animation,Animation|Childrens|Comedy,4.7281
289,34,GoodFellas (1990),Crime,Crime|Drama,4.092
289,26,"Shawshank Redemption, The (1994)",Drama,Drama,3.8481
289,33,Fargo (1996),Crime,Crime|Drama|Thriller,4.9825
289,30,Schindler's List (1993),Drama,Drama,4.2085
289,29,"Silence of the Lambs, The (1991)",Thriller,Thriller,4.1744
289,28,Pulp Fiction (1994),Crime,Crime,4.8871
289,31,Star Wars (1977),Sci-Fi,Action|Adventure|Sci-Fi,4.5021
290,31,Star Wars (1977),Sci-Fi,Action|Adventure|Sci-Fi,4.4289
290,26,"Shawshank Redemption, The (1994)",Drama,Drama,4.8978
290,28,Pulp Fiction (1994),Crime,Crime,4.9681
290,1,Toy Story (1995),Animation,Animation|Childrens|Comedy,4.1146
290,29,"Silence of the Lambs, The (1991)",Thriller,Thriller,4.0554
290,30,Schindler's List (1993),Drama,Drama,3.8966
290,34,GoodFellas (1990),Crime,Crime|Drama,4.4742
290,12,"Usual Suspects, The (1995)",Crime,Crime,3.8163
290,33,Fargo (1996),Crime,Crime|Drama|Thriller,4.2943
290,27,Forrest Gump (1994),Drama,Drama|Comedy|Romance,3.8881
291,12,"Usual Suspects, The (1995)",Crime,Crime,4.2266
291,30,Schindler's List (1993),Drama,Drama,4.0826
291,27,Forrest Gump (1994),Drama,Drama|Comedy|Romance,4.0933
291,29,"Silence of the Lambs, The (1991)",Thriller,Thriller,4.5401
291,1,Toy Story (1995),Animation,Animation|Childrens|Comedy,4.1824
291,31,Star Wars (1977),Sci-Fi,Action|Adventure|Sci-Fi,4.6126
291,34,GoodFellas (1990),Crime,Crime|Drama,4.9375
291,26,"Shawshank Redemption, The (1994)",Drama,Drama,4.5662
291,28,Pulp Fiction (1994),Crime,Crime,4.702
291,33,Fargo (1996),Crime,Crime|Drama|Thriller,4.7019
292,1,Toy Story (1995),Animation,Animation|Childrens|Comedy,4.3621
292,29,"Silence of the Lambs, The (1991)",Thriller,Thriller,4.8623
292,27,Forrest Gump (1994),Drama,Drama|Comedy|Romance,4.2339
292,33,Fargo (1996),Crime,Crime|Drama|Thriller,4.9189
292,12,"Usual Suspects, The (1995)",Crime,Crime,4.5567
292,26,"Shawshank Redemption, The (1994)",Drama,Drama,4.921
292,31,Star Wars (1977),Sci-Fi,Action|Adventure|Sci-Fi,4.7086
292,28,Pulp Fiction (1994),Crime,Crime,3.9241
292,34,GoodFellas (1990),Crime,Crime|Drama,4.0774
292,30,Schindler's List (1993),Drama,Drama,4.273
293,27,Forrest Gump (1994),Drama,Drama|Comedy|Romance,4.9303
293,31,Star Wars (1977),Sci-Fi,Action|Adventure|Sci-Fi,4.8524
293,1,Toy Story (1995),Animation,Animation|Childrens|Comedy,4.0504
293,33,Fargo (1996),Crime,Crime|Drama|Thriller,4.3952
293,29,"Silence of the Lambs, The (1991)",Thriller,Thriller,4.2173
293,28,Pulp Fiction (1994),Crime,Crime,4.2798
293,34,GoodFellas (1990),Crime,Crime|Drama,4.233
293,12,"Usual Suspects, The (1995)",Crime,Crime,4.7916
293,26,"Shawshank Redemption, The (1994)",Drama,Drama,4.3426
293,30,Schindler's List (1993),Drama,Drama,4.4284
294,28,Pulp Fiction (1994),Crime,Crime,4.0753
294,30,Schindler's List (1993),Drama,Drama,4.5742
294,29,"Silence of the Lambs, The (1991)",Thriller,Thriller,4.2018
294,1,Toy Story (1995),Animation,Animation|Childrens|Comedy,4.9035
294,12,"Usual Suspects, The (1995)",Crime,Crime,4.5845
294,33,Fargo (1996),Crime,Crime|Drama|Thriller,4.1338
294,27,Forrest Gump (1994),Drama,Drama|Comedy|Romance,4.3675
294,34,GoodFellas (1990),Crime,Crime|Drama,4.8159
294,26,"Shawshank Redemption, The (1994)",Drama,Drama,4.2026
294,31,Star Wars (1977),Sci-Fi,Action|Adventure|Sci-Fi,4.4305
295,33,Fargo (1996),Crime,Crime|Drama|Thriller,4.8209
295,31,Star Wars (1977),Sci-Fi,Action|Adventure|Sci-Fi,4.1084
295,28,Pulp Fiction (1994),Crime,Crime,4.2885
295,30,Schindler's List (1993),Drama,Drama,4.3983
295,26,"Shawshank Redemption, The (1994)",Drama,Drama,4.44
295,1,Toy Story (1995),Animation,Animation|Childrens|Comedy,4.5914
295,12,"Usual Suspects, The (1995)",Crime,Crime,3.8499
295,34,GoodFellas (1990),Crime,Crime|Drama,4.6658
295,27,Forrest Gump (1994),Drama,Drama|Comedy|Romance,3.8744
295,29,"Silence of the Lambs, The (1991)",Thriller,Thriller,4.3619
296,27,Forrest Gump (1994),Drama,Drama|Comedy|Romance,4.3123
296,31,Star Wars (1977),Sci-Fi,Action|Adventure|Sci-Fi,4.2641
296,26,"Shawshank Redemption, The (1994)",Drama,Drama,4.7187
296,28,Pulp Fiction (1994),Crime,Crime,4.8605
296,12,"Usual Suspects, The (1995)",Crime,Crime,4.6392
296,29,"Silence of the Lambs, The (1991)",Thriller,Thriller,4.2099
296,1,Toy Story (1995),Animation,Animation|Childrens|Comedy,4.3198
296,30,Schindler's List (1993),Drama,Drama,3.972
296,34,GoodFellas (1990),Crime,Crime|Drama,4.0017
296,33,Fargo (1996),Crime,Crime|Drama|Thriller,3.9972
297,29,"Silence of the Lambs, The (1991)",Thriller,Thriller,4.7352
297,26,"Shawshank Redemption, The (1994)",Drama,Drama,4.2259
297,33,Fargo (1996),Crime,Crime|Drama|Thriller,4.9791
297,34,GoodFellas (1990),Crime,Crime|Drama,4.0169
297,12,"Usual Suspects, The (1995)",Crime,Crime,4.5092
297,31,Star Wars (1977),Sci-Fi,Action|Adventure|Sci-Fi,3.9076
297,27,Forrest Gump (1994),Drama,Drama|Comedy|Romance,4.6806
297,28,Pulp Fiction (1994),Crime,Crime,4.9937
297,1,Toy Story (1995),Animation,Animation|Childrens|Comedy,4.783
297,30,Schindler's List (1993),Drama,Drama,4.4668
298,27,Forrest Gump (1994),Drama,Drama|Comedy|Romance,4.9891
298,31,Star Wars (1977),Sci-Fi,Action|Adventure|Sci-Fi,3.9871
298,33,Fargo (1996),Crime,Crime|Drama|Thriller,4.1043
298,26,"Shawshank Redemption, The (1994)",Drama,Drama,3.9068
298,28,Pulp Fiction (1994),Crime,Crime,4.1261
298,1,Toy Story (1995),Animation,Animation|Childrens|Comedy,4.7215
298,30,Schindler's List (1993),Drama,Drama,4.8235
298,29,"Silence of the Lambs, The (1991)",Thriller,Thriller,4.7347
298,34,GoodFellas (1990),Crime,Crime|Drama,4.5573
298,12,"Usual Suspects, The (1995)",Crime,Crime,4.4168
299,28,Pulp Fiction (1994),Crime,Crime,4.1024
299,31,Star Wars (1977),Sci-Fi,Action|Adventure|Sci-Fi,4.2574
299,26,"Shawshank Redemption, The (1994)",Drama,Drama,4.7332
299,29,"Silence of the Lambs, The (1991)",Thriller,Thriller,4.3913
299,33,Fargo (1996),Crime,Crime|Drama|Thriller,4.8671
299,12,"Usual Suspects, The (1995)",Crime,Crime,4.2157
299,27,Forrest Gump (1994),Drama,Drama|Comedy|Romance,4.2432
299,30,Schindler's List (1993),Drama,Drama,4.8665
299,1,Toy Story (1995),Animation,Animation|Childrens|Comedy,4.3572
299,34,GoodFellas (1990),Crime,Crime|Drama,4.4193
300,31,Star Wars (1977),Sci-Fi,Action|Adventure|Sci-Fi,4.6005
300,34,GoodFellas (1990),Crime,Crime|Drama,4.4894
300,30,Schindler's List (1993),Drama,Drama,4.1783
300,29,"Silence of the Lambs, The (1991)",Thriller,Thriller,4.4156
300,27,Forrest Gump (1994),Drama,Drama|Comedy|Romance,4.0955
300,26,"Shawshank Redemption, The (1994)",Drama,Drama,4.8364
300,28,Pulp Fiction (1994),Crime,Crime,4.1766
300,12,"Usual Suspects, The (1995)",Crime,Crime,4.0942
300,1,Toy Story (1995),Animation,Animation|Childrens|Comedy,4.7022
300,33,Fargo (1996),Crime,Crime|Drama|Thriller,3.8211
301,29,"Silence of the Lambs, The (1991)",Thriller,Thriller,4.5687
301,31,Star Wars (1977),Sci-Fi,Action|Adventure|Sci-Fi,4.2968
301,33,Fargo (1996),Crime,Crime|Drama|Thriller,4.1586
301,26,"Shawshank Redemption, The (1994)",Drama,Drama,4.9408
301,28,Pulp Fiction (1994),Crime,Crime,3.9385
301,1,Toy Story (1995),Animation,Animation|Childrens|Comedy,4.2157
301,27,Forrest Gump (1994),Drama,Drama|Comedy|Romance,4.8789
301,34,GoodFellas (1990),Crime,Crime|Drama,4.6678
301,12,"Usual Suspects, The (1995)",Crime,Crime,3.8349
301,30,Schindler's List (1993),Drama,Drama,3.8277
302,28,Pulp Fiction (1994),Crime,Crime,4.2859
302,30,Schindler's List (1993),Drama,Drama,4.0043
302,31,Star Wars (1977),Sci-Fi,Action|Adventure|Sci-Fi,4.0431
302,1,Toy Story (1995),Animation,Animation|Childrens|Comedy,4.902
302,27,Forrest Gump (1994),Drama,Drama|Comedy|Romance,4.8299
302,29,"Silence of the Lambs, The (1991)",Thriller,Thriller,4.0389
302,12,"Usual Suspects, The (1995)",Crime,Crime,4.8508
302,26,"Shawshank Redemption, The (1994)",Drama,Drama,4.051
302,33,Fargo (1996),Crime,Crime|Drama|Thriller,4.5519
302,34,GoodFellas (1990),Crime,Crime|Drama,3.8975
303,27,Forrest Gump (1994),Drama,Drama|Comedy|Romance,4.6601
303,31,Star Wars (1977),Sci-Fi,Action|Adventure|Sci-Fi,3.9323
303,28,Pulp Fiction (1994),Crime,Crime,4.7473
303,12,"Usual Suspects, The (1995)",Crime,Crime,4.0017
303,33,Fargo (1996),Crime,Crime|Drama|Thriller,4.2145
303,26,"Shawshank Redemption, The (1994)",Drama,Drama,4.7135
303,34,GoodFellas (1990),Crime,Crime|Drama,4.9451
303,29,"Silence of the Lambs, The (1991)",Thriller,Thriller,4.2457
303,1,Toy Story (1995),Animation,Animation|Childrens|Comedy,4.7953
303,30,Schindler's List (1993),Drama,Drama,4.029
304,30,Schindler's List (1993),Drama,Drama,4.0444
304,26,"Shawshank Redemption, The (1994)",Drama,Drama,4.5728
304,33,Fargo (1996),Crime,Crime|Drama|Thriller,4.9934
304,29,"Silence of the Lambs, The (1991)",Thriller,Thriller,3.8144
304,27,Forrest Gump (1994),Drama,Drama|Comedy|Romance,4.4491
304,28,Pulp Fiction (1994),Crime,Crime,4.4884
304,34,GoodFellas (1990),Crime,Crime|Drama,4.8971
304,1,Toy Story (1995),Animation,Animation|Childrens|Comedy,4.4072
304,12,"Usual Suspects, The (1995)",Crime,Crime,4.4524
304,31,Star Wars (1977),Sci-Fi,Action|Adventure|Sci-Fi,4.366
305,29,"Silence of the Lambs, The (1991)",Thriller,Thriller,4.1688
305,30,Schindler's List (1993),Drama,Drama,4.4403
305,31,Star Wars (1977),Sci-Fi,Action|Adventure|Sci-Fi,3.9612
305,26,"Shawshank Redemption, The (1994)",Drama,Drama,4.9192
305,28,Pulp Fiction (1994),Crime,Crime,4.8734
305,33,Fargo (1996),Crime,Crime|Drama|Thriller,4.028
305,34,GoodFellas (1990),Crime,Crime|Drama,4.2121
305,27,Forrest Gump (1994),Drama,Drama|Comedy|Romance,4.5362
305,12,"Usual Suspects, The (1995)",Crime,Crime,3.9148
305,1,Toy Story (1995),Animation,Animation|Childrens|Comedy,4.2255
306,31,Star Wars (1977),Sci-Fi,Action|Adventure|Sci-Fi,4.4419
306,27,Forrest Gump (1994),Drama,Drama|Comedy|Romance,4.4666
306,12,"Usual Suspects, The (1995)",Crime,Crime,3.928
306,30,Schindler's List (1993),Drama,Drama,4.957
306,26,"Shawshank Redemption, The (1994)",Drama,Drama,4.4879
306,29,"Silence of the Lambs, The (1991)",Thriller,Thriller,3.9812
306,1,Toy Story (1995),Animation,Animation|Childrens|Comedy,4.1737
306,34,GoodFellas (1990),Crime,Crime|Drama,4.7603
306,28,Pulp Fiction (1994),Crime,Crime,4.4279
306,33,Fargo (1996),Crime,Crime|Drama|Thriller,4.0258
307,31,Star Wars (1977),Sci-Fi,Action|Adventure|Sci-Fi,3.9361
307,12,"Usual Suspects, The (1995)",Crime,Crime,4.3205
307,29,"Silence of the Lambs, The (1991)",Thriller,Thriller,4.3488
307,33,Fargo (1996),Crime,Crime|Drama|Thriller,4.4611
307,1,Toy Story (1995),Animation,Animation|Childrens|Comedy,3.9267
307,28,Pulp Fiction (1994),Crime,Crime,4.9897
307,34,GoodFellas (1990),Crime,Crime|Drama,4.093
307,26,"Shawshank Redemption, The (1994)",Drama,Drama,4.0383
307,30,Schindler's List (1993),Drama,Drama,4.4322
307,27,Forrest Gump (1994),Drama,Drama|Comedy|Romance,4.4446
308,31,Star Wars (1977),Sci-Fi,Action|Adventure|Sci-Fi,4.1298
308,12,"Usual Suspects, The (1995)",Crime,Crime,4.6131
308,1,Toy Story (1995),Animation,Animation|Childrens|Comedy,3.8461
308,26,"Shawshank Redemption, The (1994)",Drama,Drama,4.4819
308,30,Schindler's List (1993),Drama,Drama,4.2781
308,28,Pulp Fiction (1994),Crime,Crime,4.9734
308,33,Fargo (1996),Crime,Crime|Drama|Thriller,4.4091
308,34,GoodFellas (1990),Crime,Crime|Drama,4.4627
308,27,Forrest Gump (1994),Drama,Drama|Comedy|Romance,4.6548
308,29,"Silence of the Lambs, The (1991)",Thriller,Thriller,4.3814
309,33,Fargo (1996),Crime,Crime|Drama|Thriller,4.803
309,34,GoodFellas (1990),Crime,Crime|Drama,4.6863
309,1,Toy Story (1995),Animation,Animation|Childrens|Comedy,4.1182
309,12,"Usual Suspects, The (1995)",Crime,Crime,3.8203
309,30,Schindler's List (1993),Drama,Drama,4.3756
309,26,"Shawshank Redemption, The (1994)",Drama,Drama,4.8307
309,27,Forrest Gump (1994),Drama,Drama|Comedy|Romance,4.875
309,28,Pulp Fiction (1994),Crime,Crime,4.9475
309,31,Star Wars (1977),Sci-Fi,Action|Adventure|Sci-Fi,4.8555
309,29,"Silence of the Lambs, The (1991)",Thriller,Thriller,4.4961
310,1,Toy Story (1995),Animation,Animation|Childrens|Comedy,4.4444
310,31,Star Wars (1977),Sci-Fi,Action|Adventure|Sci-Fi,4.1707
310,34,GoodFellas (1990),Crime,Crime|Drama,4.3454
310,33,Fargo (1996),Crime,Crime|Drama|Thriller,4.6573
310,28,Pulp Fiction (1994),Crime,Crime,4.2829
310,27,Forrest Gump (1994),Drama,Drama|Comedy|Romance,4.0256
310,29,"Silence of the Lambs, The (1991)",Thriller,Thriller,4.449
310,26,"Shawshank Redemption, The (1994)",Drama,Drama,4.0704
310,30,Schindler's List (1993),Drama,Drama,4.9691
310,12,"Usual Suspects, The (1995)",Crime,Crime,4.2684
311,29,"Silence of the Lambs, The (1991)",Thriller,Thriller,4.4801
311,30,Schindler's List (1993),Drama,Drama,4.0758
311,27,Forrest Gump (1994),Drama,Drama|Comedy|Romance,3.8455
311,34,GoodFellas (1990),Crime,Crime|Drama,4.5419
311,12,"Usual Suspects, The (1995)",Crime,Crime,3.9572
311,28,Pulp Fiction (1994),Crime,Crime,4.2118
311,26,"Shawshank Redemption, The (1994)",Drama,Drama,4.6109
311,33,Fargo (1996),Crime,Crime|Drama|Thriller,3.9176
311,31,Star Wars (1977),Sci-Fi,Action|Adventure|Sci-Fi,3.9527
311,1,Toy Story (1995),Animation,Animation|Childrens|Comedy,3.874
312,28,Pulp Fiction (1994),Crime,Crime,4.7796
312,27,Forrest Gump (1994),Drama,Drama|Comedy|Romance,4.7531
312,26,"Shawshank Redemption, The (1994)",Drama,Drama,4.7885
312,33,Fargo (1996),Crime,Crime|Drama|Thriller,4.0538
312,12,"Usual Suspects, The (1995)",Crime,Crime,4.3787
312,30,Schindler's List (1993),Drama,Drama,4.3818
312,1,Toy Story (1995),Animation,Animation|Childrens|Comedy,4.8686
312,29,"Silence of the Lambs, The (1991)",Thriller,Thriller,4.1563
312,31,Star Wars (1977),Sci-Fi,Action|Adventure|Sci-Fi,4.9178
312,34,GoodFellas (1990),Crime,Crime|Drama,4.341
313,26,"Shawshank Redemption, The (1994)",Drama,Drama,4.3013
313,12,"Usual Suspects, The (1995)",Crime,Crime,4.7122
313,30,Schindler's List (1993),Drama,Drama,4.0098
313,27,Forrest Gump (1994),Drama,Drama|Comedy|Romance,4.2063
313,1,Toy Story (1995),Animation,Animation|Childrens|Comedy,4.069
313,29,"Silence of the Lambs, The (1991)",Thriller,Thriller,4.2309
313,34,GoodFellas (1990),Crime,Crime|Drama,4.0764
313,33,Fargo (1996),Crime,Crime|Drama|Thriller,4.4953
313,31,Star Wars (1977),Sci-Fi,Action|Adventure|Sci-Fi,4.7578
313,28,Pulp Fiction (1994),Crime,Crime,4.7439
314,29,"Silence of the Lambs, The (1991)",Thriller,Thriller,4.0354
314,1,Toy Story (1995),Animation,Animation|Childrens|Comedy,4.362
314,30,Schindler's List (1993),Drama,Drama,4.8342
314,27,Forrest Gump (1994),Drama,Drama|Comedy|Romance,4.4048
314,26,"Shawshank Redemption, The (1994)",Drama,Drama,4.6201
314,31,Star Wars (1977),Sci-Fi,Action|Adventure|Sci-Fi,4.5055
314,34,GoodFellas (1990),Crime,Crime|Drama,4.8108
314,33,Fargo (1996),Crime,Crime|Drama|Thriller,4.1415
314,12,"Usual Suspects, The (1995)",Crime,Crime,4.4906
314,28,Pulp Fiction (1994),Crime,Crime,3.9479
315,31,Star Wars (1977),Sci-Fi,Action|Adventure|Sci-Fi,4.716
315,28,Pulp Fiction (1994),Crime,Crime,3.8266
315,27,Forrest Gump (1994),Drama,Drama|Comedy|Romance,4.4318
315,34,GoodFellas (1990),Crime,Crime|Drama,4.1004
315,26,"Shawshank Redemption, The (1994)",Drama,Drama,3.9372
315,33,Fargo (1996),Crime,Crime|Drama|Thriller,4.8605
315,29,"Silence of the Lambs, The (1991)",Thriller,Thriller,4.0392
315,12,"Usual Suspects, The (1995)",Crime,Crime,4.7869
315,30,Schindler's List (1993),Drama,Drama,4.2959
315,1,Toy Story (1995),Animation,Animation|Childrens|Comedy,3.8171
316,30,Schindler's List (1993),Drama,Drama,4.3038
316,12,"Usual Suspects, The (1995)",Crime,Crime,4.8677
316,27,Forrest Gump (1994),Drama,Drama|Comedy|Romance,4.3248
316,29,"Silence of the Lambs, The (1991)",Thriller,Thriller,3.8904
316,28,Pulp Fiction (1994),Crime,Crime,4.936
316,31,Star Wars (1977),Sci-Fi,Action|Adventure|Sci-Fi,4.9046
316,33,Fargo (1996),Crime,Crime|Drama|Thriller,4.6213
316,1,Toy Story (1995),Animation,Animation|Childrens|Comedy,4.3615
316,26,"Shawshank Redemption, The (1994)",Drama,Drama,3.9114
316,34,GoodFellas (1990),Crime,Crime|Drama,4.7489
317,1,Toy Story (1995),Animation,Animation|Childrens|Comedy,3.8923
317,34,GoodFellas (1990),Crime,Crime|Drama,4.0461
317,26,"Shawshank Redemption, The (1994)",Drama,Drama,4.6586
317,27,Forrest Gump (1994),Drama,Drama|Comedy|Romance,4.7707
317,29,"Silence of the Lambs, The (1991)",Thriller,Thriller,4.343
317,31,Star Wars (1977),Sci-Fi,Action|Adventure|Sci-Fi,4.4079
317,28,Pulp Fiction (1994),Crime,Crime,3.8392
317,33,Fargo (1996),Crime,Crime|Drama|Thriller,3.8832
317,30,Schindler's List (1993),Drama,Drama,4.1091
317,12,"Usual Suspects, The (1995)",Crime,Crime,4.4527
318,27,Forrest Gump (1994),Drama,Drama|Comedy|Romance,4.6037
318,34,GoodFellas (1990),Crime,Crime|Drama,4.1885
318,26,"Shawshank Redemption, The (1994)",Drama,Drama,4.411
318,12,"Usual Suspects, The (1995)",Crime,Crime,4.6086
318,29,"Silence of the Lambs, The (1991)",Thriller,Thriller,4.5067
318,33,Fargo (1996),Crime,Crime|Drama|Thriller,4.4915
318,1,Toy Story (1995),Animation,Animation|Childrens|Comedy,3.8788
318,28,Pulp Fiction (1994),Crime,Crime,4.0989
318,30,Schindler's List (1993),Drama,Drama,4.4862
318,31,Star Wars (1977),Sci-Fi,Action|Adventure|Sci-Fi,3.822
319,31,Star Wars (1977),Sci-Fi,Action|Adventure|Sci-Fi,4.8908
319,28,Pulp Fiction (1994),Crime,Crime,4.2632
319,26,"Shawshank Redemption, The (1994)",Drama,Drama,4.9119
319,30,Schindler's List (1993),Drama,Drama,4.5823
319,12,"Usual Suspects, The (1995)",Crime,Crime,4.8952
319,29,"Silence of the Lambs, The (1991)",Thriller,Thriller,4.8002
319,34,GoodFellas (1990),Crime,Crime|Drama,4.6251
319,33,Fargo (1996),Crime,Crime|Drama|Thriller,4.2273
319,27,Forrest Gump (1994),Drama,Drama|Comedy|Romance,4.0893
319,1,Toy Story (1995),Animation,Animation|Childrens|Comedy,4.0669
320,12,"Usual Suspects, The (1995)",Crime,Crime,4.3025
320,34,GoodFellas (1990),Crime,Crime|Drama,4.3022
320,33,Fargo (1996),Crime,Crime|Drama|Thriller,3.8461
320,30,Schindler's List (1993),Drama,Drama,4.3206
320,28,Pulp Fiction (1994),Crime,Crime,4.6082
320,31,Star Wars (1977),Sci-Fi,Action|Adventure|Sci-Fi,4.3064
320,1,Toy Story (1995),Animation,Animation|Childrens|Comedy,4.8469
320,29,"Silence of the Lambs, The (1991)",Thriller,Thriller,4.1991
320,27,Forrest Gump (1994),Drama,Drama|Comedy|Romance,3.9592
320,26,"Shawshank Redemption, The (1994)",Drama,Drama,4.7739
321,1,Toy Story (1995),Animation,Animation|Childrens|Comedy,4.7313
321,27,Forrest Gump (1994),Drama,Drama|Comedy|Romance,4.318
321,26,"Shawshank Redemption, The (1994)",Drama,Drama,4.1987
321,28,Pulp Fiction (1994),Crime,Crime,4.2936
321,29,"Silence of the Lambs, The (1991)",Thriller,Thriller,4.5234
321,12,"Usual Suspects, The (1995)",Crime,Crime,4.9998
321,31,Star Wars (1977),Sci-Fi,Action|Adventure|Sci-Fi,4.3916
321,33,Fargo (1996),Crime,Crime|Drama|Thriller,4.0502
321,34,GoodFellas (1990),Crime,Crime|Drama,3.9954
321,30,Schindler's List (1993),Drama,Drama,3.8508
322,31,Star Wars (1977),Sci-Fi,Action|Adventure|Sci-Fi,4.2491
322,29,"Silence of the Lambs, The (1991)",Thriller,Thriller,4.713
322,12,"Usual Suspects, The (1995)",Crime,Crime,4.3433
322,1,Toy Story (1995),Animation,Animation|Childrens|Comedy,4.752
322,34,GoodFellas (1990),Crime,Crime|Drama,4.7228
322,26,"Shawshank Redemption, The (1994)",Drama,Drama,4.6013
322,27,Forrest Gump (1994),Drama,Drama|Comedy|Romance,4.8257
322,33,Fargo (1996),Crime,Crime|Drama|Thriller,4.9271
322,28,Pulp Fiction (1994),Crime,Crime,4.496
322,30,Schindler's List (1993),Drama,Drama,4.085
323,1,Toy Story (1995),Animation,Animation|Childrens|Comedy,4.2758
323,34,GoodFellas (1990),Crime,Crime|Drama,3.9844
323,29,"Silence of the Lambs, The (1991)",Thriller,Thriller,4.835
323,30,Schindler's List (1993),Drama,Drama,4.0376
323,31,Star Wars (1977),Sci-Fi,Action|Adventure|Sci-Fi,4.9049
323,33,Fargo (1996),Crime,Crime|Drama|Thriller,4.3302
323,12,"Usual Suspects, The (1995)",Crime,Crime,4.6913
323,28,Pulp Fiction (1994),Crime,Crime,4.4564
323,27,Forrest Gump (1994),Drama,Drama|Comedy|Romance,4.108
323,26,"Shawshank Redemption, The (1994)",Drama,Drama,4.6053
324,31,Star Wars (1977),Sci-Fi,Action|Adventure|Sci-Fi,4.3623
324,30,Schindler's List (1993),Drama,Drama,4.8408
324,33,Fargo (1996),Crime,Crime|Drama|Thriller,4.8185
324,29,"Silence of the Lambs, The (1991)",Thriller,Thriller,4.4138
324,27,Forrest Gump (1994),Drama,Drama|Comedy|Romance,4.648
324,12,"Usual Suspects, The (1995)",Crime,Crime,4.0313
324,34,GoodFellas (1990),Crime,Crime|Drama,4.6261
324,1,Toy Story (1995),Animation,Animation|Childrens|Comedy,4.1269
324,28,Pulp Fiction (1994),Crime,Crime,4.7985
324,26,"Shawshank Redemption, The (1994)",Drama,Drama,3.9005
325,12,"Usual Suspects, The (1995)",Crime,Crime,4.8996
325,34,GoodFellas (1990),Crime,Crime|Drama,4.2873
325,31,Star Wars (1977),Sci-Fi,Action|Adventure|Sci-Fi,4.6129
325,28,Pulp Fiction (1994),Crime,Crime,4.6733
325,33,Fargo (1996),Crime,Crime|Drama|Thriller,4.6195
325,26,"Shawshank Redemption, The (1994)",Drama,Drama,4.8841
325,29,"Silence of the Lambs, The (1991)",Thriller,Thriller,4.0774
325,27,Forrest Gump (1994),Drama,Drama|Comedy|Romance,3.9033
325,1,Toy Story (1995),Animation,Animation|Childrens|Comedy,3.8666
325,30,Schindler's List (1993),Drama,Drama,4.8534
326,29,"Silence of the Lambs, The (1991)",Thriller,Thriller,4.6604
326,27,Forrest Gump (1994),Drama,Drama|Comedy|Romance,4.4991
326,28,Pulp Fiction (1994),Crime,Crime,3.972
326,33,Fargo (1996),Crime,Crime|Drama|Thriller,4.3345
326,26,"Shawshank Redemption, The (1994)",Drama,Drama,4.2261
326,34,GoodFellas (1990),Crime,Crime|Drama,4.3948
326,1,Toy Story (1995),Animation,Animation|Childrens|Comedy,4.8444
326,31,Star Wars (1977),Sci-Fi,Action|Adventure|Sci-Fi,4.731
326,30,Schindler's List (1993),Drama,Drama,3.9008
326,12,"Usual Suspects, The (1995)",Crime,Crime,4.8684
327,31,Star Wars (1977),Sci-Fi,Action|Adventure|Sci-Fi,3.8154
327,26,"Shawshank Redemption, The (1994)",Drama,Drama,3.932
327,33,Fargo (1996),Crime,Crime|Drama|Thriller,4.2364
327,28,Pulp Fiction (1994),Crime,Crime,4.4962
327,27,Forrest Gump (1994),Drama,Drama|Comedy|Romance,4.0316
327,12,"Usual Suspects, The (1995)",Crime,Crime,4.7624
327,1,Toy Story (1995),Animation,Animation|Childrens|Comedy,4.704
327,30,Schindler's List (1993),Drama,Drama,4.635
327,34,GoodFellas (1990),Crime,Crime|Drama,4.385
327,29,"Silence of the Lambs, The (1991)",Thriller,Thriller,4.2383
328,12,"Usual Suspects, The (1995)",Crime,Crime,4.0697
328,26,"Shawshank Redemption, The (1994)",Drama,Drama,4.134
328,30,Schindler's List (1993),Drama,Drama,4.0164
328,27,Forrest Gump (1994),Drama,Drama|Comedy|Romance,4.8819
328,34,GoodFellas (1990),Crime,Crime|Drama,4.0028
328,28,Pulp Fiction (1994),Crime,Crime,4.8595
328,1,Toy Story (1995),Animation,Animation|Childrens|Comedy,4.4867
328,33,Fargo (1996),Crime,Crime|Drama|Thriller,4.8409
328,29,"Silence of the Lambs, The (1991)",Thriller,Thriller,4.3689
328,31,Star Wars (1977),Sci-Fi,Action|Adventure|Sci-Fi,4.9132
329,26,"Shawshank Redemption, The (1994)",Drama,Drama,4.5268
329,31,Star Wars (1977),Sci-Fi,Action|Adventure|Sci-Fi,4.2386
329,28,Pulp Fiction (1994),Crime,Crime,3.8916
329,1,Toy Story (1995),Animation,Animation|Childrens|Comedy,4.5864
329,12,"Usual Suspects, The (1995)",Crime,Crime,4.3861
329,27,Forrest Gump (1994),Drama,Drama|Comedy|Romance,3.9643
329,33,Fargo (1996),Crime,Crime|Drama|Thriller,4.9231
329,34,GoodFellas (1990),Crime,Crime|Drama,4.9468
329,29,"Silence of the Lambs, The (1991)",Thriller,Thriller,4.8279
329,30,Schindler's List (1993),Drama,Drama,4.8126
330,29,"Silence of the Lambs, The (1991)",Thriller,Thriller,4.8594
330,34,GoodFellas (1990),Crime,Crime|Drama,3.8839
330,33,Fargo (1996),Crime,Crime|Drama|Thriller,4.3029
330,1,Toy Story (1995),Animation,Animation|Childrens|Comedy,4.4996
330,30,Schindler's List (1993),Drama,Drama,3.9765
330,12,"Usual Suspects, The (1995)",Crime,Crime,4.7185
330,26,"Shawshank Redemption, The (1994)",Drama,Drama,4.6931
330,28,Pulp Fiction (1994),Crime,Crime,4.884
330,31,Star Wars (1977),Sci-Fi,Action|Adventure|Sci-Fi,3.8102
330,27,Forrest Gump (1994),Drama,Drama|Comedy|Romance,4.06
331,29,"Silence of the Lambs, The (1991)",Thriller,Thriller,4.2901
331,12,"Usual Suspects, The (1995)",Crime,Crime,3.934
331,1,Toy Story (1995),Animation,Animation|Childrens|Comedy,4.3292
331,31,Star Wars (1977),Sci-Fi,Action|Adventure|Sci-Fi,4.2246
331,26,"Shawshank Redemption, The (1994)",Drama,Drama,4.068
331,33,Fargo (1996),Crime,Crime|Drama|Thriller,4.5706
331,34,GoodFellas (1990),Crime,Crime|Drama,4.9411
331,30,Schindler's List (1993),Drama,Drama,4.0485
331,28,Pulp Fiction (1994),Crime,Crime,4.6541
331,27,Forrest Gump (1994),Drama,Drama|Comedy|Romance,4.6909
332,29,"Silence of the Lambs, The (1991)",Thriller,Thriller,4.5947
332,1,Toy Story (1995),Animation,Animation|Childrens|Comedy,4.2844
332,28,Pulp Fiction (1994),Crime,Crime,4.1801
332,31,Star Wars (1977),Sci-Fi,Action|Adventure|Sci-Fi,4.9205
332,12,"Usual Suspects, The (1995)",Crime,Crime,4.748
332,30,Schindler's List (1993),Drama,Drama,3.9374
332,33,Fargo (1996),Crime,Crime|Drama|Thriller,3.9439
332,27,Forrest Gump (1994),Drama,Drama|Comedy|Romance,4.9071
332,34,GoodFellas (1990),Crime,Crime|Drama,3.8977
332,26,"Shawshank Redemption, The (1994)",Drama,Drama,4.6261
333,34,GoodFellas (1990),Crime,Crime|Drama,4.516
333,33,Fargo (1996),Crime,Crime|Drama|Thriller,4.5767
333,1,Toy Story (1995),Animation,Animation|Childrens|Comedy,4.2482
333,12,"Usual Suspects, The (1995)",Crime,Crime,4.6915
333,31,Star Wars (1977),Sci-Fi,Action|Adventure|Sci-Fi,4.3881
333,30,Schindler's List (1993),Drama,Drama,4.3163
333,27,Forrest Gump (1994),Drama,Drama|Comedy|Romance,4.2884
333,29,"Silence of the Lambs, The (1991)",Thriller,Thriller,4.3173
333,28,Pulp Fiction (1994),Crime,Crime,4.9615
333,26,"Shawshank Redemption, The (1994)",Drama,Drama,4.6177
334,31,Star Wars (1977),Sci-Fi,Action|Adventure|Sci-Fi,4.0352
334,29,"Silence of the Lambs, The (1991)",Thriller,Thriller,4.4983
334,26,"Shawshank Redemption, The (1994)",Drama,Drama,4.7433
334,27,Forrest Gump (1994),Drama,Drama|Comedy|Romance,4.0031
334,1,Toy Story (1995),Animation,Animation|Childrens|Comedy,3.9303
334,12,"Usual Suspects, The (1995)",Crime,Crime,4.6991
334,33,Fargo (1996),Crime,Crime|Drama|Thriller,4.1662
334,28,Pulp Fiction (1994),Crime,Crime,4.9418
334,30,Schindler's List (1993),Drama,Drama,4.6572
334,34,GoodFellas (1990),Crime,Crime|Drama,4.1921
335,33,Fargo (1996),Crime,Crime|Drama|Thriller,4.1326
335,30,Schindler's List (1993),Drama,Drama,4.0523
335,27,Forrest Gump (1994),Drama,Drama|Comedy|Romance,3.9053
335,12,"Usual Suspects, The (1995)",Crime,Crime,3.9869
335,34,GoodFellas (1990),Crime,Crime|Drama,4.7226
335,1,Toy Story (1995),Animation,Animation|Childrens|Comedy,4.6625
335,26,"Shawshank Redemption, The (1994)",Drama,Drama,3.855
335,29,"Silence of the Lambs, The (1991)",Thriller,Thriller,4.0439
335,31,Star Wars (1977),Sci-Fi,Action|Adventure|Sci-Fi,4.4725
335,28,Pulp Fiction (1994),Crime,Crime,4.1872
336,26,"Shawshank Redemption, The (1994)",Drama,Drama,4.5643
336,31,Star Wars (1977),Sci-Fi,Action|Adventure|Sci-Fi,4.4262
336,30,Schindler's List (1993),Drama,Drama,4.3209
336,34,GoodFellas (1990),Crime,Crime|Drama,4.0304
336,29,"Silence of the Lambs, The (1991)",Thriller,Thriller,4.3859
336,28,Pulp Fiction (1994),Crime,Crime,4.2815
336,27,Forrest Gump (1994),Drama,Drama|Comedy|Romance,4.7547
336,12,"Usual Suspects, The (1995)",Crime,Crime,4.7163
336,1,Toy Story (1995),Animation,Animation|Childrens|Comedy,3.9608
336,33,Fargo (1996),Crime,Crime|Drama|Thriller,3.9062
337,33,Fargo (1996),Crime,Crime|Drama|Thriller,4.1171
337,27,Forrest Gump (1994),Drama,Drama|Comedy|Romance,4.8018
337,1,Toy Story (1995),Animation,Animation|Childrens|Comedy,4.5668
337,12,"Usual Suspects, The (1995)",Crime,Crime,4.2871
337,31,Star Wars (1977),Sci-Fi,Action|Adventure|Sci-Fi,4.9658
337,34,GoodFellas (1990),Crime,Crime|Drama,4.3578
337,30,Schindler's List (1993),Drama,Drama,4.9637
337,28,Pulp Fiction (1994),Crime,Crime,4.0359
337,26,"Shawshank Redemption, The (1994)",Drama,Drama,4.8856
337,29,"Silence of the Lambs, The (1991)",Thriller,Thriller,3.8166
338,27,Forrest Gump (1994),Drama,Drama|Comedy|Romance,4.251
338,26,"Shawshank Redemption, The (1994)",Drama,Drama,4.4932
338,30,Schindler's List (1993),Drama,Drama,4.3264
338,33,Fargo (1996),Crime,Crime|Drama|Thriller,3.8208
338,29,"Silence of the Lambs, The (1991)",Thriller,Thriller,4.9928
338,28,Pulp Fiction (1994),Crime,Crime,4.4522
338,34,GoodFellas (1990),Crime,Crime|Drama,4.3684
338,1,Toy Story (1995),Animation,Animation|Childrens|Comedy,4.9455
338,31,Star Wars (1977),Sci-Fi,Action|Adventure|Sci-Fi,3.987
338,12,"Usual Suspects, The (1995)",Crime,Crime,4.0271
339,31,Star Wars (1977),Sci-Fi,Action|Adventure|Sci-Fi,4.4991
339,34,GoodFellas (1990),Crime,Crime|Drama,4.1803
339,27,Forrest Gump (1994),Drama,Drama|Comedy|Romance,4.5327
339,28,Pulp Fiction (1994),Crime,Crime,4.9602
339,1,Toy Story (1995),Animation,Animation|Childrens|Comedy,4.6049
339,12,"Usual Suspects, The (1995)",Crime,Crime,4.2352
339,26,"Shawshank Redemption, The (1994)",Drama,Drama,4.9229
339,30,Schindler's List (1993),Drama,Drama,4.4788
339,33,Fargo (1996),Crime,Crime|Drama|Thriller,3.954
339,29,"Silence of the Lambs, The (1991)",Thriller,Thriller,4.3988
340,34,GoodFellas (1990),Crime,Crime|Drama,4.5399
340,12,"Usual Suspects, The (1995)",Crime,Crime,4.0806
340,31,Star Wars (1977),Sci-Fi,Action|Adventure|Sci-Fi,3.8959
340,27,Forrest Gump (1994),Drama,Drama|Comedy|Romance,3.8007
340,33,Fargo (1996),Crime,Crime|Drama|Thriller,4.53
340,26,"Shawshank Redemption, The (1994)",Drama,Drama,4.2346
340,30,Schindler's List (1993),Drama,Drama,4.7028
340,28,Pulp Fiction (1994),Crime,Crime,4.2502
340,1,Toy Story (1995),Animation,Animation|Childrens|Comedy,4.3832
340,29,"Silence of the Lambs, The (1991)",Thriller,Thriller,4.2885
341,1,Toy Story (1995),Animation,Animation|Childrens|Comedy,4.9044
341,34,GoodFellas (1990),Crime,Crime|Drama,4.339
341,12,"Usual Suspects, The (1995)",Crime,Crime,4.4437
341,27,Forrest Gump (1994),Drama,Drama|Comedy|Romance,4.6905
341,33,Fargo (1996),Crime,Crime|Drama|Thriller,4.6354
341,28,Pulp Fiction (1994),Crime,Crime,4.8688
341,30,Schindler's List (1993),Drama,Drama,4.6596
341,26,"Shawshank Redemption, The (1994)",Drama,Drama,4.9975
341,31,Star Wars (1977),Sci-Fi,Action|Adventure|Sci-Fi,4.2182
341,29,"Silence of the Lambs, The (1991)",Thriller,Thriller,4.7996
342,34,GoodFellas (1990),Crime,Crime|Drama,4.5506
342,28,Pulp Fiction (1994),Crime,Crime,4.2706
342,31,Star Wars (1977),Sci-Fi,Action|Adventure|Sci-Fi,4.9875
342,33,Fargo (1996),Crime,Crime|Drama|Thriller,4.3746
342,27,Forrest Gump (1994),Drama,Drama|Comedy|Romance,4.074
342,1,Toy Story (1995),Animation,Animation|Childrens|Comedy,4.2582
342,30,Schindler's List (1993),Drama,Drama,4.5846
342,12,"Usual Suspects, The (1995)",Crime,Crime,3.8913
342,26,"Shawshank Redemption, The (1994)",Drama,Drama,4.5243
342,29,"Silence of the Lambs, The (1991)",Thriller,Thriller,4.9175
343,29,"Silence of the Lambs, The (1991)",Thriller,Thriller,4.1348
343,27,Forrest Gump (1994),Drama,Drama|Comedy|Romance,4.1468
343,33,Fargo (1996),Crime,Crime|Drama|Thriller,4.6865
343,31,Star Wars (1977),Sci-Fi,Action|Adventure|Sci-Fi,3.8355
343,12,"Usual Suspects, The (1995)",Crime,Crime,4.2571
343,26,"Shawshank Redemption, The (1994)",Drama,Drama,4.289
343,28,Pulp Fiction (1994),Crime,Crime,4.3821
343,34,GoodFellas (1990),Crime,Crime|Drama,4.6028
343,1,Toy Story (1995),Animation,Animation|Childrens|Comedy,4.2436
343,30,Schindler's List (1993),Drama,Drama,4.0558
344,1,Toy Story (1995),Animation,Animation|Childrens|Comedy,4.3858
344,33,Fargo (1996),Crime,Crime|Drama|Thriller,3.8692
344,28,Pulp Fiction (1994),Crime,Crime,4.9247
344,31,Star Wars (1977),Sci-Fi,Action|Adventure|Sci-Fi,4.5035
344,34,GoodFellas (1990),Crime,Crime|Drama,4.639
344,29,"Silence of the Lambs, The (1991)",Thriller,Thriller,4.4302
344,27,Forrest Gump (1994),Drama,Drama|Comedy|Romance,4.8017
344,26,"Shawshank Redemption, The (1994)",Drama,Drama,3.8398
344,30,Schindler's List (1993),Drama,Drama,4.1221
344,12,"Usual Suspects, The (1995)",Crime,Crime,4.3636
345,26,"Shawshank Redemption, The (1994)",Drama,Drama,4.9863
345,28,Pulp Fiction (1994),Crime,Crime,3.8266
345,33,Fargo (1996),Crime,Crime|Drama|Thriller,4.0005
345,1,Toy Story (1995),Animation,Animation|Childrens|Comedy,4.969
345,29,"Silence of the Lambs, The (1991)",Thriller,Thriller,4.5539
345,12,"Usual Suspects, The (1995)",Crime,Crime,4.3408
345,27,Forrest Gump (1994),Drama,Drama|Comedy|Romance,3.8945
345,30,Schindler's List (1993),Drama,Drama,4.6036
345,34,GoodFellas (1990),Crime,Crime|Drama,3.9654
345,31,Star Wars (1977),Sci-Fi,Action|Adventure|Sci-Fi,4.6054
346,28,Pulp Fiction (1994),Crime,Crime,4.3737
346,31,Star Wars (1977),Sci-Fi,Action|Adventure|Sci-Fi,4.6085
346,12,"Usual Suspects, The (1995)",Crime,Crime,4.4863
346,33,Fargo (1996),Crime,Crime|Drama|Thriller,4.9844
346,34,GoodFellas (1990),Crime,Crime|Drama,4.791
346,30,Schindler's List (1993),Drama,Drama,4.1176
346,29,"Silence of the Lambs, The (1991)",Thriller,Thriller,4.6709
346,26,"Shawshank Redemption, The (1994)",Drama,Drama,4.0572
346,1,Toy Story (1995),Animation,Animation|Childrens|Comedy,4.7388
346,27,Forrest Gump (1994),Drama,Drama|Comedy|Romance,3.9771
347,1,Toy Story (1995),Animation,Animation|Childrens|Comedy,4.6644
347,29,"Silence of the Lambs, The (1991)",Thriller,Thriller,4.7959
347,33,Fargo (1996),Crime,Crime|Drama|Thriller,4.0406
347,31,Star Wars (1977),Sci-Fi,Action|Adventure|Sci-Fi,4.8667
347,26,"Shawshank Redemption, The (1994)",Drama,Drama,4.1866
347,28,Pulp Fiction (1994),Crime,Crime,3.8161
347,27,Forrest Gump (1994),Drama,Drama|Comedy|Romance,4.8121
347,34,GoodFellas (1990),Crime,Crime|Drama,4.9302
347,30,Schindler's List (1993),Drama,Drama,4.5867
347,12,"Usual Suspects, The (1995)",Crime,Crime,4.0777
348,30,Schindler's List (1993),Drama,Drama,3.9733
348,12,"Usual Suspects, The (1995)",Crime,Crime,4.4636
348,29,"Silence of the Lambs, The (1991)",Thriller,Thriller,4.1431
348,1,Toy Story (1995),Animation,Animation|Childrens|Comedy,4.0796
348,26,"Shawshank Redemption, The (1994)",Drama,Drama,4.2787
348,31,Star Wars (1977),Sci-Fi,Action|Adventure|Sci-Fi,4.7426
348,28,Pulp Fiction (1994),Crime,Crime,4.3854
348,33,Fargo (1996),Crime,Crime|Drama|Thriller,4.0598
348,34,GoodFellas (1990),Crime,Crime|Drama,3.9403
348,27,Forrest Gump (1994),Drama,Drama|Comedy|Romance,4.3988
349,27,Forrest Gump (1994),Drama,Drama|Comedy|Romance,4.0132
349,28,Pulp Fiction (1994),Crime,Crime,4.4385
349,34,GoodFellas (1990),Crime,Crime|Drama,4.2275
349,12,"Usual Suspects, The (1995)",Crime,Crime,3.949
349,30,Schindler's List (1993),Drama,Drama,3.8599
349,26,"Shawshank Redemption, The (1994)",Drama,Drama,4.467
349,29,"Silence of the Lambs, The (1991)",Thriller,Thriller,3.8249
349,33,Fargo (1996),Crime,Crime|Drama|Thriller,3.9241
349,31,Star Wars (1977),Sci-Fi,Action|Adventure|Sci-Fi,4.2171
349,1,Toy Story (1995),Animation,Animation|Childrens|Comedy,3.8522
350,29,"Silence of the Lambs, The (1991)",Thriller,Thriller,4.6513
350,28,Pulp Fiction (1994),Crime,Crime,4.9221
350,1,Toy Story (1995),Animation,Animation|Childrens|Comedy,4.4782
350,26,"Shawshank Redemption, The (1994)",Drama,Drama,4.5337
350,12,"Usual Suspects, The (1995)",Crime,Crime,3.8827
350,31,Star Wars (1977),Sci-Fi,Action|Adventure|Sci-Fi,4.8374
350,34,GoodFellas (1990),Crime,Crime|Drama,4.1425
350,30,Schindler's List (1993),Drama,Drama,4.5381
350,33,Fargo (1996),Crime,Crime|Drama|Thriller,4.9749
350,27,Forrest Gump (1994),Drama,Drama|Comedy|Romance,4.5146
351,1,Toy Story (1995),Animation,Animation|Childrens|Comedy,4.8348
351,30,Schindler's List (1993),Drama,Drama,3.9892
351,31,Star Wars (1977),Sci-Fi,Action|Adventure|Sci-Fi,4.4171
351,27,Forrest Gump (1994),Drama,Drama|Comedy|Romance,4.5166
351,29,"Silence of the Lambs, The (1991)",Thriller,Thriller,4.3491
351,12,"Usual Suspects, The (1995)",Crime,Crime,4.2089
351,34,GoodFellas (1990),Crime,Crime|Drama,4.3614
351,26,"Shawshank Redemption, The (1994)",Drama,Drama,4.1737
351,28,Pulp Fiction (1994),Crime,Crime,4.3257
351,33,Fargo (1996),Crime,Crime|Drama|Thriller,4.2307
352,29,"Silence of the Lambs, The (1991)",Thriller,Thriller,4.0775
352,28,Pulp Fiction (1994),Crime,Crime,4.0276
352,12,"Usual Suspects, The (1995)",Crime,Crime,4.0737
352,31,Star Wars (1977),Sci-Fi,Action|Adventure|Sci-Fi,4.9035
352,33,Fargo (1996),Crime,Crime|Drama|Thriller,4.6434
352,27,Forrest Gump (1994),Drama,Drama|Comedy|Romance,4.7223
352,30,Schindler's List (1993),Drama,Drama,4.2524
352,26,"Shawshank Redemption, The (1994)",Drama,Drama,4.891
352,1,Toy Story (1995),Animation,Animation|Childrens|Comedy,4.7473
352,34,GoodFellas (1990),Crime,Crime|Drama,4.7007
353,34,GoodFellas (1990),Crime,Crime|Drama,3.8657
353,28,Pulp Fiction (1994),Crime,Crime,4.7313
353,12,"Usual Suspects, The (1995)",Crime,Crime,4.5364
353,29,"Silence of the Lambs, The (1991)",Thriller,Thriller,3.8834
353,27,Forrest Gump (1994),Drama,Drama|Comedy|Romance,4.4103
353,26,"Shawshank Redemption, The (1994)",Drama,Drama,3.8989
353,30,Schindler's List (1993),Drama,Drama,4.6831
353,33,Fargo (1996),Crime,Crime|Drama|Thriller,4.4558
353,31,Star Wars (1977),Sci-Fi,Action|Adventure|Sci-Fi,4.9443
353,1,Toy Story (1995),Animation,Animation|Childrens|Comedy,4.0198
354,28,Pulp Fiction (1994),Crime,Crime,4.7781
354,12,"Usual Suspects, The (1995)",Crime,Crime,4.8243
354,29,"Silence of the Lambs, The (1991)",Thriller,Thriller,3.8927
354,31,Star Wars (1977),Sci-Fi,Action|Adventure|Sci-Fi,4.2119
354,27,Forrest Gump (1994),Drama,Drama|Comedy|Romance,4.6245
354,33,Fargo (1996),Crime,Crime|Drama|Thriller,4.3983
354,1,Toy Story (1995),Animation,Animation|Childrens|Comedy,4.0288
354,26,"Shawshank Redemption, The (1994)",Drama,Drama,4.4633
354,34,GoodFellas (1990),Crime,Crime|Drama,4.2889
354,30,Schindler's List (1993),Drama,Drama,4.268
355,29,"Silence of the Lambs, The (1991)",Thriller,Thriller,4.9263
355,1,Toy Story (1995),Animation,Animation|Childrens|Comedy,4.5954
355,12,"Usual Suspects, The (1995)",Crime,Crime,4.8132
355,30,Schindler's List (1993),Drama,Drama,4.719
355,27,Forrest Gump (1994),Drama,Drama|Comedy|Romance,4.255
355,26,"Shawshank Redemption, The (1994)",Drama,Drama,4.3744
355,31,Star Wars (1977),Sci-Fi,Action|Adventure|Sci-Fi,4.0234
355,33,Fargo (1996),Crime,Crime|Drama|Thriller,4.1504
355,28,Pulp Fiction (1994),Crime,Crime,4.7338
355,34,GoodFellas (1990),Crime,Crime|Drama,4.8728
356,31,Star Wars (1977),Sci-Fi,Action|Adventure|Sci-Fi,4.9897
356,34,GoodFellas (1990),Crime,Crime|Drama,4.7796
356,28,Pulp Fiction (1994),Crime,Crime,4.6496
356,12,"Usual Suspects, The (1995)",Crime,Crime,3.8736
356,1,Toy Story (1995),Animation,Animation|Childrens|Comedy,4.8852
356,30,Schindler's List (1993),Drama,Drama,4.7481
356,29,"Silence of the Lambs, The (1991)",Thriller,Thriller,4.0748
356,27,Forrest Gump (1994),Drama,Drama|Comedy|Romance,4.2707
356,26,"Shawshank Redemption, The (1994)",Drama,Drama,4.1224
356,33,Fargo (1996),Crime,Crime|Drama|Thriller,4.9813
357,33,Fargo (1996),Crime,Crime|Drama|Thriller,4.8828
357,1,Toy Story (1995),Animation,Animation|Childrens|Comedy,4.1412
357,30,Schindler's List (1993),Drama,Drama,4.5847
357,12,"Usual Suspects, The (1995)",Crime,Crime,4.4418
357,28,Pulp Fiction (1994),Crime,Crime,4.5156
357,34,GoodFellas (1990),Crime,Crime|Drama,4.2989
357,26,"Shawshank Redemption, The (1994)",Drama,Drama,4.16
357,29,"Silence of the Lambs, The (1991)",Thriller,Thriller,3.8582
357,31,Star Wars (1977),Sci-Fi,Action|Adventure|Sci-Fi,4.6931
357,27,Forrest Gump (1994),Drama,Drama|Comedy|Romance,4.6953
358,29,"Silence of the Lambs, The (1991)",Thriller,Thriller,4.72
358,26,"Shawshank Redemption, The (1994)",Drama,Drama,4.9266
358,12,"Usual Suspects, The (1995)",Crime,Crime,4.3128
358,28,Pulp Fiction (1994),Crime,Crime,4.729
358,34,GoodFellas (1990),Crime,Crime|Drama,4.3645
358,30,Schindler's List (1993),Drama,Drama,4.1543
358,31,Star Wars (1977),Sci-Fi,Action|Adventure|Sci-Fi,4.6871
358,27,Forrest Gump (1994),Drama,Drama|Comedy|Romance,4.7578
358,1,Toy Story (1995),Animation,Animation|Childrens|Comedy,4.0434
358,33,Fargo (1996),Crime,Crime|Drama|Thriller,4.1662
359,34,GoodFellas (1990),Crime,Crime|Drama,4.0208
359,12,"Usual Suspects, The (1995)",Crime,Crime,4.9452
359,33,Fargo (1996),Crime,Crime|Drama|Thriller,4.6858
359,1,Toy Story (1995),Animation,Animation|Childrens|Comedy,4.6813
359,29,"Silence of the Lambs, The (1991)",Thriller,Thriller,3.887
359,26,"Shawshank Redemption, The (1994)",Drama,Drama,4.8744
359,27,Forrest Gump (1994),Drama,Drama|Comedy|Romance,4.3325
359,31,Star Wars (1977),Sci-Fi,Action|Adventure|Sci-Fi,4.5917
359,28,Pulp Fiction (1994),Crime,Crime,4.9516
359,30,Schindler's List (1993),Drama,Drama,3.92
360,28,Pulp Fiction (1994),Crime,Crime,4.2779
360,26,"Shawshank Redemption, The (1994)",Drama,Drama,4.0477
360,31,Star Wars (1977),Sci-Fi,Action|Adventure|Sci-Fi,4.4611
360,30,Schindler's List (1993),Drama,Drama,3.9329
360,1,Toy Story (1995),Animation,Animation|Childrens|Comedy,4.1466
360,34,GoodFellas (1990),Crime,Crime|Drama,4.0495
360,27,Forrest Gump (1994),Drama,Drama|Comedy|Romance,4.2759
360,29,"Silence of the Lambs, The (1991)",Thriller,Thriller,3.9335
360,33,Fargo (1996),Crime,Crime|Drama|Thriller,3.8382
360,12,"Usual Suspects, The (1995)",Crime,Crime,4.5882
361,27,Forrest Gump (1994),Drama,Drama|Comedy|Romance,4.1556
361,34,GoodFellas (1990),Crime,Crime|Drama,4.4836
361,29,"Silence of the Lambs, The (1991)",Thriller,Thriller,4.5881
361,1,Toy Story (1995),Animation,Animation|Childrens|Comedy,4.3548
361,30,Schindler's List (1993),Drama,Drama,4.7648
361,26,"Shawshank Redemption, The (1994)",Drama,Drama,3.9349
361,28,Pulp Fiction (1994),Crime,Crime,3.9015
361,31,Star Wars (1977),Sci-Fi,Action|Adventure|Sci-Fi,3.8531
361,33,Fargo (1996),Crime,Crime|Drama|Thriller,4.443
361,12,"Usual Suspects, The (1995)",Crime,Crime,4.6475
362,27,Forrest Gump (1994),Drama,Drama|Comedy|Romance,4.4845
362,1,Toy Story (1995),Animation,Animation|Childrens|Comedy,4.9968
362,26,"Shawshank Redemption, The (1994)",Drama,Drama,4.9766
362,34,GoodFellas (1990),Crime,Crime|Drama,4.4457
362,28,Pulp Fiction (1994),Crime,Crime,4.3462
362,29,"Silence of the Lambs, The (1991)",Thriller,Thriller,4.3545
362,31,Star Wars (1977),Sci-Fi,Action|Adventure|Sci-Fi,4.314
362,12,"Usual Suspects, The (1995)",Crime,Crime,4.4377
362,33,Fargo (1996),Crime,Crime|Drama|Thriller,4.1283
362,30,Schindler's List (1993),Drama,Drama,4.9121
363,27,Forrest Gump (1994),Drama,Drama|Comedy|Romance,4.5498
363,26,"Shawshank Redemption, The (1994)",Drama,Drama,4.398
363,30,Schindler's List (1993),Drama,Drama,4.2405
363,34,GoodFellas (1990),Crime,Crime|Drama,4.8579
363,31,Star Wars (1977),Sci-Fi,Action|Adventure|Sci-Fi,3.9353
363,29,"Silence of the Lambs, The (1991)",Thriller,Thriller,4.3843
363,33,Fargo (1996),Crime,Crime|Drama|Thriller,4.0332
363,1,Toy Story (1995),Animation,Animation|Childrens|Comedy,4.8333
363,28,Pulp Fiction (1994),Crime,Crime,4.1042
363,12,"Usual Suspects, The (1995)",Crime,Crime,4.5601
364,1,Toy Story (1995),Animation,Animation|Childrens|Comedy,4.0988
364,28,Pulp Fiction (1994),Crime,Crime,4.927
364,30,Schindler's List (1993),Drama,Drama,4.7711
364,33,Fargo (1996),Crime,Crime|Drama|Thriller,4.7848
364,27,Forrest Gump (1994),Drama,Drama|Comedy|Romance,4.0342
364,29,"Silence of the Lambs, The (1991)",Thriller,Thriller,3.972
364,34,GoodFellas (1990),Crime,Crime|Drama,3.8312
364,31,Star Wars (1977),Sci-Fi,Action|Adventure|Sci-Fi,4.0844
364,26,"Shawshank Redemption, The (1994)",Drama,Drama,4.729
364,12,"Usual Suspects, The (1995)",Crime,Crime,4.088
365,12,"Usual Suspects, The (1995)",Crime,Crime,4.3783
365,1,Toy Story (1995),Animation,Animation|Childrens|Comedy,4.1504
365,34,GoodFellas (1990),Crime,Crime|Drama,4.5167
365,26,"Shawshank Redemption, The (1994)",Drama,Drama,4.6608
365,27,Forrest Gump (1994),Drama,Drama|Comedy|Romance,4.3368
365,29,"Silence of the Lambs, The (1991)",Thriller,Thriller,4.8483
365,31,Star Wars (1977),Sci-Fi,Action|Adventure|Sci-Fi,4.4204
365,28,Pulp Fiction (1994),Crime,Crime,3.9731
365,33,Fargo (1996),Crime,Crime|Drama|Thriller,4.5467
365,30,Schindler's List (1993),Drama,Drama,4.3547
366,30,Schindler's List (1993),Drama,Drama,4.7757
366,31,Star Wars (1977),Sci-Fi,Action|Adventure|Sci-Fi,4.1661
366,34,GoodFellas (1990),Crime,Crime|Drama,4.504
366,28,Pulp Fiction (1994),Crime,Crime,4.8978
366,27,Forrest Gump (1994),Drama,Drama|Comedy|Romance,4.1848
366,26,"Shawshank Redemption, The (1994)",Drama,Drama,4.784
366,33,Fargo (1996),Crime,Crime|Drama|Thriller,3.8114
366,29,"Silence of the Lambs, The (1991)",Thriller,Thriller,3.8044
366,12,"Usual Suspects, The (1995)",Crime,Crime,4.7117
366,1,Toy Story (1995),Animation,Animation|Childrens|Comedy,4.7137
367,29,"Silence of the Lambs, The (1991)",Thriller,Thriller,4.4366
367,30,Schindler's List (1993),Drama,Drama,3.8998
367,27,Forrest Gump (1994),Drama,Drama|Comedy|Romance,4.1423
367,28,Pulp Fiction (1994),Crime,Crime,4.4244
367,31,Star Wars (1977),Sci-Fi,Action|Adventure|Sci-Fi,4.8228
367,1,Toy Story (1995),Animation,Animation|Childrens|Comedy,4.649
367,26,"Shawshank Redemption, The (1994)",Drama,Drama,4.5463
367,33,Fargo (1996),Crime,Crime|Drama|Thriller,4.3952
367,34,GoodFellas (1990),Crime,Crime|Drama,4.1584
367,12,"Usual Suspects, The (1995)",Crime,Crime,3.9431
368,29,"Silence of the Lambs, The (1991)",Thriller,Thriller,4.4596
368,33,Fargo (1996),Crime,Crime|Drama|Thriller,3.8937
368,28,Pulp Fiction (1994),Crime,Crime,4.9318
368,34,GoodFellas (1990),Crime,Crime|Drama,3.9193
368,31,Star Wars (1977),Sci-Fi,Action|Adventure|Sci-Fi,4.8258
368,1,Toy Story (1995),Animation,Animation|Childrens|Comedy,3.8004
368,12,"Usual Suspects, The (1995)",Crime,Crime,4.8587
368,30,Schindler's List (1993),Drama,Drama,3.8237
368,27,Forrest Gump (1994),Drama,Drama|Comedy|Romance,4.7094
368,26,"Shawshank Redemption, The (1994)",Drama,Drama,4.234
369,1,Toy Story (1995),Animation,Animation|Childrens|Comedy,4.7066
369,29,"Silence of the Lambs, The (1991)",Thriller,Thriller,4.4895
369,28,Pulp Fiction (1994),Crime,Crime,3.8581
369,27,Forrest Gump (1994),Drama,Drama|Comedy|Romance,4.2864
369,33,Fargo (1996),Crime,Crime|Drama|Thriller,4.0207
369,34,GoodFellas (1990),Crime,Crime|Drama,4.231
369,31,Star Wars (1977),Sci-Fi,Action|Adventure|Sci-Fi,4.26
369,26,"Shawshank Redemption, The (1994)",Drama,Drama,4.3699
369,12,"Usual Suspects, The (1995)",Crime,Crime,4.5203
369,30,Schindler's List (1993),Drama,Drama,4.4852
370,26,"Shawshank Redemption, The (1994)",Drama,Drama,4.6147
370,29,"Silence of the Lambs, The (1991)",Thriller,Thriller,4.5345
370,12,"Usual Suspects, The (1995)",Crime,Crime,3.9755
370,34,GoodFellas (1990),Crime,Crime|Drama,4.8042
370,33,Fargo (1996),Crime,Crime|Drama|Thriller,4.3107
370,27,Forrest Gump (1994),Drama,Drama|Comedy|Romance,4.0658
370,31,Star Wars (1977),Sci-Fi,Action|Adventure|Sci-Fi,3.9035
370,28,Pulp Fiction (1994),Crime,Crime,4.3001
370,1,Toy Story (1995),Animation,Animation|Childrens|Comedy,4.5416
370,30,Schindler's List (1993),Drama,Drama,4.5985
371,30,Schindler's List (1993),Drama,Drama,4.8658
371,27,Forrest Gump (1994),Drama,Drama|Comedy|Romance,4.6334
371,34,GoodFellas (1990),Crime,Crime|Drama,4.2185
371,28,Pulp Fiction (1994),Crime,Crime,4.8609
371,31,Star Wars (1977),Sci-Fi,Action|Adventure|Sci-Fi,4.5999
371,26,"Shawshank Redemption, The (1994)",Drama,Drama,4.6386
371,29,"Silence of the Lambs, The (1991)",Thriller,Thriller,4.8757
371,1,Toy Story (1995),Animation,Animation|Childrens|Comedy,4.3381
371,33,Fargo (1996),Crime,Crime|Drama|Thriller,4.5883
371,12,"Usual Suspects, The (1995)",Crime,Crime,4.6936
372,1,Toy Story (1995),Animation,Animation|Childrens|Comedy,4.9756
372,33,Fargo (1996),Crime,Crime|Drama|Thriller,4.5772
372,12,"Usual Suspects, The (1995)",Crime,Crime,4.9002
372,28,Pulp Fiction (1994),Crime,Crime,4.5713
372,26,"Shawshank Redemption, The (1994)",Drama,Drama,3.8398
372,34,GoodFellas (1990),Crime,Crime|Drama,4.9961
372,30,Schindler's List (1993),Drama,Drama,3.9187
372,31,Star Wars (1977),Sci-Fi,Action|Adventure|Sci-Fi,4.6192
372,27,Forrest Gump (1994),Drama,Drama|Comedy|Romance,4.1034
372,29,"Silence of the Lambs, The (1991)",Thriller,Thriller,4.2704
373,29,"Silence of the Lambs, The (1991)",Thriller,Thriller,4.1422
373,28,Pulp Fiction (1994),Crime,Crime,4.9221
373,1,Toy Story (1995),Animation,Animation|Childrens|Comedy,4.629
373,27,Forrest Gump (1994),Drama,Drama|Comedy|Romance,4.0648
373,26,"Shawshank Redemption, The (1994)",Drama,Drama,4.5376
373,34,GoodFellas (1990),Crime,Crime|Drama,4.8444
373,30,Schindler's List (1993),Drama,Drama,4.6354
373,12,"Usual Suspects, The (1995)",Crime,Crime,4.0937
373,31,Star Wars (1977),Sci-Fi,Action|Adventure|Sci-Fi,4.5786
373,33,Fargo (1996),Crime,Crime|Drama|Thriller,4.543
374,29,"Silence of the Lambs, The (1991)",Thriller,Thriller,3.9693
374,26,"Shawshank Redemption, The (1994)",Drama,Drama,4.7853
374,28,Pulp Fiction (1994),Crime,Crime,4.8631
374,31,Star Wars (1977),Sci-Fi,Action|Adventure|Sci-Fi,4.0816
374,30,Schindler's List (1993),Drama,Drama,3.9362
374,12,"Usual Suspects, The (1995)",Crime,Crime,3.8641
374,34,GoodFellas (1990),Crime,Crime|Drama,4.53
374,1,Toy Story (1995),Animation,Animation|Childrens|Comedy,4.6584
374,27,Forrest Gump (1994),Drama,Drama|Comedy|Romance,4.2474
374,33,Fargo (1996),Crime,Crime|Drama|Thriller,4.6156
375,29,"Silence of the Lambs, The (1991)",Thriller,Thriller,4.8416
375,31,Star Wars (1977),Sci-Fi,Action|Adventure|Sci-Fi,4.7511
375,28,Pulp Fiction (1994),Crime,Crime,4.4896
375,33,Fargo (1996),Crime,Crime|Drama|Thriller,3.9004
375,1,Toy Story (1995),Animation,Animation|Childrens|Comedy,4.128
375,12,"Usual Suspects, The (1995)",Crime,Crime,4.1573
375,26,"Shawshank Redemption, The (1994)",Drama,Drama,4.4729
375,34,GoodFellas (1990),Crime,Crime|Drama,4.1097
375,27,Forrest Gump (1994),Drama,Drama|Comedy|Romance,3.8876
375,30,Schindler's List (1993),Drama,Drama,4.6769
376,30,Schindler's List (1993),Drama,Drama,4.2168
376,34,GoodFellas (1990),Crime,Crime|Drama,4.3799
376,33,Fargo (1996),Crime,Crime|Drama|Thriller,4.7027
376,27,Forrest Gump (1994),Drama,Drama|Comedy|Romance,3.881
376,12,"Usual Suspects, The (1995)",Crime,Crime,4.0606
376,31,Star Wars (1977),Sci-Fi,Action|Adventure|Sci-Fi,4.3551
376,28,Pulp Fiction (1994),Crime,Crime,4.5251
376,26,"Shawshank Redemption, The (1994)",Drama,Drama,4.207
376,29,"Silence of the Lambs, The (1991)",Thriller,Thriller,4.1581
376,1,Toy Story (1995),Animation,Animation|Childrens|Comedy,3.8497
377,12,"Usual Suspects, The (1995)",Crime,Crime,4.2919
377,31,Star Wars (1977),Sci-Fi,Action|Adventure|Sci-Fi,4.1027
377,34,GoodFellas (1990),Crime,Crime|Drama,4.2808
377,27,Forrest Gump (1994),Drama,Drama|Comedy|Romance,3.9665
377,28,Pulp Fiction (1994),Crime,Crime,3.9383
377,30,Schindler's List (1993),Drama,Drama,4.1599
377,29,"Silence of the Lambs, The (1991)",Thriller,Thriller,4.9944
377,33,Fargo (1996),Crime,Crime|Drama|Thriller,4.1918
377,26,"Shawshank Redemption, The (1994)",Drama,Drama,4.9237
377,1,Toy Story (1995),Animation,Animation|Childrens|Comedy,4.2707
378,12,"Usual Suspects, The (1995)",Crime,Crime,3.8532
378,33,Fargo (1996),Crime,Crime|Drama|Thriller,3.8569
378,30,Schindler's List (1993),Drama,Drama,4.8887
378,28,Pulp Fiction (1994),Crime,Crime,4.848
378,31,Star Wars (1977),Sci-Fi,Action|Adventure|Sci-Fi,4.3501
378,27,Forrest Gump (1994),Drama,Drama|Comedy|Romance,3.9959
378,1,Toy Story (1995),Animation,Animation|Childrens|Comedy,4.7963
378,29,"Silence of the Lambs, The (1991)",Thriller,Thriller,4.1895
378,26,"Shawshank Redemption, The (1994)",Drama,Drama,4.3029
378,34,GoodFellas (1990),Crime,Crime|Drama,4.619
379,30,Schindler's List (1993),Drama,Drama,4.1769
379,27,Forrest Gump (1994),Drama,Drama|Comedy|Romance,4.0166
379,31,Star Wars (1977),Sci-Fi,Action|Adventure|Sci-Fi,4.7001
379,12,"Usual Suspects, The (1995)",Crime,Crime,4.0453
379,26,"Shawshank Redemption, The (1994)",Drama,Drama,4.6251
379,29,"Silence of the Lambs, The (1991)",Thriller,Thriller,4.2191
379,1,Toy Story (1995),Animation,Animation|Childrens|Comedy,4.4142
379,28,Pulp Fiction (1994),Crime,Crime,4.9206
379,33,Fargo (1996),Crime,Crime|Drama|Thriller,3.8448
379,34,GoodFellas (1990),Crime,Crime|Drama,4.4003
380,26,"Shawshank Redemption, The (1994)",Drama,Drama,3.8493
380,29,"Silence of the Lambs, The (1991)",Thriller,Thriller,3.8858
380,31,Star Wars (1977),Sci-Fi,Action|Adventure|Sci-Fi,4.1901
380,12,"Usual Suspects, The (1995)",Crime,Crime,4.0793
380,27,Forrest Gump (1994),Drama,Drama|Comedy|Romance,4.1179
380,30,Schindler's List (1993),Drama,Drama,4.0655
380,34,GoodFellas (1990),Crime,Crime|Drama,4.035
380,33,Fargo (1996),Crime,Crime|Drama|Thriller,3.9567
380,1,Toy Story (1995),Animation,Animation|Childrens|Comedy,4.9207
380,28,Pulp Fiction (1994),Crime,Crime,3.973
381,34,GoodFellas (1990),Crime,Crime|Drama,4.8036
381,12,"Usual Suspects, The (1995)",Crime,Crime,4.2898
381,33,Fargo (1996),Crime,Crime|Drama|Thriller,4.1154
381,27,Forrest Gump (1994),Drama,Drama|Comedy|Romance,4.4909
381,28,Pulp Fiction (1994),Crime,Crime,4.7866
381,31,Star Wars (1977),Sci-Fi,Action|Adventure|Sci-Fi,4.7344
381,29,"Silence of the Lambs, The (1991)",Thriller,Thriller,4.868
381,30,Schindler's List (1993),Drama,Drama,4.9138
381,1,Toy Story (1995),Animation,Animation|Childrens|Comedy,4.0857
381,26,"Shawshank Redemption, The (1994)",Drama,Drama,4.3086
382,29,"Silence of the Lambs, The (1991)",Thriller,Thriller,4.3924
382,34,GoodFellas (1990),Crime,Crime|Drama,3.972
382,1,Toy Story (1995),Animation,Animation|Childrens|Comedy,3.9618
382,27,Forrest Gump (1994),Drama,Drama|Comedy|Romance,4.1076
382,31,Star Wars (1977),Sci-Fi,Action|Adventure|Sci-Fi,4.9682
382,26,"Shawshank Redemption, The (1994)",Drama,Drama,4.2561
382,12,"Usual Suspects, The (1995)",Crime,Crime,4.4792
382,30,Schindler's List (1993),Drama,Drama,4.6451
382,33,Fargo (1996),Crime,Crime|Drama|Thriller,4.6907
382,28,Pulp Fiction (1994),Crime,Crime,4.6256
383,26,"Shawshank Redemption, The (1994)",Drama,Drama,4.3898
383,33,Fargo (1996),Crime,Crime|Drama|Thriller,4.7264
383,29,"Silence of the Lambs, The (1991)",Thriller,Thriller,4.9379
383,1,Toy Story (1995),Animation,Animation|Childrens|Comedy,3.939
383,31,Star Wars (1977),Sci-Fi,Action|Adventure|Sci-Fi,4.2016
383,34,GoodFellas (1990),Crime,Crime|Drama,4.1835
383,27,Forrest Gump (1994),Drama,Drama|Comedy|Romance,3.9814
383,30,Schindler's List (1993),Drama,Drama,4.7724
383,12,"Usual Suspects, The (1995)",Crime,Crime,4.7119
383,28,Pulp Fiction (1994),Crime,Crime,4.3813
384,12,"Usual Suspects, The (1995)",Crime,Crime,4.6011
384,26,"Shawshank Redemption, The (1994)",Drama,Drama,4.2338
384,29,"Silence of the Lambs, The (1991)",Thriller,Thriller,4.4538
384,31,Star Wars (1977),Sci-Fi,Action|Adventure|Sci-Fi,4.3851
384,27,Forrest Gump (1994),Drama,Drama|Comedy|Romance,4.2574
384,34,GoodFellas (1990),Crime,Crime|Drama,4.6627
384,28,Pulp Fiction (1994),Crime,Crime,4.8607
384,1,Toy Story (1995),Animation,Animation|Childrens|Comedy,3.8063
384,33,Fargo (1996),Crime,Crime|Drama|Thriller,4.9203
384,30,Schindler's List (1993),Drama,Drama,4.4138
385,26,"Shawshank Redemption, The (1994)",Drama,Drama,3.991
385,12,"Usual Suspects, The (1995)",Crime,Crime,4.589
385,1,Toy Story (1995),Animation,Animation|Childrens|Comedy,4.8442
385,30,Schindler's List (1993),Drama,Drama,4.8709
385,29,"Silence of the Lambs, The (1991)",Thriller,Thriller,4.5725
385,33,Fargo (1996),Crime,Crime|Drama|Thriller,4.4306
385,27,Forrest Gump (1994),Drama,Drama|Comedy|Romance,4.1977
385,34,GoodFellas (1990),Crime,Crime|Drama,4.976
385,28,Pulp Fiction (1994),Crime,Crime,4.1836
385,31,Star Wars (1977),Sci-Fi,Action|Adventure|Sci-Fi,4.693
386,26,"Shawshank Redemption, The (1994)",Drama,Drama,4.5574
386,1,Toy Story (1995),Animation,Animation|Childrens|Comedy,4.482
386,34,GoodFellas (1990),Crime,Crime|Drama,4.8684
386,27,Forrest Gump (1994),Drama,Drama|Comedy|Romance,4.7015
386,29,"Silence of the Lambs, The (1991)",Thriller,Thriller,4.9583
386,30,Schindler's List (1993),Drama,Drama,4.952
386,28,Pulp Fiction (1994),Crime,Crime,4.0708
386,31,Star Wars (1977),Sci-Fi,Action|Adventure|Sci-Fi,4.6704
386,33,Fargo (1996),Crime,Crime|Drama|Thriller,4.4366
386,12,"Usual Suspects, The (1995)",Crime,Crime,4.0575
387,31,Star Wars (1977),Sci-Fi,Action|Adventure|Sci-Fi,4.2697
387,28,Pulp Fiction (1994),Crime,Crime,4.9879
387,34,GoodFellas (1990),Crime,Crime|Drama,4.0495
387,12,"Usual Suspects, The (1995)",Crime,Crime,4.4537
387,26,"Shawshank Redemption, The (1994)",Drama,Drama,4.9848
387,33,Fargo (1996),Crime,Crime|Drama|Thriller,4.7504
387,29,"Silence of the Lambs, The (1991)",Thriller,Thriller,4.992
387,1,Toy Story (1995),Animation,Animation|Childrens|Comedy,4.962
387,27,Forrest Gump (1994),Drama,Drama|Comedy|Romance,4.3874
387,30,Schindler's List (1993),Drama,Drama,4.6357
388,31,Star Wars (1977),Sci-Fi,Action|Adventure|Sci-Fi,4.583
388,28,Pulp Fiction (1994),Crime,Crime,3.9962
388,29,"Silence of the Lambs, The (1991)",Thriller,Thriller,4.1069
388,30,Schindler's List (1993),Drama,Drama,4.0969
388,12,"Usual Suspects, The (1995)",Crime,Crime,4.9521
388,26,"Shawshank Redemption, The (1994)",Drama,Drama,3.881
388,27,Forrest Gump (1994),Drama,Drama|Comedy|Romance,4.3145
388,33,Fargo (1996),Crime,Crime|Drama|Thriller,4.8455
388,34,GoodFellas (1990),Crime,Crime|Drama,4.7234
388,1,Toy Story (1995),Animation,Animation|Childrens|Comedy,4.7869
389,28,Pulp Fiction (1994),Crime,Crime,4.8745
389,26,"Shawshank Redemption, The (1994)",Drama,Drama,3.8426
389,33,Fargo (1996),Crime,Crime|Drama|Thriller,4.8358
389,12,"Usual Suspects, The (1995)",Crime,Crime,4.232
389,1,Toy Story (1995),Animation,Animation|Childrens|Comedy,4.5672
389,34,GoodFellas (1990),Crime,Crime|Drama,4.9066
389,27,Forrest Gump (1994),Drama,Drama|Comedy|Romance,3.982
389,30,Schindler's List (1993),Drama,Drama,4.4803
389,31,Star Wars (1977),Sci-Fi,Action|Adventure|Sci-Fi,4.7173
389,29,"Silence of the Lambs, The (1991)",Thriller,Thriller,4.7091
390,31,Star Wars (1977),Sci-Fi,Action|Adventure|Sci-Fi,4.2248
390,29,"Silence of the Lambs, The (1991)",Thriller,Thriller,4.9961
390,12,"Usual Suspects, The (1995)",Crime,Crime,4.3214
390,28,Pulp Fiction (1994),Crime,Crime,3.8294
390,1,Toy Story (1995),Animation,Animation|Childrens|Comedy,4.2351
390,26,"Shawshank Redemption, The (1994)",Drama,Drama,3.9533
390,30,Schindler's List (1993),Drama,Drama,3.9457
390,34,GoodFellas (1990),Crime,Crime|Drama,4.1378
390,33,Fargo (1996),Crime,Crime|Drama|Thriller,3.8641
390,27,Forrest Gump (1994),Drama,Drama|Comedy|Romance,4.6262
391,33,Fargo (1996),Crime,Crime|Drama|Thriller,3.9019
391,26,"Shawshank Redemption, The (1994)",Drama,Drama,4.5449
391,28,Pulp Fiction (1994),Crime,Crime,4.8585
391,34,GoodFellas (1990),Crime,Crime|Drama,4.2217
391,1,Toy Story (1995),Animation,Animation|Childrens|Comedy,4.4632
391,29,"Silence of the Lambs, The (1991)",Thriller,Thriller,4.5706
391,31,Star Wars (1977),Sci-Fi,Action|Adventure|Sci-Fi,4.2976
391,27,Forrest Gump (1994),Drama,Drama|Comedy|Romance,4.884
391,30,Schindler's List (1993),Drama,Drama,4.2353
391,12,"Usual Suspects, The (1995)",Crime,Crime,3.95
392,12,"Usual Suspects, The (1995)",Crime,Crime,4.6514
392,29,"Silence of the Lambs, The (1991)",Thriller,Thriller,4.5349
392,30,Schindler's List (1993),Drama,Drama,4.9413
392,33,Fargo (1996),Crime,Crime|Drama|Thriller,4.7813
392,27,Forrest Gump (1994),Drama,Drama|Comedy|Romance,4.8428
392,34,GoodFellas (1990),Crime,Crime|Drama,4.45
392,31,Star Wars (1977),Sci-Fi,Action|Adventure|Sci-Fi,4.1927
392,1,Toy Story (1995),Animation,Animation|Childrens|Comedy,4.6421
392,26,"Shawshank Redemption, The (1994)",Drama,Drama,4.3269
392,28,Pulp Fiction (1994),Crime,Crime,4.1453
393,26,"Shawshank Redemption, The (1994)",Drama,Drama,4.484
393,27,Forrest Gump (1994),Drama,Drama|Comedy|Romance,4.0021
393,30,Schindler's List (1993),Drama,Drama,4.5965
393,33,Fargo (1996),Crime,Crime|Drama|Thriller,4.3153
393,28,Pulp Fiction (1994),Crime,Crime,4.8185
393,1,Toy Story (1995),Animation,Animation|Childrens|Comedy,4.7339
393,31,Star Wars (1977),Sci-Fi,Action|Adventure|Sci-Fi,4.6693
393,34,GoodFellas (1990),Crime,Crime|Drama,4.6409
393,12,"Usual Suspects, The (1995)",Crime,Crime,4.4726
393,29,"Silence of the Lambs, The (1991)",Thriller,Thriller,3.8733
394,30,Schindler's List (1993),Drama,Drama,4.1565
394,12,"Usual Suspects, The (1995)",Crime,Crime,4.0809
394,27,Forrest Gump (1994),Drama,Drama|Comedy|Romance,4.7961
394,1,Toy Story (1995),Animation,Animation|Childrens|Comedy,4.6155
394,31,Star Wars (1977),Sci-Fi,Action|Adventure|Sci-Fi,4.0834
394,28,Pulp Fiction (1994),Crime,Crime,4.2524
394,33,Fargo (1996),Crime,Crime|Drama|Thriller,4.4081
394,26,"Shawshank Redemption, The (1994)",Drama,Drama,4.4338
394,29,"Silence of the Lambs, The (1991)",Thriller,Thriller,4.8665
394,34,GoodFellas (1990),Crime,Crime|Drama,4.2567
395,34,GoodFellas (1990),Crime,Crime|Drama,4.3418
395,27,Forrest Gump (1994),Drama,Drama|Comedy|Romance,3.9339
395,28,Pulp Fiction (1994),Crime,Crime,4.623
395,29,"Silence of the Lambs, The (1991)",Thriller,Thriller,4.1674
395,26,"Shawshank Redemption, The (1994)",Drama,Drama,3.9783
395,12,"Usual Suspects, The (1995)",Crime,Crime,4.3074
395,33,Fargo (1996),Crime,Crime|Drama|Thriller,4.9571
395,31,Star Wars (1977),Sci-Fi,Action|Adventure|Sci-Fi,4.2937
395,30,Schindler's List (1993),Drama,Drama,4.2168
395,1,Toy Story (1995),Animation,Animation|Childrens|Comedy,4.3334
396,28,Pulp Fiction (1994),Crime,Crime,4.9596
396,1,Toy Story (1995),Animation,Animation|Childrens|Comedy,3.9879
396,12,"Usual Suspects, The (1995)",Crime,Crime,4.0236
396,29,"Silence of the Lambs, The (1991)",Thriller,Thriller,4.9122
396,31,Star Wars (1977),Sci-Fi,Action|Adventure|Sci-Fi,4.6468
396,26,"Shawshank Redemption, The (1994)",Drama,Drama,3.9824
396,33,Fargo (1996),Crime,Crime|Drama|Thriller,4.2722
396,30,Schindler's List (1993),Drama,Drama,3.8675
396,27,Forrest Gump (1994),Drama,Drama|Comedy|Romance,4.3192
396,34,GoodFellas (1990),Crime,Crime|Drama,4.7335
397,27,Forrest Gump (1994),Drama,Drama|Comedy|Romance,4.564
397,26,"Shawshank Redemption, The (1994)",Drama,Drama,4.0752
397,12,"Usual Suspects, The (1995)",Crime,Crime,4.3021
397,28,Pulp Fiction (1994),Crime,Crime,4.7617
397,30,Schindler's List (1993),Drama,Drama,4.4464
397,34,GoodFellas (1990),Crime,Crime|Drama,4.1602
397,31,Star Wars (1977),Sci-Fi,Action|Adventure|Sci-Fi,4.1206
397,1,Toy Story (1995),Animation,Animation|Childrens|Comedy,4.0611
397,29,"Silence of the Lambs, The (1991)",Thriller,Thriller,4.7885
397,33,Fargo (1996),Crime,Crime|Drama|Thriller,4.4982
398,12,"Usual Suspects, The (1995)",Crime,Crime,4.8915
398,28,Pulp Fiction (1994),Crime,Crime,4.3396
398,1,Toy Story (1995),Animation,Animation|Childrens|Comedy,4.1365
398,34,GoodFellas (1990),Crime,Crime|Drama,3.969
398,27,Forrest Gump (1994),Drama,Drama|Comedy|Romance,4.6205
398,26,"Shawshank Redemption, The (1994)",Drama,Drama,4.1747
398,30,Schindler's List (1993),Drama,Drama,4.8914
398,33,Fargo (1996),Crime,Crime|Drama|Thriller,4.6052
398,29,"Silence of the Lambs, The (1991)",Thriller,Thriller,4.5748
398,31,Star Wars (1977),Sci-Fi,Action|Adventure|Sci-Fi,4.4713
399,1,Toy Story (1995),Animation,Animation|Childrens|Comedy,4.4476
399,27,Forrest Gump (1994),Drama,Drama|Comedy|Romance,3.9784
399,31,Star Wars (1977),Sci-Fi,Action|Adventure|Sci-Fi,4.2184
399,34,GoodFellas (1990),Crime,Crime|Drama,4.5005
399,30,Schindler's List (1993),Drama,Drama,4.8448
399,29,"Silence of the Lambs, The (1991)",Thriller,Thriller,4.1224
399,26,"Shawshank Redemption, The (1994)",Drama,Drama,3.9455
399,12,"Usual Suspects, The (1995)",Crime,Crime,4.4706
399,28,Pulp Fiction (1994),Crime,Crime,4.0118
399,33,Fargo (1996),Crime,Crime|Drama|Thriller,4.5324
400,34,GoodFellas (1990),Crime,Crime|Drama,3.9218
400,30,Schindler's List (1993),Drama,Drama,4.3973
400,31,Star Wars (1977),Sci-Fi,Action|Adventure|Sci-Fi,4.3137
400,28,Pulp Fiction (1994),Crime,Crime,4.1912
400,26,"Shawshank Redemption, The (1994)",Drama,Drama,4.5746
400,27,Forrest Gump (1994),Drama,Drama|Comedy|Romance,3.9573
400,29,"Silence of the Lambs, The (1991)",Thriller,Thriller,4.66
400,33,Fargo (1996),Crime,Crime|Drama|Thriller,4.9767
400,12,"Usual Suspects, The (1995)",Crime,Crime,4.7655
400,1,Toy Story (1995),Animation,Animation|Childrens|Comedy,4.832
401,29,"Silence of the Lambs, The (1991)",Thriller,Thriller,4.0908
401,12,"Usual Suspects, The (1995)",Crime,Crime,4.3658
401,30,Schindler's List (1993),Drama,Drama,4.9257
401,31,Star Wars (1977),Sci-Fi,Action|Adventure|Sci-Fi,4.747
401,28,Pulp Fiction (1994),Crime,Crime,4.9574
401,1,Toy Story (1995),Animation,Animation|Childrens|Comedy,4.53
401,34,GoodFellas (1990),Crime,Crime|Drama,4.2005
401,33,Fargo (1996),Crime,Crime|Drama|Thriller,4.792
401,26,"Shawshank Redemption, The (1994)",Drama,Drama,4.1497
401,27,Forrest Gump (1994),Drama,Drama|Comedy|Romance,3.9977
402,27,Forrest Gump (1994),Drama,Drama|Comedy|Romance,3.872
402,26,"Shawshank Redemption, The (1994)",Drama,Drama,4.5974
402,31,Star Wars (1977),Sci-Fi,Action|Adventure|Sci-Fi,4.7417
402,34,GoodFellas (1990),Crime,Crime|Drama,4.9783
402,12,"Usual Suspects, The (1995)",Crime,Crime,4.2496
402,28,Pulp Fiction (1994),Crime,Crime,4.0039
402,33,Fargo (1996),Crime,Crime|Drama|Thriller,4.8235
402,30,Schindler's List (1993),Drama,Drama,4.181
402,29,"Silence of the Lambs, The (1991)",Thriller,Thriller,4.5178
402,1,Toy Story (1995),Animation,Animation|Childrens|Comedy,4.2679
403,34,GoodFellas (1990),Crime,Crime|Drama,4.1896
403,27,Forrest Gump (1994),Drama,Drama|Comedy|Romance,4.1829
403,12,"Usual Suspects, The (1995)",Crime,Crime,4.6986
403,31,Star Wars (1977),Sci-Fi,Action|Adventure|Sci-Fi,4.1775
403,29,"Silence of the Lambs, The (1991)",Thriller,Thriller,4.56
403,33,Fargo (1996),Crime,Crime|Drama|Thriller,4.6262
403,30,Schindler's List (1993),Drama,Drama,4.5901
403,1,Toy Story (1995),Animation,Animation|Childrens|Comedy,4.524
403,26,"Shawshank Redemption, The (1994)",Drama,Drama,4.2963
403,28,Pulp Fiction (1994),Crime,Crime,4.248
404,26,"Shawshank Redemption, The (1994)",Drama,Drama,4.4802
404,33,Fargo (1996),Crime,Crime|Drama|Thriller,4.9187
404,29,"Silence of the Lambs, The (1991)",Thriller,Thriller,4.126
404,31,Star Wars (1977),Sci-Fi,Action|Adventure|Sci-Fi,4.6909
404,27,Forrest Gump (1994),Drama,Drama|Comedy|Romance,3.8993
404,30,Schindler's List (1993),Drama,Drama,4.428
404,1,Toy Story (1995),Animation,Animation|Childrens|Comedy,4.8608
404,34,GoodFellas (1990),Crime,Crime|Drama,4.4621
404,12,"Usual Suspects, The (1995)",Crime,Crime,4.5395
404,28,Pulp Fiction (1994),Crime,Crime,4.8892
405,1,Toy Story (1995),Animation,Animation|Childrens|Comedy,4.9913
405,34,GoodFellas (1990),Crime,Crime|Drama,4.5471
405,26,"Shawshank Redemption, The (1994)",Drama,Drama,3.8429
405,29,"Silence of the Lambs, The (1991)",Thriller,Thriller,3.8208
405,30,Schindler's List (1993),Drama,Drama,4.1844
405,27,Forrest Gump (1994),Drama,Drama|Comedy|Romance,4.0349
405,33,Fargo (1996),Crime,Crime|Drama|Thriller,4.7757
405,31,Star Wars (1977),Sci-Fi,Action|Adventure|Sci-Fi,4.8138
405,28,Pulp Fiction (1994),Crime,Crime,4.1103
405,12,"Usual Suspects, The (1995)",Crime,Crime,4.1908
406,27,Forrest Gump (1994),Drama,Drama|Comedy|Romance,4.5572
406,28,Pulp Fiction (1994),Crime,Crime,4.263
406,29,"Silence of the Lambs, The (1991)",Thriller,Thriller,4.2076
406,31,Star Wars (1977),Sci-Fi,Action|Adventure|Sci-Fi,4.5614
406,30,Schindler's List (1993),Drama,Drama,4.5093
406,33,Fargo (1996),Crime,Crime|Drama|Thriller,4.1522
406,34,GoodFellas (1990),Crime,Crime|Drama,3.9792
406,12,"Usual Suspects, The (1995)",Crime,Crime,4.2423
406,26,"Shawshank Redemption, The (1994)",Drama,Drama,4.2982
406,1,Toy Story (1995),Animation,Animation|Childrens|Comedy,4.5544
407,1,Toy Story (1995),Animation,Animation|Childrens|Comedy,4.6748
407,30,Schindler's List (1993),Drama,Drama,4.0909
407,33,Fargo (1996),Crime,Crime|Drama|Thriller,4.5134
407,29,"Silence of the Lambs, The (1991)",Thriller,Thriller,4.8606
407,28,Pulp Fiction (1994),Crime,Crime,4.8928
407,31,Star Wars (1977),Sci-Fi,Action|Adventure|Sci-Fi,4.9505
407,27,Forrest Gump (1994),Drama,Drama|Comedy|Romance,4.7279
407,34,GoodFellas (1990),Crime,Crime|Drama,4.8872
407,26,"Shawshank Redemption, The (1994)",Drama,Drama,4.0814
407,12,"Usual Suspects, The (1995)",Crime,Crime,4.0371
408,33,Fargo (1996),Crime,Crime|Drama|Thriller,4.9114
408,1,Toy Story (1995),Animation,Animation|Childrens|Comedy,3.9224
408,34,GoodFellas (1990),Crime,Crime|Drama,4.5214
408,31,Star Wars (1977),Sci-Fi,Action|Adventure|Sci-Fi,4.1626
408,12,"Usual Suspects, The (1995)",Crime,Crime,4.8672
408,30,Schindler's List (1993),Drama,Drama,4.7182
408,26,"Shawshank Redemption, The (1994)",Drama,Drama,4.2436
408,27,Forrest Gump (1994),Drama,Drama|Comedy|Romance,4.0005
408,28,Pulp Fiction (1994),Crime,Crime,3.8138
408,29,"Silence of the Lambs, The (1991)",Thriller,Thriller,4.5454
409,33,Fargo (1996),Crime,Crime|Drama|Thriller,3.8192
409,28,Pulp Fiction (1994),Crime,Crime,4.4749
409,1,Toy Story (1995),Animation,Animation|Childrens|Comedy,3.9485
409,12,"Usual Suspects, The (1995)",Crime,Crime,3.896
409,26,"Shawshank Redemption, The (1994)",Drama,Drama,4.7066
409,30,Schindler's List (1993),Drama,Drama,3.8114
409,27,Forrest Gump (1994),Drama,Drama|Comedy|Romance,4.9508
409,31,Star Wars (1977),Sci-Fi,Action|Adventure|Sci-Fi,4.4183
409,29,"Silence of the Lambs, The (1991)",Thriller,Thriller,4.9796
409,34,GoodFellas (1990),Crime,Crime|Drama,3.8696
410,28,Pulp Fiction (1994),Crime,Crime,4.2304
410,12,"Usual Suspects, The (1995)",Crime,Crime,4.6999
410,33,Fargo (1996),Crime,Crime|Drama|Thriller,4.9357
410,26,"Shawshank Redemption, The (1994)",Drama,Drama,4.2534
410,29,"Silence of the Lambs, The (1991)",Thriller,Thriller,4.8465
410,34,GoodFellas (1990),Crime,Crime|Drama,4.2725
410,27,Forrest Gump (1994),Drama,Drama|Comedy|Romance,4.0154
410,1,Toy Story (1995),Animation,Animation|Childrens|Comedy,3.8041
410,30,Schindler's List (1993),Drama,Drama,4.1962
410,31,Star Wars (1977),Sci-Fi,Action|Adventure|Sci-Fi,4.2542
411,30,Schindler's List (1993),Drama,Drama,4.0854
411,33,Fargo (1996),Crime,Crime|Drama|Thriller,4.3148
411,29,"Silence of the Lambs, The (1991)",Thriller,Thriller,3.9465
411,34,GoodFellas (1990),Crime,Crime|Drama,4.3482
411,12,"Usual Suspects, The (1995)",Crime,Crime,3.96
411,1,Toy Story (1995),Animation,Animation|Childrens|Comedy,4.428
411,31,Star Wars (1977),Sci-Fi,Action|Adventure|Sci-Fi,4.6815
411,27,Forrest Gump (1994),Drama,Drama|Comedy|Romance,4.464
411,28,Pulp Fiction (1994),Crime,Crime,4.0943
411,26,"Shawshank Redemption, The (1994)",Drama,Drama,4.2246
412,29,"Silence of the Lambs, The (1991)",Thriller,Thriller,4.2957
412,12,"Usual Suspects, The (1995)",Crime,Crime,4.379
412,26,"Shawshank Redemption, The (1994)",Drama,Drama,4.3511
412,34,GoodFellas (1990),Crime,Crime|Drama,4.9687
412,28,Pulp Fiction (1994),Crime,Crime,3.8546
412,33,Fargo (1996),Crime,Crime|Drama|Thriller,4.9412
412,30,Schindler's List (1993),Drama,Drama,4.4983
412,31,Star Wars (1977),Sci-Fi,Action|Adventure|Sci-Fi,4.7549
412,27,Forrest Gump (1994),Drama,Drama|Comedy|Romance,4.3165
412,1,Toy Story (1995),Animation,Animation|Childrens|Comedy,4.3446
413,1,Toy Story (1995),Animation,Animation|Childrens|Comedy,4.0954
413,29,"Silence of the Lambs, The (1991)",Thriller,Thriller,4.1523
413,33,Fargo (1996),Crime,Crime|Drama|Thriller,4.5295
413,31,Star Wars (1977),Sci-Fi,Action|Adventure|Sci-Fi,4.2479
413,26,"Shawshank Redemption, The (1994)",Drama,Drama,4.4069
413,27,Forrest Gump (1994),Drama,Drama|Comedy|Romance,4.5805
413,30,Schindler's List (1993),Drama,Drama,4.9475
413,28,Pulp Fiction (1994),Crime,Crime,4.7178
413,34,GoodFellas (1990),Crime,Crime|Drama,4.2863
413,12,"Usual Suspects, The (1995)",Crime,Crime,4.6979
414,12,"Usual Suspects, The (1995)",Crime,Crime,3.8767
414,28,Pulp Fiction (1994),Crime,Crime,4.4446
414,1,Toy Story (1995),Animation,Animation|Childrens|Comedy,4.8151
414,34,GoodFellas (1990),Crime,Crime|Drama,4.288
414,31,Star Wars (1977),Sci-Fi,Action|Adventure|Sci-Fi,4.7397
414,30,Schindler's List (1993),Drama,Drama,4.8037
414,29,"Silence of the Lambs, The (1991)",Thriller,Thriller,4.3453
414,26,"Shawshank Redemption, The (1994)",Drama,Drama,4.5091
414,33,Fargo (1996),Crime,Crime|Drama|Thriller,4.4407
414,27,Forrest Gump (1994),Drama,Drama|Comedy|Romance,4.927
415,26,"Shawshank Redemption, The (1994)",Drama,Drama,4.8487
415,33,Fargo (1996),Crime,Crime|Drama|Thriller,4.1922
415,30,Schindler's List (1993),Drama,Drama,3.9539
415,12,"Usual Suspects, The (1995)",Crime,Crime,3.8821
415,34,GoodFellas (1990),Crime,Crime|Drama,4.337
415,28,Pulp Fiction (1994),Crime,Crime,3.9968
415,1,Toy Story (1995),Animation,Animation|Childrens|Comedy,4.2153
415,29,"Silence of the Lambs, The (1991)",Thriller,Thriller,4.784
415,31,Star Wars (1977),Sci-Fi,Action|Adventure|Sci-Fi,4.2609
415,27,Forrest Gump (1994),Drama,Drama|Comedy|Romance,4.5318
416,33,Fargo (1996),Crime,Crime|Drama|Thriller,3.9479
416,34,GoodFellas (1990),Crime,Crime|Drama,3.9797
416,1,Toy Story (1995),Animation,Animation|Childrens|Comedy,4.7392
416,27,Forrest Gump (1994),Drama,Drama|Comedy|Romance,4.5057
416,26,"Shawshank Redemption, The (1994)",Drama,Drama,4.2569
416,30,Schindler's List (1993),Drama,Drama,4.1995
416,12,"Usual Suspects, The (1995)",Crime,Crime,4.8269
416,31,Star Wars (1977),Sci-Fi,Action|Adventure|Sci-Fi,4.8497
416,28,Pulp Fiction (1994),Crime,Crime,4.4975
416,29,"Silence of the Lambs, The (1991)",Thriller,Thriller,4.4295
417,28,Pulp Fiction (1994),Crime,Crime,4.4939
417,26,"Shawshank Redemption, The (1994)",Drama,Drama,4.87
417,29,"Silence of the Lambs, The (1991)",Thriller,Thriller,4.3815
417,12,"Usual Suspects, The (1995)",Crime,Crime,4.9118
417,33,Fargo (1996),Crime,Crime|Drama|Thriller,4.2248
417,30,Schindler's List (1993),Drama,Drama,4.6694
417,27,Forrest Gump (1994),Drama,Drama|Comedy|Romance,4.1612
417,1,Toy Story (1995),Animation,Animation|Childrens|Comedy,3.8014
417,34,GoodFellas (1990),Crime,Crime|Drama,4.2557
417,31,Star Wars (1977),Sci-Fi,Action|Adventure|Sci-Fi,4.6853
418,27,Forrest Gump (1994),Drama,Drama|Comedy|Romance,3.9165
418,33,Fargo (1996),Crime,Crime|Drama|Thriller,4.3192
418,34,GoodFellas (1990),Crime,Crime|Drama,4.2057
418,26,"Shawshank Redemption, The (1994)",Drama,Drama,3.9471
418,30,Schindler's List (1993),Drama,Drama,4.1553
418,28,Pulp Fiction (1994),Crime,Crime,4.8637
418,31,Star Wars (1977),Sci-Fi,Action|Adventure|Sci-Fi,4.1625
418,12,"Usual Suspects, The (1995)",Crime,Crime,4.6567
418,1,Toy Story (1995),Animation,Animation|Childrens|Comedy,4.5345
418,29,"Silence of the Lambs, The (1991)",Thriller,Thriller,4.3126
419,27,Forrest Gump (1994),Drama,Drama|Comedy|Romance,4.4634
419,34,GoodFellas (1990),Crime,Crime|Drama,4.4909
419,28,Pulp Fiction (1994),Crime,Crime,4.0572
419,26,"Shawshank Redemption, The (1994)",Drama,Drama,4.3652
419,30,Schindler's List (1993),Drama,Drama,4.3513
419,12,"Usual Suspects, The (1995)",Crime,Crime,4.5475
419,33,Fargo (1996),Crime,Crime|Drama|Thriller,4.1115
419,31,Star Wars (1977),Sci-Fi,Action|Adventure|Sci-Fi,4.4981
419,1,Toy Story (1995),Animation,Animation|Childrens|Comedy,4.0891
419,29,"Silence of the Lambs, The (1991)",Thriller,Thriller,4.3357
420,30,Schindler's List (1993),Drama,Drama,4.4267
420,26,"Shawshank Redemption, The (1994)",Drama,Drama,4.4638
420,1,Toy Story (1995),Animation,Animation|Childrens|Comedy,4.9299
420,27,Forrest Gump (1994),Drama,Drama|Comedy|Romance,4.9054
420,29,"Silence of the Lambs, The (1991)",Thriller,Thriller,4.8609
420,12,"Usual Suspects, The (1995)",Crime,Crime,3.9176
420,33,Fargo (1996),Crime,Crime|Drama|Thriller,4.5612
420,28,Pulp Fiction (1994),Crime,Crime,4.7697
420,34,GoodFellas (1990),Crime,Crime|Drama,4.8027
420,31,Star Wars (1977),Sci-Fi,Action|Adventure|Sci-Fi,4.4935
421,27,Forrest Gump (1994),Drama,Drama|Comedy|Romance,4.1928
421,26,"Shawshank Redemption, The (1994)",Drama,Drama,4.9824
421,34,GoodFellas (1990),Crime,Crime|Drama,4.2418
421,33,Fargo (1996),Crime,Crime|Drama|Thriller,4.4321
421,28,Pulp Fiction (1994),Crime,Crime,4.818
421,29,"Silence of the Lambs, The (1991)",Thriller,Thriller,4.4329
421,12,"Usual Suspects, The (1995)",Crime,Crime,4.1893
421,30,Schindler's List (1993),Drama,Drama,4.4285
421,1,Toy Story (1995),Animation,Animation|Childrens|Comedy,3.9369
421,31,Star Wars (1977),Sci-Fi,Action|Adventure|Sci-Fi,3.956
422,34,GoodFellas (1990),Crime,Crime|Drama,4.7787
422,27,Forrest Gump (1994),Drama,Drama|Comedy|Romance,4.5529
422,26,"Shawshank Redemption, The (1994)",Drama,Drama,3.8003
422,29,"Silence of the Lambs, The (1991)",Thriller,Thriller,4.7158
422,30,Schindler's List (1993),Drama,Drama,4.6962
422,12,"Usual Suspects, The (1995)",Crime,Crime,4.4117
422,33,Fargo (1996),Crime,Crime|Drama|Thriller,4.8835
422,31,Star Wars (1977),Sci-Fi,Action|Adventure|Sci-Fi,4.8901
422,28,Pulp Fiction (1994),Crime,Crime,4.4287
422,1,Toy Story (1995),Animation,Animation|Childrens|Comedy,4.5296
423,29,"Silence of the Lambs, The (1991)",Thriller,Thriller,3.9858
423,1,Toy Story (1995),Animation,Animation|Childrens|Comedy,4.1628
423,31,Star Wars (1977),Sci-Fi,Action|Adventure|Sci-Fi,4.6693
423,34,GoodFellas (1990),Crime,Crime|Drama,3.9979
423,33,Fargo (1996),Crime,Crime|Drama|Thriller,4.4291
423,26,"Shawshank Redemption, The (1994)",Drama,Drama,4.1231
423,27,Forrest Gump (1994),Drama,Drama|Comedy|Romance,4.795
423,28,Pulp Fiction (1994),Crime,Crime,3.8079
423,30,Schindler's List (1993),Drama,Drama,4.0677
423,12,"Usual Suspects, The (1995)",Crime,Crime,4.5263
424,33,Fargo (1996),Crime,Crime|Drama|Thriller,4.7663
424,1,Toy Story (1995),Animation,Animation|Childrens|Comedy,4.5838
424,34,GoodFellas (1990),Crime,Crime|Drama,4.3241
424,28,Pulp Fiction (1994),Crime,Crime,4.5825
424,31,Star Wars (1977),Sci-Fi,Action|Adventure|Sci-Fi,3.8633
424,27,Forrest Gump (1994),Drama,Drama|Comedy|Romance,4.0163
424,26,"Shawshank Redemption, The (1994)",Drama,Drama,4.5523
424,12,"Usual Suspects, The (1995)",Crime,Crime,4.5696
424,29,"Silence of the Lambs, The (1991)",Thriller,Thriller,4.729
424,30,Schindler's List (1993),Drama,Drama,4.2836
425,33,Fargo (1996),Crime,Crime|Drama|Thriller,4.9984
425,28,Pulp Fiction (1994),Crime,Crime,4.0414
425,29,"Silence of the Lambs, The (1991)",Thriller,Thriller,4.4279
425,26,"Shawshank Redemption, The (1994)",Drama,Drama,4.2154
425,31,Star Wars (1977),Sci-Fi,Action|Adventure|Sci-Fi,4.4311
425,30,Schindler's List (1993),Drama,Drama,4.0786
425,34,GoodFellas (1990),Crime,Crime|Drama,3.8571
425,12,"Usual Suspects, The (1995)",Crime,Crime,4.4871
425,1,Toy Story (1995),Animation,Animation|Childrens|Comedy,4.203
425,27,Forrest Gump (1994),Drama,Drama|Comedy|Romance,4.0183
426,30,Schindler's List (1993),Drama,Drama,4.884
426,34,GoodFellas (1990),Crime,Crime|Drama,4.38
426,1,Toy Story (1995),Animation,Animation|Childrens|Comedy,4.4887
426,12,"Usual Suspects, The (1995)",Crime,Crime,4.3902
426,27,Forrest Gump (1994),Drama,Drama|Comedy|Romance,4.6799
426,28,Pulp Fiction (1994),Crime,Crime,4.48
426,31,Star Wars (1977),Sci-Fi,Action|Adventure|Sci-Fi,4.1259
426,26,"Shawshank Redemption, The (1994)",Drama,Drama,3.9746
426,29,"Silence of the Lambs, The (1991)",Thriller,Thriller,4.5273
426,33,Fargo (1996),Crime,Crime|Drama|Thriller,4.387
427,28,Pulp Fiction (1994),Crime,Crime,4.7872
427,34,GoodFellas (1990),Crime,Crime|Drama,4.5781
427,1,Toy Story (1995),Animation,Animation|Childrens|Comedy,4.1479
427,30,Schindler's List (1993),Drama,Drama,4.8144
427,31,Star Wars (1977),Sci-Fi,Action|Adventure|Sci-Fi,4.392
427,26,"Shawshank Redemption, The (1994)",Drama,Drama,4.398
427,27,Forrest Gump (1994),Drama,Drama|Comedy|Romance,4.9719
427,33,Fargo (1996),Crime,Crime|Drama|Thriller,4.9365
427,29,"Silence of the Lambs, The (1991)",Thriller,Thriller,4.2302
427,12,"Usual Suspects, The (1995)",Crime,Crime,3.9687
428,29,"Silence of the Lambs, The (1991)",Thriller,Thriller,4.4137
428,27,Forrest Gump (1994),Drama,Drama|Comedy|Romance,4.4783
428,30,Schindler's List (1993),Drama,Drama,3.8071
428,1,Toy Story (1995),Animation,Animation|Childrens|Comedy,4.0586
428,12,"Usual Suspects, The (1995)",Crime,Crime,3.8297
428,34,GoodFellas (1990),Crime,Crime|Drama,4.7054
428,33,Fargo (1996),Crime,Crime|Drama|Thriller,3.9748
428,28,Pulp Fiction (1994),Crime,Crime,4.8429
428,31,Star Wars (1977),Sci-Fi,Action|Adventure|Sci-Fi,4.572
428,26,"Shawshank Redemption, The (1994)",Drama,Drama,4.0753
429,31,Star Wars (1977),Sci-Fi,Action|Adventure|Sci-Fi,4.6428
429,26,"Shawshank Redemption, The (1994)",Drama,Drama,4.7423
429,12,"Usual Suspects, The (1995)",Crime,Crime,4.4153
429,28,Pulp Fiction (1994),Crime,Crime,4.7757
429,29,"Silence of the Lambs, The (1991)",Thriller,Thriller,4.3967
429,27,Forrest Gump (1994),Drama,Drama|Comedy|Romance,4.948
429,34,GoodFellas (1990),Crime,Crime|Drama,4.7032
429,33,Fargo (1996),Crime,Crime|Drama|Thriller,4.0054
429,1,Toy Story (1995),Animation,Animation|Childrens|Comedy,4.7955
429,30,Schindler's List (1993),Drama,Drama,4.4619
430,34,GoodFellas (1990),Crime,Crime|Drama,4.8068
430,33,Fargo (1996),Crime,Crime|Drama|Thriller,4.6752
430,27,Forrest Gump (1994),Drama,Drama|Comedy|Romance,4.2432
430,12,"Usual Suspects, The (1995)",Crime,Crime,4.5841
430,28,Pulp Fiction (1994),Crime,Crime,4.4923
430,26,"Shawshank Redemption, The (1994)",Drama,Drama,3.9513
430,1,Toy Story (1995),Animation,Animation|Childrens|Comedy,4.0818
430,30,Schindler's List (1993),Drama,Drama,4.2093
430,31,Star Wars (1977),Sci-Fi,Action|Adventure|Sci-Fi,4.0346
430,29,"Silence of the Lambs, The (1991)",Thriller,Thriller,3.9802
431,12,"Usual Suspects, The (1995)",Crime,Crime,4.3705
431,29,"Silence of the Lambs, The (1991)",Thriller,Thriller,4.4171
431,1,Toy Story (1995),Animation,Animation|Childrens|Comedy,4.0499
431,33,Fargo (1996),Crime,Crime|Drama|Thriller,4.5303
431,28,Pulp Fiction (1994),Crime,Crime,4.6676
431,26,"Shawshank Redemption, The (1994)",Drama,Drama,4.2486
431,27,Forrest Gump (1994),Drama,Drama|Comedy|Romance,4.5025
431,31,Star Wars (1977),Sci-Fi,Action|Adventure|Sci-Fi,4.4028
431,30,Schindler's List (1993),Drama,Drama,4.0347
431,34,GoodFellas (1990),Crime,Crime|Drama,4.676
432,34,GoodFellas (1990),Crime,Crime|Drama,4.079
432,28,Pulp Fiction (1994),Crime,Crime,4.1572
432,33,Fargo (1996),Crime,Crime|Drama|Thriller,4.3296
432,31,Star Wars (1977),Sci-Fi,Action|Adventure|Sci-Fi,4.177
432,1,Toy Story (1995),Animation,Animation|Childrens|Comedy,4.2491
432,26,"Shawshank Redemption, The (1994)",Drama,Drama,4.5448
432,12,"Usual Suspects, The (1995)",Crime,Crime,4.715
432,27,Forrest Gump (1994),Drama,Drama|Comedy|Romance,4.6827
432,29,"Silence of the Lambs, The (1991)",Thriller,Thriller,4.7773
432,30,Schindler's List (1993),Drama,Drama,3.8386
433,12,"Usual Suspects, The (1995)",Crime,Crime,4.1064
433,1,Toy Story (1995),Animation,Animation|Childrens|Comedy,4.566
433,31,Star Wars (1977),Sci-Fi,Action|Adventure|Sci-Fi,4.831
433,28,Pulp Fiction (1994),Crime,Crime,4.9004
433,34,GoodFellas (1990),Crime,Crime|Drama,4.4005
433,26,"Shawshank Redemption, The (1994)",Drama,Drama,4.4546
433,27,Forrest Gump (1994),Drama,Drama|Comedy|Romance,4.7997
433,29,"Silence of the Lambs, The (1991)",Thriller,Thriller,4.4451
433,30,Schindler's List (1993),Drama,Drama,4.4202
433,33,Fargo (1996),Crime,Crime|Drama|Thriller,4.8861
434,34,GoodFellas (1990),Crime,Crime|Drama,4.8497
434,33,Fargo (1996),Crime,Crime|Drama|Thriller,4.8523
434,28,Pulp Fiction (1994),Crime,Crime,4.7677
434,1,Toy Story (1995),Animation,Animation|Childrens|Comedy,4.098
434,30,Schindler's List (1993),Drama,Drama,4.2473
434,12,"Usual Suspects, The (1995)",Crime,Crime,4.6939
434,26,"Shawshank Redemption, The (1994)",Drama,Drama,4.3872
434,31,Star Wars (1977),Sci-Fi,Action|Adventure|Sci-Fi,3.9846
434,27,Forrest Gump (1994),Drama,Drama|Comedy|Romance,4.0914
434,29,"Silence of the Lambs, The (1991)",Thriller,Thriller,4.9671
435,1,Toy Story (1995),Animation,Animation|Childrens|Comedy,4.7052
435,29,"Silence of the Lambs, The (1991)",Thriller,Thriller,4.1878
435,30,Schindler's List (1993),Drama,Drama,4.7453
435,26,"Shawshank Redemption, The (1994)",Drama,Drama,4.6158
435,28,Pulp Fiction (1994),Crime,Crime,4.4932
435,34,GoodFellas (1990),Crime,Crime|Drama,4.2426
435,27,Forrest Gump (1994),Drama,Drama|Comedy|Romance,4.0461
435,31,Star Wars (1977),Sci-Fi,Action|Adventure|Sci-Fi,4.6525
435,33,Fargo (1996),Crime,Crime|Drama|Thriller,3.9096
435,12,"Usual Suspects, The (1995)",Crime,Crime,4.9647
436,34,GoodFellas (1990),Crime,Crime|Drama,4.3225
436,28,Pulp Fiction (1994),Crime,Crime,3.8883
436,33,Fargo (1996),Crime,Crime|Drama|Thriller,4.3981
436,26,"Shawshank Redemption, The (1994)",Drama,Drama,4.3932
436,1,Toy Story (1995),Animation,Animation|Childrens|Comedy,4.5061
436,27,Forrest Gump (1994),Drama,Drama|Comedy|Romance,4.2354
436,29,"Silence of the Lambs, The (1991)",Thriller,Thriller,4.5357
436,30,Schindler's List (1993),Drama,Drama,4.8539
436,12,"Usual Suspects, The (1995)",Crime,Crime,4.9466
436,31,Star Wars (1977),Sci-Fi,Action|Adventure|Sci-Fi,4.5003
437,26,"Shawshank Redemption, The (1994)",Drama,Drama,4.0013
437,1,Toy Story (1995),Animation,Animation|Childrens|Comedy,3.8547
437,31,Star Wars (1977),Sci-Fi,Action|Adventure|Sci-Fi,4.8826
437,12,"Usual Suspects, The (1995)",Crime,Crime,4.4489
437,28,Pulp Fiction (1994),Crime,Crime,4.64
437,27,Forrest Gump (1994),Drama,Drama|Comedy|Romance,4.7937
437,33,Fargo (1996),Crime,Crime|Drama|Thriller,4.7498
437,30,Schindler's List (1993),Drama,Drama,4.8591
437,34,GoodFellas (1990),Crime,Crime|Drama,4.9607
437,29,"Silence of the Lambs, The (1991)",Thriller,Thriller,4.3269
438,28,Pulp Fiction (1994),Crime,Crime,4.887
438,31,Star Wars (1977),Sci-Fi,Action|Adventure|Sci-Fi,4.2475
438,1,Toy Story (1995),Animation,Animation|Childrens|Comedy,4.5019
438,29,"Silence of the Lambs, The (1991)",Thriller,Thriller,3.8146
438,34,GoodFellas (1990),Crime,Crime|Drama,4.1985
438,27,Forrest Gump (1994),Drama,Drama|Comedy|Romance,3.8747
438,30,Schindler's List (1993),Drama,Drama,4.4262
438,33,Fargo (1996),Crime,Crime|Drama|Thriller,4.7809
438,12,"Usual Suspects, The (1995)",Crime,Crime,4.0477
438,26,"Shawshank Redemption, The (1994)",Drama,Drama,4.4329
439,26,"Shawshank Redemption, The (1994)",Drama,Drama,3.8813
439,12,"Usual Suspects, The (1995)",Crime,Crime,4.8894
439,33,Fargo (1996),Crime,Crime|Drama|Thriller,4.138
439,27,Forrest Gump (1994),Drama,Drama|Comedy|Romance,4.8787
439,31,Star Wars (1977),Sci-Fi,Action|Adventure|Sci-Fi,4.7282
439,28,Pulp Fiction (1994),Crime,Crime,4.8454
439,29,"Silence of the Lambs, The (1991)",Thriller,Thriller,4.0568
439,1,Toy Story (1995),Animation,Animation|Childrens|Comedy,4.5148
439,30,Schindler's List (1993),Drama,Drama,3.9123
439,34,GoodFellas (1990),Crime,Crime|Drama,4.0427
440,34,GoodFellas (1990),Crime,Crime|Drama,4.694
440,31,Star Wars (1977),Sci-Fi,Action|Adventure|Sci-Fi,4.5601
440,26,"Shawshank Redemption, The (1994)",Drama,Drama,4.6144
440,27,Forrest Gump (1994),Drama,Drama|Comedy|Romance,4.7677
440,29,"Silence of the Lambs, The (1991)",Thriller,Thriller,4.595
440,28,Pulp Fiction (1994),Crime,Crime,4.1933
440,1,Toy Story (1995),Animation,Animation|Childrens|Comedy,4.2512
440,12,"Usual Suspects, The (1995)",Crime,Crime,4.8765
440,30,Schindler's List (1993),Drama,Drama,3.8205
440,33,Fargo (1996),Crime,Crime|Drama|Thriller,4.6386
441,34,GoodFellas (1990),Crime,Crime|Drama,4.7924
441,29,"Silence of the Lambs, The (1991)",Thriller,Thriller,4.1416
441,28,Pulp Fiction (1994),Crime,Crime,4.3353
441,12,"Usual Suspects, The (1995)",Crime,Crime,4.1745
441,31,Star Wars (1977),Sci-Fi,Action|Adventure|Sci-Fi,4.1223
441,27,Forrest Gump (1994),Drama,Drama|Comedy|Romance,4.3177
441,1,Toy Story (1995),Animation,Animation|Childrens|Comedy,4.2545
441,30,Schindler's List (1993),Drama,Drama,4.56
441,33,Fargo (1996),Crime,Crime|Drama|Thriller,4.7758
441,26,"Shawshank Redemption, The (1994)",Drama,Drama,4.1565
442,27,Forrest Gump (1994),Drama,Drama|Comedy|Romance,4.5456
442,26,"Shawshank Redemption, The (1994)",Drama,Drama,3.9096
442,33,Fargo (1996),Crime,Crime|Drama|Thriller,4.3191
442,30,Schindler's List (1993),Drama,Drama,4.0728
442,34,GoodFellas (1990),Crime,Crime|Drama,4.1051
442,29,"Silence of the Lambs, The (1991)",Thriller,Thriller,4.4049
442,1,Toy Story (1995),Animation,Animation|Childrens|Comedy,4.7749
442,12,"Usual Suspects, The (1995)",Crime,Crime,4.6925
442,28,Pulp Fiction (1994),Crime,Crime,4.5092
442,31,Star Wars (1977),Sci-Fi,Action|Adventure|Sci-Fi,4.4473
443,29,"Silence of the Lambs, The (1991)",Thriller,Thriller,4.7559
443,26,"Shawshank Redemption, The (1994)",Drama,Drama,4.8218
443,1,Toy Story (1995),Animation,Animation|Childrens|Comedy,4.5478
443,12,"Usual Suspects, The (1995)",Crime,Crime,4.2171
443,34,GoodFellas (1990),Crime,Crime|Drama,4.5429
443,33,Fargo (1996),Crime,Crime|Drama|Thriller,4.5013
443,27,Forrest Gump (1994),Drama,Drama|Comedy|Romance,4.5278
443,31,Star Wars (1977),Sci-Fi,Action|Adventure|Sci-Fi,4.5431
443,30,Schindler's List (1993),Drama,Drama,4.8165
443,28,Pulp Fiction (1994),Crime,Crime,4.0041
444,1,Toy Story (1995),Animation,Animation|Childrens|Comedy,3.8961
444,29,"Silence of the Lambs, The (1991)",Thriller,Thriller,4.7848
444,12,"Usual Suspects, The (1995)",Crime,Crime,4.4852
444,27,Forrest Gump (1994),Drama,Drama|Comedy|Romance,3.8382
444,28,Pulp Fiction (1994),Crime,Crime,4.8835
444,31,Star Wars (1977),Sci-Fi,Action|Adventure|Sci-Fi,3.847
444,26,"Shawshank Redemption, The (1994)",Drama,Drama,4.4183
444,33,Fargo (1996),Crime,Crime|Drama|Thriller,3.8588
444,30,Schindler's List (1993),Drama,Drama,3.8854
444,34,GoodFellas (1990),Crime,Crime|Drama,4.8646
445,31,Star Wars (1977),Sci-Fi,Action|Adventure|Sci-Fi,4.4094
445,1,Toy Story (1995),Animation,Animation|Childrens|Comedy,4.6259
445,26,"Shawshank Redemption, The (1994)",Drama,Drama,4.9748
445,29,"Silence of the Lambs, The (1991)",Thriller,Thriller,4.0831
445,33,Fargo (1996),Crime,Crime|Drama|Thriller,4.0022
445,30,Schindler's List (1993),Drama,Drama,4.2104
445,34,GoodFellas (1990),Crime,Crime|Drama,3.9973
445,12,"Usual Suspects, The (1995)",Crime,Crime,4.141
445,27,Forrest Gump (1994),Drama,Drama|Comedy|Romance,4.6916
445,28,Pulp Fiction (1994),Crime,Crime,4.373
446,1,Toy Story (1995),Animation,Animation|Childrens|Comedy,3.967
446,29,"Silence of the Lambs, The (1991)",Thriller,Thriller,4.9674
446,28,Pulp Fiction (1994),Crime,Crime,4.3319
446,26,"Shawshank Redemption, The (1994)",Drama,Drama,4.9376
446,31,Star Wars (1977),Sci-Fi,Action|Adventure|Sci-Fi,3.9616
446,12,"Usual Suspects, The (1995)",Crime,Crime,4.7207
446,30,Schindler's List (1993),Drama,Drama,4.5412
446,27,Forrest Gump (1994),Drama,Drama|Comedy|Romance,4.7841
446,33,Fargo (1996),Crime,Crime|Drama|Thriller,4.5208
446,34,GoodFellas (1990),Crime,Crime|Drama,4.9554
447,27,Forrest Gump (1994),Drama,Drama|Comedy|Romance,4.8254
447,26,"Shawshank Redemption, The (1994)",Drama,Drama,4.3767
447,33,Fargo (1996),Crime,Crime|Drama|Thriller,4.5448
447,12,"Usual Suspects, The (1995)",Crime,Crime,3.8951
447,34,GoodFellas (1990),Crime,Crime|Drama,4.3968
447,30,Schindler's List (1993),Drama,Drama,4.6378
447,28,Pulp Fiction (1994),Crime,Crime,4.5009
447,29,"Silence of the Lambs, The (1991)",Thriller,Thriller,4.3383
447,1,Toy Story (1995),Animation,Animation|Childrens|Comedy,4.0681
447,31,Star Wars (1977),Sci-Fi,Action|Adventure|Sci-Fi,4.1716
448,1,Toy Story (1995),Animation,Animation|Childrens|Comedy,3.9297
448,30,Schindler's List (1993),Drama,Drama,4.4073
448,28,Pulp Fiction (1994),Crime,Crime,4.4325
448,26,"Shawshank Redemption, The (1994)",Drama,Drama,3.8479
448,33,Fargo (1996),Crime,Crime|Drama|Thriller,4.791
448,12,"Usual Suspects, The (1995)",Crime,Crime,4.3937
448,31,Star Wars (1977),Sci-Fi,Action|Adventure|Sci-Fi,4.216
448,29,"Silence of the Lambs, The (1991)",Thriller,Thriller,4.1826
448,27,Forrest Gump (1994),Drama,Drama|Comedy|Romance,4.8337
448,34,GoodFellas (1990),Crime,Crime|Drama,4.0361
449,34,GoodFellas (1990),Crime,Crime|Drama,4.1376
449,12,"Usual Suspects, The (1995)",Crime,Crime,4.868
449,31,Star Wars (1977),Sci-Fi,Action|Adventure|Sci-Fi,4.9605
449,33,Fargo (1996),Crime,Crime|Drama|Thriller,3.8845
449,29,"Silence of the Lambs, The (1991)",Thriller,Thriller,4.3656
449,28,Pulp Fiction (1994),Crime,Crime,4.458
449,27,Forrest Gump (1994),Drama,Drama|Comedy|Romance,3.9115
449,26,"Shawshank Redemption, The (1994)",Drama,Drama,4.253
449,30,Schindler's List (1993),Drama,Drama,4.1805
449,1,Toy Story (1995),Animation,Animation|Childrens|Comedy,4.4433
450,27,Forrest Gump (1994),Drama,Drama|Comedy|Romance,3.8071
450,33,Fargo (1996),Crime,Crime|Drama|Thriller,3.842
450,26,"Shawshank Redemption, The (1994)",Drama,Drama,4.5966
450,28,Pulp Fiction (1994),Crime,Crime,4.4279
450,34,GoodFellas (1990),Crime,Crime|Drama,4.7852
450,12,"Usual Suspects, The (1995)",Crime,Crime,4.1605
450,1,Toy Story (1995),Animation,Animation|Childrens|Comedy,4.7786
450,30,Schindler's List (1993),Drama,Drama,4.3106
450,29,"Silence of the Lambs, The (1991)",Thriller,Thriller,3.916
450,31,Star Wars (1977),Sci-Fi,Action|Adventure|Sci-Fi,4.9735
451,28,Pulp Fiction (1994),Crime,Crime,4.7085
451,26,"Shawshank Redemption, The (1994)",Drama,Drama,4.0282
451,33,Fargo (1996),Crime,Crime|Drama|Thriller,4.1991
451,30,Schindler's List (1993),Drama,Drama,3.9306
451,12,"Usual Suspects, The (1995)",Crime,Crime,4.5227
451,1,Toy Story (1995),Animation,Animation|Childrens|Comedy,4.7611
451,34,GoodFellas (1990),Crime,Crime|Drama,4.533
451,29,"Silence of the Lambs, The (1991)",Thriller,Thriller,4.0157
451,27,Forrest Gump (1994),Drama,Drama|Comedy|Romance,4.4556
451,31,Star Wars (1977),Sci-Fi,Action|Adventure|Sci-Fi,4.8019
452,28,Pulp Fiction (1994),Crime,Crime,4.8566
452,1,Toy Story (1995),Animation,Animation|Childrens|Comedy,4.5693
452,31,Star Wars (1977),Sci-Fi,Action|Adventure|Sci-Fi,4.2564
452,29,"Silence of the Lambs, The (1991)",Thriller,Thriller,4.0216
452,12,"Usual Suspects, The (1995)",Crime,Crime,4.712
452,30,Schindler's List (1993),Drama,Drama,4.0481
452,34,GoodFellas (1990),Crime,Crime|Drama,4.6345
452,27,Forrest Gump (1994),Drama,Drama|Comedy|Romance,4.0175
452,26,"Shawshank Redemption, The (1994)",Drama,Drama,3.9093
452,33,Fargo (1996),Crime,Crime|Drama|Thriller,4.1013
453,12,"Usual Suspects, The (1995)",Crime,Crime,4.4799
453,33,Fargo (1996),Crime,Crime|Drama|Thriller,3.8269
453,28,Pulp Fiction (1994),Crime,Crime,4.9881
453,1,Toy Story (1995),Animation,Animation|Childrens|Comedy,4.469
453,29,"Silence of the Lambs, The (1991)",Thriller,Thriller,3.8422
453,31,Star Wars (1977),Sci-Fi,Action|Adventure|Sci-Fi,4.508
453,27,Forrest Gump (1994),Drama,Drama|Comedy|Romance,4.3245
453,26,"Shawshank Redemption, The (1994)",Drama,Drama,3.8288
453,30,Schindler's List (1993),Drama,Drama,4.9093
453,34,GoodFellas (1990),Crime,Crime|Drama,3.8127
454,1,Toy Story (1995),Animation,Animation|Childrens|Comedy,4.7872
454,26,"Shawshank Redemption, The (1994)",Drama,Drama,4.8041
454,31,Star Wars (1977),Sci-Fi,Action|Adventure|Sci-Fi,4.672
454,34,GoodFellas (1990),Crime,Crime|Drama,4.2233
454,12,"Usual Suspects, The (1995)",Crime,Crime,4.7855
454,30,Schindler's List (1993),Drama,Drama,4.4477
454,28,Pulp Fiction (1994),Crime,Crime,4.1652
454,29,"Silence of the Lambs, The (1991)",Thriller,Thriller,4.3247
454,27,Forrest Gump (1994),Drama,Drama|Comedy|Romance,3.8789
454,33,Fargo (1996),Crime,Crime|Drama|Thriller,4.9339
455,30,Schindler's List (1993),Drama,Drama,3.8534
455,12,"Usual Suspects, The (1995)",Crime,Crime,4.9474
455,34,GoodFellas (1990),Crime,Crime|Drama,4.309
455,27,Forrest Gump (1994),Drama,Drama|Comedy|Romance,4.1479
455,31,Star Wars (1977),Sci-Fi,Action|Adventure|Sci-Fi,4.4382
455,33,Fargo (1996),Crime,Crime|Drama|Thriller,4.7615
455,26,"Shawshank Redemption, The (1994)",Drama,Drama,4.3697
455,28,Pulp Fiction (1994),Crime,Crime,4.5741
455,29,"Silence of the Lambs, The (1991)",Thriller,Thriller,4.3999
455,1,Toy Story (1995),Animation,Animation|Childrens|Comedy,4.5575
456,1,Toy Story (1995),Animation,Animation|Childrens|Comedy,4.3471
456,30,Schindler's List (1993),Drama,Drama,3.8466
456,31,Star Wars (1977),Sci-Fi,Action|Adventure|Sci-Fi,3.8418
456,27,Forrest Gump (1994),Drama,Drama|Comedy|Romance,3.9087
456,12,"Usual Suspects, The (1995)",Crime,Crime,4.2237
456,29,"Silence of the Lambs, The (1991)",Thriller,Thriller,3.8074
456,28,Pulp Fiction (1994),Crime,Crime,4.3928
456,34,GoodFellas (1990),Crime,Crime|Drama,4.2328
456,33,Fargo (1996),Crime,Crime|Drama|Thriller,4.4665
456,26,"Shawshank Redemption, The (1994)",Drama,Drama,4.665
457,27,Forrest Gump (1994),Drama,Drama|Comedy|Romance,4.6461
457,34,GoodFellas (1990),Crime,Crime|Drama,4.1866
457,30,Schindler's List (1993),Drama,Drama,4.1969
457,26,"Shawshank Redemption, The (1994)",Drama,Drama,4.4763
457,29,"Silence of the Lambs, The (1991)",Thriller,Thriller,4.8228
457,31,Star Wars (1977),Sci-Fi,Action|Adventure|Sci-Fi,4.2634
457,28,Pulp Fiction (1994),Crime,Crime,3.8734
457,33,Fargo (1996),Crime,Crime|Drama|Thriller,4.2493
457,12,"Usual Suspects, The (1995)",Crime,Crime,4.0488
457,1,Toy Story (1995),Animation,Animation|Childrens|Comedy,4.927
458,12,"Usual Suspects, The (1995)",Crime,Crime,4.6398
458,34,GoodFellas (1990),Crime,Crime|Drama,4.9503
458,1,Toy Story (1995),Animation,Animation|Childrens|Comedy,4.5157
458,31,Star Wars (1977),Sci-Fi,Action|Adventure|Sci-Fi,4.5636
458,28,Pulp Fiction (1994),Crime,Crime,4.8191
458,30,Schindler's List (1993),Drama,Drama,4.6039
458,26,"Shawshank Redemption, The (1994)",Drama,Drama,4.6795
458,33,Fargo (1996),Crime,Crime|Drama|Thriller,4.081
458,27,Forrest Gump (1994),Drama,Drama|Comedy|Romance,4.2455
458,29,"Silence of the Lambs, The (1991)",Thriller,Thriller,3.9768
459,28,Pulp Fiction (1994),Crime,Crime,4.2008
459,26,"Shawshank Redemption, The (1994)",Drama,Drama,4.7979
459,1,Toy Story (1995),Animation,Animation|Childrens|Comedy,4.5381
459,34,GoodFellas (1990),Crime,Crime|Drama,4.6364
459,30,Schindler's List (1993),Drama,Drama,4.1533
459,33,Fargo (1996),Crime,Crime|Drama|Thriller,4.4584
459,29,"Silence of the Lambs, The (1991)",Thriller,Thriller,4.5608
459,31,Star Wars (1977),Sci-Fi,Action|Adventure|Sci-Fi,4.5069
459,12,"Usual Suspects, The (1995)",Crime,Crime,4.8982
459,27,Forrest Gump (1994),Drama,Drama|Comedy|Romance,4.8779
460,33,Fargo (1996),Crime,Crime|Drama|Thriller,4.32
460,26,"Shawshank Redemption, The (1994)",Drama,Drama,4.9556
460,29,"Silence of the Lambs, The (1991)",Thriller,Thriller,4.2689
460,34,GoodFellas (1990),Crime,Crime|Drama,4.2807
460,28,Pulp Fiction (1994),Crime,Crime,4.5989
460,31,Star Wars (1977),Sci-Fi,Action|Adventure|Sci-Fi,4.7714
460,12,"Usual Suspects, The (1995)",Crime,Crime,4.5515
460,27,Forrest Gump (1994),Drama,Drama|Comedy|Romance,4.6383
460,30,Schindler's List (1993),Drama,Drama,4.2475
460,1,Toy Story (1995),Animation,Animation|Childrens|Comedy,4.3754
461,26,"Shawshank Redemption, The (1994)",Drama,Drama,4.036
461,30,Schindler's List (1993),Drama,Drama,4.1218
461,28,Pulp Fiction (1994),Crime,Crime,4.1965
461,1,Toy Story (1995),Animation,Animation|Childrens|Comedy,4.3695
461,34,GoodFellas (1990),Crime,Crime|Drama,3.8832
461,33,Fargo (1996),Crime,Crime|Drama|Thriller,3.8632
461,31,Star Wars (1977),Sci-Fi,Action|Adventure|Sci-Fi,4.1515
461,29,"Silence of the Lambs, The (1991)",Thriller,Thriller,4.1549
461,27,Forrest Gump (1994),Drama,Drama|Comedy|Romance,3.9412
461,12,"Usual Suspects, The (1995)",Crime,Crime,4.2857
462,12,"Usual Suspects, The (1995)",Crime,Crime,4.4568
462,33,Fargo (1996),Crime,Crime|Drama|Thriller,4.5569
462,28,Pulp Fiction (1994),Crime,Crime,4.9491
462,31,Star Wars (1977),Sci-Fi,Action|Adventure|Sci-Fi,4.2528
462,27,Forrest Gump (1994),Drama,Drama|Comedy|Romance,4.5418
462,34,GoodFellas (1990),Crime,Crime|Drama,4.8538
462,26,"Shawshank Redemption, The (1994)",Drama,Drama,4.3399
462,30,Schindler's List (1993),Drama,Drama,3.9468
462,29,"Silence of the Lambs, The (1991)",Thriller,Thriller,4.2529
462,1,Toy Story (1995),Animation,Animation|Childrens|Comedy,3.9639
463,26,"Shawshank Redemption, The (1994)",Drama,Drama,4.3325
463,29,"Silence of the Lambs, The (1991)",Thriller,Thriller,4.0866
463,27,Forrest Gump (1994),Drama,Drama|Comedy|Romance,4.1153
463,28,Pulp Fiction (1994),Crime,Crime,4.0886
463,30,Schindler's List (1993),Drama,Drama,4.0335
463,34,GoodFellas (1990),Crime,Crime|Drama,4.8095
463,33,Fargo (1996),Crime,Crime|Drama|Thriller,4.0044
463,12,"Usual Suspects, The (1995)",Crime,Crime,4.4742
463,1,Toy Story (1995),Animation,Animation|Childrens|Comedy,3.8928
463,31,Star Wars (1977),Sci-Fi,Action|Adventure|Sci-Fi,4.9394
464,1,Toy Story (1995),Animation,Animation|Childrens|Comedy,3.8193
464,29,"Silence of the Lambs, The (1991)",Thriller,Thriller,4.0023
464,31,Star Wars (1977),Sci-Fi,Action|Adventure|Sci-Fi,3.9417
464,27,Forrest Gump (1994),Drama,Drama|Comedy|Romance,4.6702
464,26,"Shawshank Redemption, The (1994)",Drama,Drama,4.4684
464,34,GoodFellas (1990),Crime,Crime|Drama,4.4311
464,33,Fargo (1996),Crime,Crime|Drama|Thriller,4.1034
464,12,"Usual Suspects, The (1995)",Crime,Crime,3.9855
464,28,Pulp Fiction (1994),Crime,Crime,4.0479
464,30,Schindler's List (1993),Drama,Drama,4.2803
465,34,GoodFellas (1990),Crime,Crime|Drama,4.0795
465,33,Fargo (1996),Crime,Crime|Drama|Thriller,4.341
465,26,"Shawshank Redemption, The (1994)",Drama,Drama,3.916
465,31,Star Wars (1977),Sci-Fi,Action|Adventure|Sci-Fi,4.2022
465,29,"Silence of the Lambs, The (1991)",Thriller,Thriller,4.4083
465,28,Pulp Fiction (1994),Crime,Crime,4.6793
465,1,Toy Story (1995),Animation,Animation|Childrens|Comedy,4.0377
465,27,Forrest Gump (1994),Drama,Drama|Comedy|Romance,4.0617
465,30,Schindler's List (1993),Drama,Drama,4.5579
465,12,"Usual Suspects, The (1995)",Crime,Crime,4.2589
466,31,Star Wars (1977),Sci-Fi,Action|Adventure|Sci-Fi,4.0127
466,1,Toy Story (1995),Animation,Animation|Childrens|Comedy,4.1508
466,28,Pulp Fiction (1994),Crime,Crime,4.4616
466,27,Forrest Gump (1994),Drama,Drama|Comedy|Romance,4.1831
466,12,"Usual Suspects, The (1995)",Crime,Crime,4.3091
466,30,Schindler's List (1993),Drama,Drama,4.3909
466,34,GoodFellas (1990),Crime,Crime|Drama,4.8276
466,33,Fargo (1996),Crime,Crime|Drama|Thriller,4.4278
466,29,"Silence of the Lambs, The (1991)",Thriller,Thriller,4.235
466,26,"Shawshank Redemption, The (1994)",Drama,Drama,4.0973
467,12,"Usual Suspects, The (1995)",Crime,Crime,4.1117
467,28,Pulp Fiction (1994),Crime,Crime,4.3841
467,34,GoodFellas (1990),Crime,Crime|Drama,4.3532
467,29,"Silence of the Lambs, The (1991)",Thriller,Thriller,4.3201
467,27,Forrest Gump (1994),Drama,Drama|Comedy|Romance,4.3952
467,1,Toy Story (1995),Animation,Animation|Childrens|Comedy,4.9844
467,26,"Shawshank Redemption, The (1994)",Drama,Drama,4.158
467,30,Schindler's List (1993),Drama,Drama,4.5383
467,33,Fargo (1996),Crime,Crime|Drama|Thriller,4.0874
467,31,Star Wars (1977),Sci-Fi,Action|Adventure|Sci-Fi,4.3599
468,27,Forrest Gump (1994),Drama,Drama|Comedy|Romance,3.9539
468,26,"Shawshank Redemption, The (1994)",Drama,Drama,4.2416
468,30,Schindler's List (1993),Drama,Drama,4.3726
468,12,"Usual Suspects, The (1995)",Crime,Crime,4.319
468,34,GoodFellas (1990),Crime,Crime|Drama,4.6708
468,33,Fargo (1996),Crime,Crime|Drama|Thriller,4.5161
468,31,Star Wars (1977),Sci-Fi,Action|Adventure|Sci-Fi,4.1544
468,1,Toy Story (1995),Animation,Animation|Childrens|Comedy,3.862
468,28,Pulp Fiction (1994),Crime,Crime,4.7211
468,29,"Silence of the Lambs, The (1991)",Thriller,Thriller,4.223
469,33,Fargo (1996),Crime,Crime|Drama|Thriller,4.4113
469,30,Schindler's List (1993),Drama,Drama,4.6704
469,12,"Usual Suspects, The (1995)",Crime,Crime,4.3983
469,31,Star Wars (1977),Sci-Fi,Action|Adventure|Sci-Fi,4.5302
469,29,"Silence of the Lambs, The (1991)",Thriller,Thriller,4.8773
469,34,GoodFellas (1990),Crime,Crime|Drama,4.2817
469,28,Pulp Fiction (1994),Crime,Crime,4.2622
469,1,Toy Story (1995),Animation,Animation|Childrens|Comedy,3.8043
469,26,"Shawshank Redemption, The (1994)",Drama,Drama,4.5361
469,27,Forrest Gump (1994),Drama,Drama|Comedy|Romance,3.8357
470,28,Pulp Fiction (1994),Crime,Crime,4.3891
470,30,Schindler's List (1993),Drama,Drama,4.0284
470,12,"Usual Suspects, The (1995)",Crime,Crime,4.2181
470,29,"Silence of the Lambs, The (1991)",Thriller,Thriller,4.6615
470,33,Fargo (1996),Crime,Crime|Drama|Thriller,4.0609
470,26,"Shawshank Redemption, The (1994)",Drama,Drama,4.1169
470,27,Forrest Gump (1994),Drama,Drama|Comedy|Romance,4.6992
470,31,Star Wars (1977),Sci-Fi,Action|Adventure|Sci-Fi,4.0134
470,1,Toy Story (1995),Animation,Animation|Childrens|Comedy,4.0951
470,34,GoodFellas (1990),Crime,Crime|Drama,3.8211
471,34,GoodFellas (1990),Crime,Crime|Drama,4.2393
471,29,"Silence of the Lambs, The (1991)",Thriller,Thriller,4.3254
471,31,Star Wars (1977),Sci-Fi,Action|Adventure|Sci-Fi,4.4815
471,30,Schindler's List (1993),Drama,Drama,4.392
471,26,"Shawshank Redemption, The (1994)",Drama,Drama,4.5702
471,1,Toy Story (1995),Animation,Animation|Childrens|Comedy,4.0172
471,27,Forrest Gump (1994),Drama,Drama|Comedy|Romance,4.4489
471,12,"Usual Suspects, The (1995)",Crime,Crime,4.3403
471,28,Pulp Fiction (1994),Crime,Crime,4.3532
471,33,Fargo (1996),Crime,Crime|Drama|Thriller,4.3633
472,31,Star Wars (1977),Sci-Fi,Action|Adventure|Sci-Fi,4.3834
472,1,Toy Story (1995),Animation,Animation|Childrens|Comedy,4.1813
472,29,"Silence of the Lambs, The (1991)",Thriller,Thriller,3.9677
472,30,Schindler's List (1993),Drama,Drama,3.8903
472,33,Fargo (1996),Crime,Crime|Drama|Thriller,3.8539
472,26,"Shawshank Redemption, The (1994)",Drama,Drama,3.9942
472,12,"Usual Suspects, The (1995)",Crime,Crime,3.8362
472,34,GoodFellas (1990),Crime,Crime|Drama,4.6792
472,28,Pulp Fiction (1994),Crime,Crime,4.0983
472,27,Forrest Gump (1994),Drama,Drama|Comedy|Romance,4.2425
473,33,Fargo (1996),Crime,Crime|Drama|Thriller,3.9414
473,12,"Usual Suspects, The (1995)",Crime,Crime,3.9098
473,26,"Shawshank Redemption, The (1994)",Drama,Drama,4.2026
473,28,Pulp Fiction (1994),Crime,Crime,3.9684
473,30,Schindler's List (1993),Drama,Drama,4.1213
473,34,GoodFellas (1990),Crime,Crime|Drama,3.8635
473,27,Forrest Gump (1994),Drama,Drama|Comedy|Romance,4.514
473,31,Star Wars (1977),Sci-Fi,Action|Adventure|Sci-Fi,3.9743
473,29,"Silence of the Lambs, The (1991)",Thriller,Thriller,4.7081
473,1,Toy Story (1995),Animation,Animation|Childrens|Comedy,4.0618
474,28,Pulp Fiction (1994),Crime,Crime,3.8464
474,1,Toy Story (1995),Animation,Animation|Childrens|Comedy,4.3943
474,27,Forrest Gump (1994),Drama,Drama|Comedy|Romance,3.9784
474,33,Fargo (1996),Crime,Crime|Drama|Thriller,4.3836
474,29,"Silence of the Lambs, The (1991)",Thriller,Thriller,3.9696
474,12,"Usual Suspects, The (1995)",Crime,Crime,4.3245
474,26,"Shawshank Redemption, The (1994)",Drama,Drama,3.9327
474,34,GoodFellas (1990),Crime,Crime|Drama,4.0639
474,31,Star Wars (1977),Sci-Fi,Action|Adventure|Sci-Fi,4.5141
474,30,Schindler's List (1993),Drama,Drama,4.972
475,31,Star Wars (1977),Sci-Fi,Action|Adventure|Sci-Fi,4.8597
475,29,"Silence of the Lambs, The (1991)",Thriller,Thriller,4.2922
475,27,Forrest Gump (1994),Drama,Drama|Comedy|Romance,4.5372
475,28,Pulp Fiction (1994),Crime,Crime,4.4339
475,26,"Shawshank Redemption, The (1994)",Drama,Drama,4.2547
475,33,Fargo (1996),Crime,Crime|Drama|Thriller,4.2654
475,12,"Usual Suspects, The (1995)",Crime,Crime,4.4666
475,34,GoodFellas (1990),Crime,Crime|Drama,3.9694
475,1,Toy Story (1995),Animation,Animation|Childrens|Comedy,4.2647
475,30,Schindler's List (1993),Drama,Drama,4.3364
476,28,Pulp Fiction (1994),Crime,Crime,3.8271
476,27,Forrest Gump (1994),Drama,Drama|Comedy|Romance,3.9772
476,26,"Shawshank Redemption, The (1994)",Drama,Drama,3.8316
476,12,"Usual Suspects, The (1995)",Crime,Crime,4.9879
476,33,Fargo (1996),Crime,Crime|Drama|Thriller,4.1346
476,31,Star Wars (1977),Sci-Fi,Action|Adventure|Sci-Fi,4.9083
476,1,Toy Story (1995),Animation,Animation|Childrens|Comedy,4.9951
476,30,Schindler's List (1993),Drama,Drama,4.5198
476,29,"Silence of the Lambs, The (1991)",Thriller,Thriller,3.8398
476,34,GoodFellas (1990),Crime,Crime|Drama,3.8979
477,28,Pulp Fiction (1994),Crime,Crime,4.7887
477,30,Schindler's List (1993),Drama,Drama,4.3754
477,26,"Shawshank Redemption, The (1994)",Drama,Drama,4.3777
477,1,Toy Story (1995),Animation,Animation|Childrens|Comedy,4.1824
477,31,Star Wars (1977),Sci-Fi,Action|Adventure|Sci-Fi,4.737
477,33,Fargo (1996),Crime,Crime|Drama|Thriller,4.6234
477,12,"Usual Suspects, The (1995)",Crime,Crime,4.3414
477,34,GoodFellas (1990),Crime,Crime|Drama,4.3032
477,27,Forrest Gump (1994),Drama,Drama|Comedy|Romance,3.8871
477,29,"Silence of the Lambs, The (1991)",Thriller,Thriller,3.8078
478,12,"Usual Suspects, The (1995)",Crime,Crime,4.9882
478,27,Forrest Gump (1994),Drama,Drama|Comedy|Romance,4.1575
478,1,Toy Story (1995),Animation,Animation|Childrens|Comedy,4.5709
478,28,Pulp Fiction (1994),Crime,Crime,4.4022
478,33,Fargo (1996),Crime,Crime|Drama|Thriller,4.2315
478,34,GoodFellas (1990),Crime,Crime|Drama,3.9672
478,30,Schindler's List (1993),Drama,Drama,3.9618
478,31,Star Wars (1977),Sci-Fi,Action|Adventure|Sci-Fi,4.6538
478,26,"Shawshank Redemption, The (1994)",Drama,Drama,4.2532
478,29,"Silence of the Lambs, The (1991)",Thriller,Thriller,4.9536
479,31,Star Wars (1977),Sci-Fi,Action|Adventure|Sci-Fi,3.8262
479,29,"Silence of the Lambs, The (1991)",Thriller,Thriller,4.232
479,26,"Shawshank Redemption, The (1994)",Drama,Drama,4.8674
479,1,Toy Story (1995),Animation,Animation|Childrens|Comedy,4.6285
479,34,GoodFellas (1990),Crime,Crime|Drama,3.9745
479,33,Fargo (1996),Crime,Crime|Drama|Thriller,4.5094
479,30,Schindler's List (1993),Drama,Drama,4.8707
479,28,Pulp Fiction (1994),Crime,Crime,4.64
479,27,Forrest Gump (1994),Drama,Drama|Comedy|Romance,3.9784
479,12,"Usual Suspects, The (1995)",Crime,Crime,4.8414
480,34,GoodFellas (1990),Crime,Crime|Drama,3.9029
480,1,Toy Story (1995),Animation,Animation|Childrens|Comedy,3.9672
480,33,Fargo (1996),Crime,Crime|Drama|Thriller,3.8056
480,28,Pulp Fiction (1994),Crime,Crime,3.8115
480,31,Star Wars (1977),Sci-Fi,Action|Adventure|Sci-Fi,4.2563
480,26,"Shawshank Redemption, The (1994)",Drama,Drama,4.771
480,27,Forrest Gump (1994),Drama,Drama|Comedy|Romance,4.5044
480,29,"Silence of the Lambs, The (1991)",Thriller,Thriller,4.5619
480,30,Schindler's List (1993),Drama,Drama,4.4231
480,12,"Usual Suspects, The (1995)",Crime,Crime,4.7838
481,28,Pulp Fiction (1994),Crime,Crime,4.4986
481,31,Star Wars (1977),Sci-Fi,Action|Adventure|Sci-Fi,4.4335
481,29,"Silence of the Lambs, The (1991)",Thriller,Thriller,4.377
481,12,"Usual Suspects, The (1995)",Crime,Crime,3.907
481,1,Toy Story (1995),Animation,Animation|Childrens|Comedy,3.9226
481,27,Forrest Gump (1994),Drama,Drama|Comedy|Romance,4.8827
481,34,GoodFellas (1990),Crime,Crime|Drama,4.5562
481,33,Fargo (1996),Crime,Crime|Drama|Thriller,4.1148
481,30,Schindler's List (1993),Drama,Drama,4.1352
481,26,"Shawshank Redemption, The (1994)",Drama,Drama,4.5322
482,29,"Silence of the Lambs, The (1991)",Thriller,Thriller,4.4734
482,27,Forrest Gump (1994),Drama,Drama|Comedy|Romance,4.5153
482,1,Toy Story (1995),Animation,Animation|Childrens|Comedy,4.292
482,31,Star Wars (1977),Sci-Fi,Action|Adventure|Sci-Fi,4.8062
482,26,"Shawshank Redemption, The (1994)",Drama,Drama,4.0222
482,34,GoodFellas (1990),Crime,Crime|Drama,4.4658
482,33,Fargo (1996),Crime,Crime|Drama|Thriller,4.6667
482,12,"Usual Suspects, The (1995)",Crime,Crime,4.8848
482,28,Pulp Fiction (1994),Crime,Crime,4.8607
482,30,Schindler's List (1993),Drama,Drama,4.4105
483,31,Star Wars (1977),Sci-Fi,Action|Adventure|Sci-Fi,4.2882
483,34,GoodFellas (1990),Crime,Crime|Drama,4.3916
483,30,Schindler's List (1993),Drama,Drama,4.6328
483,28,Pulp Fiction (1994),Crime,Crime,4.9425
483,27,Forrest Gump (1994),Drama,Drama|Comedy|Romance,4.1544
483,26,"Shawshank Redemption, The (1994)",Drama,Drama,4.0956
483,1,Toy Story (1995),Animation,Animation|Childrens|Comedy,4.5222
483,12,"Usual Suspects, The (1995)",Crime,Crime,3.957
483,33,Fargo (1996),Crime,Crime|Drama|Thriller,4.499
483,29,"Silence of the Lambs, The (1991)",Thriller,Thriller,3.9066
484,30,Schindler's List (1993),Drama,Drama,4.2423
484,33,Fargo (1996),Crime,Crime|Drama|Thriller,4.6113
484,12,"Usual Suspects, The (1995)",Crime,Crime,4.4348
484,1,Toy Story (1995),Animation,Animation|Childrens|Comedy,4.2585
484,34,GoodFellas (1990),Crime,Crime|Drama,4.3408
484,31,Star Wars (1977),Sci-Fi,Action|Adventure|Sci-Fi,3.8156
484,28,Pulp Fiction (1994),Crime,Crime,4.7246
484,26,"Shawshank Redemption, The (1994)",Drama,Drama,3.8492
484,29,"Silence of the Lambs, The (1991)",Thriller,Thriller,4.7952
484,27,Forrest Gump (1994),Drama,Drama|Comedy|Romance,4.4492
485,31,Star Wars (1977),Sci-Fi,Action|Adventure|Sci-Fi,3.9808
485,1,Toy Story (1995),Animation,Animation|Childrens|Comedy,4.8544
485,12,"Usual Suspects, The (1995)",Crime,Crime,3.8488
485,27,Forrest Gump (1994),Drama,Drama|Comedy|Romance,4.7688
485,28,Pulp Fiction (1994),Crime,Crime,4.6165
485,30,Schindler's List (1993),Drama,Drama,4.8857
485,33,Fargo (1996),Crime,Crime|Drama|Thriller,4.877
485,34,GoodFellas (1990),Crime,Crime|Drama,3.8638
485,26,"Shawshank Redemption, The (1994)",Drama,Drama,4.5313
485,29,"Silence of the Lambs, The (1991)",Thriller,Thriller,3.9496
486,12,"Usual Suspects, The (1995)",Crime,Crime,4.4835
486,28,Pulp Fiction (1994),Crime,Crime,4.0822
486,26,"Shawshank Redemption, The (1994)",Drama,Drama,4.8118
486,29,"Silence of the Lambs, The (1991)",Thriller,Thriller,4.8237
486,34,GoodFellas (1990),Crime,Crime|Drama,4.6793
486,31,Star Wars (1977),Sci-Fi,Action|Adventure|Sci-Fi,4.5382
486,33,Fargo (1996),Crime,Crime|Drama|Thriller,4.8414
486,27,Forrest Gump (1994),Drama,Drama|Comedy|Romance,3.996
486,30,Schindler's List (1993),Drama,Drama,4.9179
486,1,Toy Story (1995),Animation,Animation|Childrens|Comedy,4.9366
487,27,Forrest Gump (1994),Drama,Drama|Comedy|Romance,4.6495
487,34,GoodFellas (1990),Crime,Crime|Drama,4.0192
487,12,"Usual Suspects, The (1995)",Crime,Crime,3.9395
487,31,Star Wars (1977),Sci-Fi,Action|Adventure|Sci-Fi,4.8061
487,1,Toy Story (1995),Animation,Animation|Childrens|Comedy,4.7319
487,30,Schindler's List (1993),Drama,Drama,4.1927
487,28,Pulp Fiction (1994),Crime,Crime,4.5898
487,29,"Silence of the Lambs, The (1991)",Thriller,Thriller,3.949
487,33,Fargo (1996),Crime,Crime|Drama|Thriller,4.4085
487,26,"Shawshank Redemption, The (1994)",Drama,Drama,3.8225
488,30,Schindler's List (1993),Drama,Drama,4.2418
488,27,Forrest Gump (1994),Drama,Drama|Comedy|Romance,4.6814
488,28,Pulp Fiction (1994),Crime,Crime,4.3939
488,34,GoodFellas (1990),Crime,Crime|Drama,3.8217
488,12,"Usual Suspects, The (1995)",Crime,Crime,4.5303
488,29,"Silence of the Lambs, The (1991)",Thriller,Thriller,4.7966
488,31,Star Wars (1977),Sci-Fi,Action|Adventure|Sci-Fi,4.0842
488,26,"Shawshank Redemption, The (1994)",Drama,Drama,4.0653
488,1,Toy Story (1995),Animation,Animation|Childrens|Comedy,4.5307
488,33,Fargo (1996),Crime,Crime|Drama|Thriller,4.7816
489,33,Fargo (1996),Crime,Crime|Drama|Thriller,4.9421
489,34,GoodFellas (1990),Crime,Crime|Drama,4.6519
489,26,"Shawshank Redemption, The (1994)",Drama,Drama,4.3339
489,29,"Silence of the Lambs, The (1991)",Thriller,Thriller,4.0028
489,12,"Usual Suspects, The (1995)",Crime,Crime,4.3532
489,31,Star Wars (1977),Sci-Fi,Action|Adventure|Sci-Fi,4.5281
489,28,Pulp Fiction (1994),Crime,Crime,4.1971
489,30,Schindler's List (1993),Drama,Drama,4.4123
489,27,Forrest Gump (1994),Drama,Drama|Comedy|Romance,3.9563
489,1,Toy Story (1995),Animation,Animation|Childrens|Comedy,4.3426
490,29,"Silence of the Lambs, The (1991)",Thriller,Thriller,4.2336
490,26,"Shawshank Redemption, The (1994)",Drama,Drama,3.9724
490,33,Fargo (1996),Crime,Crime|Drama|Thriller,3.8552
490,31,Star Wars (1977),Sci-Fi,Action|Adventure|Sci-Fi,4.8526
490,34,GoodFellas (1990),Crime,Crime|Drama,3.8142
490,28,Pulp Fiction (1994),Crime,Crime,3.8736
490,27,Forrest Gump (1994),Drama,Drama|Comedy|Romance,4.7661
490,12,"Usual Suspects, The (1995)",Crime,Crime,4.1384
490,1,Toy Story (1995),Animation,Animation|Childrens|Comedy,4.6674
490,30,Schindler's List (1993),Drama,Drama,3.9755
491,27,Forrest Gump (1994),Drama,Drama|Comedy|Romance,4.0391
491,12,"Usual Suspects, The (1995)",Crime,Crime,4.889
491,31,Star Wars (1977),Sci-Fi,Action|Adventure|Sci-Fi,3.9158
491,28,Pulp Fiction (1994),Crime,Crime,4.8282
491,29,"Silence of the Lambs, The (1991)",Thriller,Thriller,4.0134
491,33,Fargo (1996),Crime,Crime|Drama|Thriller,4.8341
491,30,Schindler's List (1993),Drama,Drama,4.4456
491,34,GoodFellas (1990),Crime,Crime|Drama,4.8538
491,1,Toy Story (1995),Animation,Animation|Childrens|Comedy,3.982
491,26,"Shawshank Redemption, The (1994)",Drama,Drama,4.7144
492,12,"Usual Suspects, The (1995)",Crime,Crime,4.8447
492,30,Schindler's List (1993),Drama,Drama,4.0578
492,27,Forrest Gump (1994),Drama,Drama|Comedy|Romance,4.3829
492,34,GoodFellas (1990),Crime,Crime|Drama,4.9529
492,29,"Silence of the Lambs, The (1991)",Thriller,Thriller,4.3683
492,1,Toy Story (1995),Animation,Animation|Childrens|Comedy,4.1034
492,28,Pulp Fiction (1994),Crime,Crime,4.2213
492,31,Star Wars (1977),Sci-Fi,Action|Adventure|Sci-Fi,4.8621
492,26,"Shawshank Redemption, The (1994)",Drama,Drama,4.9459
492,33,Fargo (1996),Crime,Crime|Drama|Thriller,4.9401
493,12,"Usual Suspects, The (1995)",Crime,Crime,4.8872
493,27,Forrest Gump (1994),Drama,Drama|Comedy|Romance,4.2318
493,34,GoodFellas (1990),Crime,Crime|Drama,3.8756
493,30,Schindler's List (1993),Drama,Drama,4.5207
493,33,Fargo (1996),Crime,Crime|Drama|Thriller,3.9498
493,1,Toy Story (1995),Animation,Animation|Childrens|Comedy,4.7559
493,28,Pulp Fiction (1994),Crime,Crime,4.5701
493,26,"Shawshank Redemption, The (1994)",Drama,Drama,4.8497
493,31,Star Wars (1977),Sci-Fi,Action|Adventure|Sci-Fi,4.7418
493,29,"Silence of the Lambs, The (1991)",Thriller,Thriller,3.9345
494,26,"Shawshank Redemption, The (1994)",Drama,Drama,4.5228
494,30,Schindler's List (1993),Drama,Drama,4.0326
494,34,GoodFellas (1990),Crime,Crime|Drama,4.0359
494,29,"Silence of the Lambs, The (1991)",Thriller,Thriller,4.9875
494,33,Fargo (1996),Crime,Crime|Drama|Thriller,4.0919
494,12,"Usual Suspects, The (1995)",Crime,Crime,4.8058
494,28,Pulp Fiction (1994),Crime,Crime,4.3644
494,31,Star Wars (1977),Sci-Fi,Action|Adventure|Sci-Fi,4.322
494,27,Forrest Gump (1994),Drama,Drama|Comedy|Romance,4.154
494,1,Toy Story (1995),Animation,Animation|Childrens|Comedy,4.7286
495,27,Forrest Gump (1994),Drama,Drama|Comedy|Romance,4.6901
495,31,Star Wars (1977),Sci-Fi,Action|Adventure|Sci-Fi,4.917
495,12,"Usual Suspects, The (1995)",Crime,Crime,3.9986
495,28,Pulp Fiction (1994),Crime,Crime,3.9731
495,33,Fargo (1996),Crime,Crime|Drama|Thriller,4.4497
495,1,Toy Story (1995),Animation,Animation|Childrens|Comedy,4.5373
495,26,"Shawshank Redemption, The (1994)",Drama,Drama,4.3762
495,29,"Silence of the Lambs, The (1991)",Thriller,Thriller,4.5188
495,30,Schindler's List (1993),Drama,Drama,4.0165
495,34,GoodFellas (1990),Crime,Crime|Drama,4.3755
496,12,"Usual Suspects, The (1995)",Crime,Crime,3.8277
496,26,"Shawshank Redemption, The (1994)",Drama,Drama,4.6022
496,30,Schindler's List (1993),Drama,Drama,4.8141
496,28,Pulp Fiction (1994),Crime,Crime,4.2256
496,1,Toy Story (1995),Animation,Animation|Childrens|Comedy,3.8552
496,29,"Silence of the Lambs, The (1991)",Thriller,Thriller,4.9841
496,33,Fargo (1996),Crime,Crime|Drama|Thriller,4.1164
496,34,GoodFellas (1990),Crime,Crime|Drama,3.9519
496,27,Forrest Gump (1994),Drama,Drama|Comedy|Romance,4.2437
496,31,Star Wars (1977),Sci-Fi,Action|Adventure|Sci-Fi,4.6863
497,30,Schindler's List (1993),Drama,Drama,4.5344
497,29,"Silence of the Lambs, The (1991)",Thriller,Thriller,3.9437
497,31,Star Wars (1977),Sci-Fi,Action|Adventure|Sci-Fi,3.996
497,12,"Usual Suspects, The (1995)",Crime,Crime,4.5689
497,26,"Shawshank Redemption, The (1994)",Drama,Drama,4.7761
497,33,Fargo (1996),Crime,Crime|Drama|Thriller,4.2194
497,34,GoodFellas (1990),Crime,Crime|Drama,4.5144
497,27,Forrest Gump (1994),Drama,Drama|Comedy|Romance,4.0048
497,1,Toy Story (1995),Animation,Animation|Childrens|Comedy,4.1737
497,28,Pulp Fiction (1994),Crime,Crime,3.8243
498,1,Toy Story (1995),Animation,Animation|Childrens|Comedy,4.9663
498,29,"Silence of the Lambs, The (1991)",Thriller,Thriller,4.6608
498,27,Forrest Gump (1994),Drama,Drama|Comedy|Romance,4.8009
498,30,Schindler's List (1993),Drama,Drama,3.8158
498,12,"Usual Suspects, The (1995)",Crime,Crime,4.2254
498,34,GoodFellas (1990),Crime,Crime|Drama,4.6914
498,26,"Shawshank Redemption, The (1994)",Drama,Drama,3.8936
498,33,Fargo (1996),Crime,Crime|Drama|Thriller,4.4808
498,28,Pulp Fiction (1994),Crime,Crime,4.3149
498,31,Star Wars (1977),Sci-Fi,Action|Adventure|Sci-Fi,3.8211
499,34,GoodFellas (1990),Crime,Crime|Drama,4.8779
499,30,Schindler's List (1993),Drama,Drama,4.3605
499,1,Toy Story (1995),Animation,Animation|Childrens|Comedy,4.2706
499,26,"Shawshank Redemption, The (1994)",Drama,Drama,4.6686
499,31,Star Wars (1977),Sci-Fi,Action|Adventure|Sci-Fi,4.8915
499,12,"Usual Suspects, The (1995)",Crime,Crime,3.83
499,33,Fargo (1996),Crime,Crime|Drama|Thriller,4.3379
499,27,Forrest Gump (1994),Drama,Drama|Comedy|Romance,4.5329
499,29,"Silence of the Lambs, The (1991)",Thriller,Thriller,4.1823
499,28,Pulp Fiction (1994),Crime,Crime,4.7269
500,12,"Usual Suspects, The (1995)",Crime,Crime,4.495
500,29,"Silence of the Lambs, The (1991)",Thriller,Thriller,3.968
500,26,"Shawshank Redemption, The (1994)",Drama,Drama,3.9936
500,28,Pulp Fiction (1994),Crime,Crime,4.6057
500,33,Fargo (1996),Crime,Crime|Drama|Thriller,4.7707
500,34,GoodFellas (1990),Crime,Crime|Drama,4.8897
500,31,Star Wars (1977),Sci-Fi,Action|Adventure|Sci-Fi,4.7763
500,27,Forrest Gump (1994),Drama,Drama|Comedy|Romance,4.9687
500,30,Schindler's List (1993),Drama,Drama,4.2899
500,1,Toy Story (1995),Animation,Animation|Childrens|Comedy,4.1974
501,31,Star Wars (1977),Sci-Fi,Action|Adventure|Sci-Fi,4.4163
501,12,"Usual Suspects, The (1995)",Crime,Crime,4.5944
501,28,Pulp Fiction (1994),Crime,Crime,4.4619
501,30,Schindler's List (1993),Drama,Drama,4.1288
501,33,Fargo (1996),Crime,Crime|Drama|Thriller,4.7555
501,34,GoodFellas (1990),Crime,Crime|Drama,4.008
501,27,Forrest Gump (1994),Drama,Drama|Comedy|Romance,4.886
501,29,"Silence of the Lambs, The (1991)",Thriller,Thriller,4.9431
501,1,Toy Story (1995),Animation,Animation|Childrens|Comedy,4.2387
501,26,"Shawshank Redemption, The (1994)",Drama,Drama,4.2514
502,29,"Silence of the Lambs, The (1991)",Thriller,Thriller,4.3151
502,26,"Shawshank Redemption, The (1994)",Drama,Drama,4.7458
502,33,Fargo (1996),Crime,Crime|Drama|Thriller,4.6583
502,1,Toy Story (1995),Animation,Animation|Childrens|Comedy,4.833
502,12,"Usual Suspects, The (1995)",Crime,Crime,3.8115
502,27,Forrest Gump (1994),Drama,Drama|Comedy|Romance,4.9597
502,30,Schindler's List (1993),Drama,Drama,4.2097
502,28,Pulp Fiction (1994),Crime,Crime,4.9885
502,34,GoodFellas (1990),Crime,Crime|Drama,4.1031
502,31,Star Wars (1977),Sci-Fi,Action|Adventure|Sci-Fi,4.3658
503,12,"Usual Suspects, The (1995)",Crime,Crime,4.3559
503,27,Forrest Gump (1994),Drama,Drama|Comedy|Romance,3.9081
503,28,Pulp Fiction (1994),Crime,Crime,4.9959
503,30,Schindler's List (1993),Drama,Drama,4.4618
503,1,Toy Story (1995),Animation,Animation|Childrens|Comedy,4.6406
503,31,Star Wars (1977),Sci-Fi,Action|Adventure|Sci-Fi,4.2881
503,26,"Shawshank Redemption, The (1994)",Drama,Drama,4.4573
503,34,GoodFellas (1990),Crime,Crime|Drama,4.9311
503,33,Fargo (1996),Crime,Crime|Drama|Thriller,3.9997
503,29,"Silence of the Lambs, The (1991)",Thriller,Thriller,4.1508
504,34,GoodFellas (1990),Crime,Crime|Drama,4.2875
504,31,Star Wars (1977),Sci-Fi,Action|Adventure|Sci-Fi,3.8538
504,33,Fargo (1996),Crime,Crime|Drama|Thriller,4.949
504,26,"Shawshank Redemption, The (1994)",Drama,Drama,4.9434
504,27,Forrest Gump (1994),Drama,Drama|Comedy|Romance,4.1352
504,28,Pulp Fiction (1994),Crime,Crime,4.6778
504,30,Schindler's List (1993),Drama,Drama,4.4943
504,29,"Silence of the Lambs, The (1991)",Thriller,Thriller,4.085
504,1,Toy Story (1995),Animation,Animation|Childrens|Comedy,4.1146
504,12,"Usual Suspects, The (1995)",Crime,Crime,4.3894
505,1,Toy Story (1995),Animation,Animation|Childrens|Comedy,4.4402
505,30,Schindler's List (1993),Drama,Drama,4.1816
505,12,"Usual Suspects, The (1995)",Crime,Crime,4.4317
505,29,"Silence of the Lambs, The (1991)",Thriller,Thriller,4.737
505,26,"Shawshank Redemption, The (1994)",Drama,Drama,4.7227
505,31,Star Wars (1977),Sci-Fi,Action|Adventure|Sci-Fi,4.2251
505,27,Forrest Gump (1994),Drama,Drama|Comedy|Romance,4.6331
505,33,Fargo (1996),Crime,Crime|Drama|Thriller,4.9295
505,34,GoodFellas (1990),Crime,Crime|Drama,4.5508
505,28,Pulp Fiction (1994),Crime,Crime,3.9781
506,34,GoodFellas (1990),Crime,Crime|Drama,3.8684
506,26,"Shawshank Redemption, The (1994)",Drama,Drama,4.2569
506,33,Fargo (1996),Crime,Crime|Drama|Thriller,4.8838
506,12,"Usual Suspects, The (1995)",Crime,Crime,3.8252
506,29,"Silence of the Lambs, The (1991)",Thriller,Thriller,4.3696
506,31,Star Wars (1977),Sci-Fi,Action|Adventure|Sci-Fi,4.9174
506,1,Toy Story (1995),Animation,Animation|Childrens|Comedy,4.2738
506,28,Pulp Fiction (1994),Crime,Crime,4.3138
506,27,Forrest Gump (1994),Drama,Drama|Comedy|Romance,4.4943
506,30,Schindler's List (1993),Drama,Drama,4.3555
507,33,Fargo (1996),Crime,Crime|Drama|Thriller,4.1307
507,30,Schindler's List (1993),Drama,Drama,4.6322
507,26,"Shawshank Redemption, The (1994)",Drama,Drama,4.3112
507,12,"Usual Suspects, The (1995)",Crime,Crime,4.4202
507,29,"Silence of the Lambs, The (1991)",Thriller,Thriller,4.9008
507,34,GoodFellas (1990),Crime,Crime|Drama,3.9376
507,1,Toy Story (1995),Animation,Animation|Childrens|Comedy,3.8855
507,31,Star Wars (1977),Sci-Fi,Action|Adventure|Sci-Fi,4.8223
507,27,Forrest Gump (1994),Drama,Drama|Comedy|Romance,4.7298
507,28,Pulp Fiction (1994),Crime,Crime,4.1165
508,27,Forrest Gump (1994),Drama,Drama|Comedy|Romance,4.4206
508,12,"Usual Suspects, The (1995)",Crime,Crime,4.4866
508,29,"Silence of the Lambs, The (1991)",Thriller,Thriller,3.9559
508,34,GoodFellas (1990),Crime,Crime|Drama,4.8088
508,28,Pulp Fiction (1994),Crime,Crime,4.7444
508,1,Toy Story (1995),Animation,Animation|Childrens|Comedy,4.5878
508,30,Schindler's List (1993),Drama,Drama,4.3594
508,31,Star Wars (1977),Sci-Fi,Action|Adventure|Sci-Fi,4.9574
508,26,"Shawshank Redemption, The (1994)",Drama,Drama,4.8548
508,33,Fargo (1996),Crime,Crime|Drama|Thriller,4.5733
509,31,Star Wars (1977),Sci-Fi,Action|Adventure|Sci-Fi,4.7667
509,26,"Shawshank Redemption, The (1994)",Drama,Drama,4.9893
509,30,Schindler's List (1993),Drama,Drama,3.9617
509,33,Fargo (1996),Crime,Crime|Drama|Thriller,4.9582
509,34,GoodFellas (1990),Crime,Crime|Drama,4.5214
509,29,"Silence of the Lambs, The (1991)",Thriller,Thriller,4.7759
509,27,Forrest Gump (1994),Drama,Drama|Comedy|Romance,4.5802
509,12,"Usual Suspects, The (1995)",Crime,Crime,4.484
509,28,Pulp Fiction (1994),Crime,Crime,4.6443
509,1,Toy Story (1995),Animation,Animation|Childrens|Comedy,4.1843
510,26,"Shawshank Redemption, The (1994)",Drama,Drama,4.3206
510,27,Forrest Gump (1994),Drama,Drama|Comedy|Romance,4.2308
510,1,Toy Story (1995),Animation,Animation|Childrens|Comedy,4.4469
510,31,Star Wars (1977),Sci-Fi,Action|Adventure|Sci-Fi,4.7561
510,33,Fargo (1996),Crime,Crime|Drama|Thriller,4.8109
510,34,GoodFellas (1990),Crime,Crime|Drama,4.2815
510,12,"Usual Suspects, The (1995)",Crime,Crime,4.3158
510,30,Schindler's List (1993),Drama,Drama,3.9778
510,28,Pulp Fiction (1994),Crime,Crime,3.8571
510,29,"Silence of the Lambs, The (1991)",Thriller,Thriller,4.5695
511,30,Schindler's List (1993),Drama,Drama,4.0173
511,29,"Silence of the Lambs, The (1991)",Thriller,Thriller,3.854
511,34,GoodFellas (1990),Crime,Crime|Drama,3.8971
511,1,Toy Story (1995),Animation,Animation|Childrens|Comedy,4.5885
511,33,Fargo (1996),Crime,Crime|Drama|Thriller,3.9626
511,28,Pulp Fiction (1994),Crime,Crime,4.3927
511,12,"Usual Suspects, The (1995)",Crime,Crime,3.9832
511,31,Star Wars (1977),Sci-Fi,Action|Adventure|Sci-Fi,4.0042
511,26,"Shawshank Redemption, The (1994)",Drama,Drama,3.8052
511,27,Forrest Gump (1994),Drama,Drama|Comedy|Romance,4.185
512,27,Forrest Gump (1994),Drama,Drama|Comedy|Romance,4.6897
512,30,Schindler's List (1993),Drama,Drama,4.6359
512,29,"Silence of the Lambs, The (1991)",Thriller,Thriller,4.9241
512,28,Pulp Fiction (1994),Crime,Crime,4.0848
512,34,GoodFellas (1990),Crime,Crime|Drama,4.0273
512,1,Toy Story (1995),Animation,Animation|Childrens|Comedy,4.5317
512,31,Star Wars (1977),Sci-Fi,Action|Adventure|Sci-Fi,4.5139
512,33,Fargo (1996),Crime,Crime|Drama|Thriller,4.4121
512,12,"Usual Suspects, The (1995)",Crime,Crime,3.8052
512,26,"Shawshank Redemption, The (1994)",Drama,Drama,4.4663
513,12,"Usual Suspects, The (1995)",Crime,Crime,4.2781
513,29,"Silence of the Lambs, The (1991)",Thriller,Thriller,4.3935
513,33,Fargo (1996),Crime,Crime|Drama|Thriller,4.5554
513,1,Toy Story (1995),Animation,Animation|Childrens|Comedy,4.4059
513,27,Forrest Gump (1994),Drama,Drama|Comedy|Romance,4.4441
513,28,Pulp Fiction (1994),Crime,Crime,3.8289
513,30,Schindler's List (1993),Drama,Drama,4.1043
513,34,GoodFellas (1990),Crime,Crime|Drama,4.1728
513,26,"Shawshank Redemption, The (1994)",Drama,Drama,4.9845
513,31,Star Wars (1977),Sci-Fi,Action|Adventure|Sci-Fi,4.1547
514,28,Pulp Fiction (1994),Crime,Crime,4.6091
514,27,Forrest Gump (1994),Drama,Drama|Comedy|Romance,4.918
514,29,"Silence of the Lambs, The (1991)",Thriller,Thriller,4.802
514,26,"Shawshank Redemption, The (1994)",Drama,Drama,4.4943
514,1,Toy Story (1995),Animation,Animation|Childrens|Comedy,4.6105
514,31,Star Wars (1977),Sci-Fi,Action|Adventure|Sci-Fi,4.5498
514,12,"Usual Suspects, The (1995)",Crime,Crime,4.5995
514,30,Schindler's List (1993),Drama,Drama,4.1177
514,34,GoodFellas (1990),Crime,Crime|Drama,4.2898
514,33,Fargo (1996),Crime,Crime|Drama|Thriller,4.5111
515,26,"Shawshank Redemption, The (1994)",Drama,Drama,4.4565
515,12,"Usual Suspects, The (1995)",Crime,Crime,4.858
515,31,Star Wars (1977),Sci-Fi,Action|Adventure|Sci-Fi,4.3387
515,30,Schindler's List (1993),Drama,Drama,3.8733
515,28,Pulp Fiction (1994),Crime,Crime,4.8135
515,1,Toy Story (1995),Animation,Animation|Childrens|Comedy,4.6088
515,33,Fargo (1996),Crime,Crime|Drama|Thriller,4.8191
515,34,GoodFellas (1990),Crime,Crime|Drama,3.9663
515,27,Forrest Gump (1994),Drama,Drama|Comedy|Romance,3.8369
515,29,"Silence of the Lambs, The (1991)",Thriller,Thriller,4.9212
516,27,Forrest Gump (1994),Drama,Drama|Comedy|Romance,4.4687
516,26,"Shawshank Redemption, The (1994)",Drama,Drama,4.6213
516,12,"Usual Suspects, The (1995)",Crime,Crime,3.9652
516,30,Schindler's List (1993),Drama,Drama,4.0938
516,1,Toy Story (1995),Animation,Animation|Childrens|Comedy,4.0317
516,29,"Silence of the Lambs, The (1991)",Thriller,Thriller,4.064
516,31,Star Wars (1977),Sci-Fi,Action|Adventure|Sci-Fi,4.9049
516,33,Fargo (1996),Crime,Crime|Drama|Thriller,4.659
516,34,GoodFellas (1990),Crime,Crime|Drama,4.6845
516,28,Pulp Fiction (1994),Crime,Crime,4.7528
517,34,GoodFellas (1990),Crime,Crime|Drama,4.881
517,30,Schindler's List (1993),Drama,Drama,3.9545
517,12,"Usual Suspects, The (1995)",Crime,Crime,4.1184
517,31,Star Wars (1977),Sci-Fi,Action|Adventure|Sci-Fi,4.9032
517,1,Toy Story (1995),Animation,Animation|Childrens|Comedy,4.9355
517,27,Forrest Gump (1994),Drama,Drama|Comedy|Romance,4.381
517,28,Pulp Fiction (1994),Crime,Crime,4.2495
517,33,Fargo (1996),Crime,Crime|Drama|Thriller,4.1393
517,26,"Shawshank Redemption, The (1994)",Drama,Drama,4.3985
517,29,"Silence of the Lambs, The (1991)",Thriller,Thriller,4.9214
518,30,Schindler's List (1993),Drama,Drama,3.9333
518,28,Pulp Fiction (1994),Crime,Crime,4.9653
518,27,Forrest Gump (1994),Drama,Drama|Comedy|Romance,4.4887
518,31,Star Wars (1977),Sci-Fi,Action|Adventure|Sci-Fi,3.9534
518,1,Toy Story (1995),Animation,Animation|Childrens|Comedy,4.2234
518,26,"Shawshank Redemption, The (1994)",Drama,Drama,4.4564
518,33,Fargo (1996),Crime,Crime|Drama|Thriller,4.4395
518,34,GoodFellas (1990),Crime,Crime|Drama,3.8426
518,12,"Usual Suspects, The (1995)",Crime,Crime,4.941
518,29,"Silence of the Lambs, The (1991)",Thriller,Thriller,4.1305
519,26,"Shawshank Redemption, The (1994)",Drama,Drama,4.187
519,1,Toy Story (1995),Animation,Animation|Childrens|Comedy,4.407
519,31,Star Wars (1977),Sci-Fi,Action|Adventure|Sci-Fi,4.7006
519,27,Forrest Gump (1994),Drama,Drama|Comedy|Romance,4.0318
519,28,Pulp Fiction (1994),Crime,Crime,3.8379
519,29,"Silence of the Lambs, The (1991)",Thriller,Thriller,4.8228
519,30,Schindler's List (1993),Drama,Drama,3.9651
519,12,"Usual Suspects, The (1995)",Crime,Crime,4.8673
519,34,GoodFellas (1990),Crime,Crime|Drama,4.8963
519,33,Fargo (1996),Crime,Crime|Drama|Thriller,4.3528
520,28,Pulp Fiction (1994),Crime,Crime,4.9672
520,33,Fargo (1996),Crime,Crime|Drama|Thriller,4.7159
520,30,Schindler's List (1993),Drama,Drama,4.5301
520,29,"Silence of the Lambs, The (1991)",Thriller,Thriller,4.2385
520,26,"Shawshank Redemption, The (1994)",Drama,Drama,4.018
520,34,GoodFellas (1990),Crime,Crime|Drama,4.624
520,12,"Usual Suspects, The (1995)",Crime,Crime,4.9939
520,1,Toy Story (1995),Animation,Animation|Childrens|Comedy,4.3608
520,31,Star Wars (1977),Sci-Fi,Action|Adventure|Sci-Fi,4.6684
520,27,Forrest Gump (1994),Drama,Drama|Comedy|Romance,4.3941
521,27,Forrest Gump (1994),Drama,Drama|Comedy|Romance,3.914
521,1,Toy Story (1995),Animation,Animation|Childrens|Comedy,4.2022
521,34,GoodFellas (1990),Crime,Crime|Drama,3.9373
521,29,"Silence of the Lambs, The (1991)",Thriller,Thriller,4.8011
521,30,Schindler's List (1993),Drama,Drama,4.3956
521,33,Fargo (1996),Crime,Crime|Drama|Thriller,4.5455
521,28,Pulp Fiction (1994),Crime,Crime,4.4479
521,31,Star Wars (1977),Sci-Fi,Action|Adventure|Sci-Fi,4.6523
521,26,"Shawshank Redemption, The (1994)",Drama,Drama,4.183
521,12,"Usual Suspects, The (1995)",Crime,Crime,3.965
522,12,"Usual Suspects, The (1995)",Crime,Crime,3.8622
522,30,Schindler's List (1993),Drama,Drama,4.8553
522,26,"Shawshank Redemption, The (1994)",Drama,Drama,4.6411
522,29,"Silence of the Lambs, The (1991)",Thriller,Thriller,4.3065
522,33,Fargo (1996),Crime,Crime|Drama|Thriller,4.7028
522,1,Toy Story (1995),Animation,Animation|Childrens|Comedy,4.6897
522,27,Forrest Gump (1994),Drama,Drama|Comedy|Romance,3.8481
522,31,Star Wars (1977),Sci-Fi,Action|Adventure|Sci-Fi,4.6115
522,28,Pulp Fiction (1994),Crime,Crime,4.569
522,34,GoodFellas (1990),Crime,Crime|Drama,4.9565
523,28,Pulp Fiction (1994),Crime,Crime,4.4813
523,31,Star Wars (1977),Sci-Fi,Action|Adventure|Sci-Fi,4.3156
523,30,Schindler's List (1993),Drama,Drama,4.7817
523,34,GoodFellas (1990),Crime,Crime|Drama,4.7533
523,27,Forrest Gump (1994),Drama,Drama|Comedy|Romance,4.6783
523,26,"Shawshank Redemption, The (1994)",Drama,Drama,3.8924
523,33,Fargo (1996),Crime,Crime|Drama|Thriller,4.7558
523,12,"Usual Suspects, The (1995)",Crime,Crime,4.9033
523,1,Toy Story (1995),Animation,Animation|Childrens|Comedy,3.8713
523,29,"Silence of the Lambs, The (1991)",Thriller,Thriller,4.282
524,30,Schindler's List (1993),Drama,Drama,4.2416
524,33,Fargo (1996),Crime,Crime|Drama|Thriller,4.6047
524,31,Star Wars (1977),Sci-Fi,Action|Adventure|Sci-Fi,4.0705
524,34,GoodFellas (1990),Crime,Crime|Drama,4.0884
524,27,Forrest Gump (1994),Drama,Drama|Comedy|Romance,4.4897
524,29,"Silence of the Lambs, The (1991)",Thriller,Thriller,4.4728
524,12,"Usual Suspects, The (1995)",Crime,Crime,4.7225
524,1,Toy Story (1995),Animation,Animation|Childrens|Comedy,4.7094
524,26,"Shawshank Redemption, The (1994)",Drama,Drama,4.6048
524,28,Pulp Fiction (1994),Crime,Crime,4.339
525,31,Star Wars (1977),Sci-Fi,Action|Adventure|Sci-Fi,4.1847
525,33,Fargo (1996),Crime,Crime|Drama|Thriller,4.4863
525,26,"Shawshank Redemption, The (1994)",Drama,Drama,4.6658
525,34,GoodFellas (1990),Crime,Crime|Drama,4.4604
525,28,Pulp Fiction (1994),Crime,Crime,4.7434
525,27,Forrest Gump (1994),Drama,Drama|Comedy|Romance,4.1392
525,30,Schindler's List (1993),Drama,Drama,4.0207
525,12,"Usual Suspects, The (1995)",Crime,Crime,3.8647
525,1,Toy Story (1995),Animation,Animation|Childrens|Comedy,4.488
525,29,"Silence of the Lambs, The (1991)",Thriller,Thriller,4.6263
526,34,GoodFellas (1990),Crime,Crime|Drama,4.4959
526,26,"Shawshank Redemption, The (1994)",Drama,Drama,4.2605
526,12,"Usual Suspects, The (1995)",Crime,Crime,3.9123
526,30,Schindler's List (1993),Drama,Drama,4.2798
526,28,Pulp Fiction (1994),Crime,Crime,4.0512
526,29,"Silence of the Lambs, The (1991)",Thriller,Thriller,4.6162
526,31,Star Wars (1977),Sci-Fi,Action|Adventure|Sci-Fi,4.2373
526,1,Toy Story (1995),Animation,Animation|Childrens|Comedy,3.9764
526,27,Forrest Gump (1994),Drama,Drama|Comedy|Romance,4.2195
526,33,Fargo (1996),Crime,Crime|Drama|Thriller,4.0693
527,28,Pulp Fiction (1994),Crime,Crime,3.8172
527,30,Schindler's List (1993),Drama,Drama,4.8572
527,34,GoodFellas (1990),Crime,Crime|Drama,4.2243
527,12,"Usual Suspects, The (1995)",Crime,Crime,4.9935
527,31,Star Wars (1977),Sci-Fi,Action|Adventure|Sci-Fi,4.3309
527,26,"Shawshank Redemption, The (1994)",Drama,Drama,4.0251
527,33,Fargo (1996),Crime,Crime|Drama|Thriller,4.7326
527,1,Toy Story (1995),Animation,Animation|Childrens|Comedy,4.9118
527,29,"Silence of the Lambs, The (1991)",Thriller,Thriller,4.7787
527,27,Forrest Gump (1994),Drama,Drama|Comedy|Romance,4.6942
528,30,Schindler's List (1993),Drama,Drama,4.7939
528,1,Toy Story (1995),Animation,Animation|Childrens|Comedy,4.1328
528,28,Pulp Fiction (1994),Crime,Crime,4.6206
528,26,"Shawshank Redemption, The (1994)",Drama,Drama,4.8349
528,27,Forrest Gump (1994),Drama,Drama|Comedy|Romance,4.3753
528,33,Fargo (1996),Crime,Crime|Drama|Thriller,4.3159
528,12,"Usual Suspects, The (1995)",Crime,Crime,4.6633
528,29,"Silence of the Lambs, The (1991)",Thriller,Thriller,4.4719
528,31,Star Wars (1977),Sci-Fi,Action|Adventure|Sci-Fi,4.9918
528,34,GoodFellas (1990),Crime,Crime|Drama,4.3101
529,26,"Shawshank Redemption, The (1994)",Drama,Drama,3.9867
529,33,Fargo (1996),Crime,Crime|Drama|Thriller,4.0069
529,34,GoodFellas (1990),Crime,Crime|Drama,4.4149
529,31,Star Wars (1977),Sci-Fi,Action|Adventure|Sci-Fi,4.7275
529,30,Schindler's List (1993),Drama,Drama,4.0629
529,29,"Silence of the Lambs, The (1991)",Thriller,Thriller,3.8732
529,12,"Usual Suspects, The (1995)",Crime,Crime,4.4546
529,1,Toy Story (1995),Animation,Animation|Childrens|Comedy,4.6299
529,27,Forrest Gump (1994),Drama,Drama|Comedy|Romance,4.0932
529,28,Pulp Fiction (1994),Crime,Crime,4.6877
530,31,Star Wars (1977),Sci-Fi,Action|Adventure|Sci-Fi,4.4624
530,34,GoodFellas (1990),Crime,Crime|Drama,3.8561
530,33,Fargo (1996),Crime,Crime|Drama|Thriller,4.9691
530,30,Schindler's List (1993),Drama,Drama,4.7944
530,12,"Usual Suspects, The (1995)",Crime,Crime,3.9579
530,28,Pulp Fiction (1994),Crime,Crime,4.9062
530,27,Forrest Gump (1994),Drama,Drama|Comedy|Romance,4.3408
530,26,"Shawshank Redemption, The (1994)",Drama,Drama,4.2463
530,29,"Silence of the Lambs, The (1991)",Thriller,Thriller,4.3533
530,1,Toy Story (1995),Animation,Animation|Childrens|Comedy,4.8015
531,33,Fargo (1996),Crime,Crime|Drama|Thriller,4.438
531,28,Pulp Fiction (1994),Crime,Crime,4.2231
531,30,Schindler's List (1993),Drama,Drama,4.0913
531,34,GoodFellas (1990),Crime,Crime|Drama,3.9023
531,27,Forrest Gump (1994),Drama,Drama|Comedy|Romance,4.4415
531,12,"Usual Suspects, The (1995)",Crime,Crime,4.866
531,29,"Silence of the Lambs, The (1991)",Thriller,Thriller,4.4177
531,26,"Shawshank Redemption, The (1994)",Drama,Drama,4.6869
531,31,Star Wars (1977),Sci-Fi,Action|Adventure|Sci-Fi,4.1581
531,1,Toy Story (1995),Animation,Animation|Childrens|Comedy,4.3378
532,12,"Usual Suspects, The (1995)",Crime,Crime,4.5802
532,33,Fargo (1996),Crime,Crime|Drama|Thriller,4.7103
532,26,"Shawshank Redemption, The (1994)",Drama,Drama,4.1873
532,1,Toy Story (1995),Animation,Animation|Childrens|Comedy,4.757
532,27,Forrest Gump (1994),Drama,Drama|Comedy|Romance,4.2067
532,31,Star Wars (1977),Sci-Fi,Action|Adventure|Sci-Fi,4.1073
532,29,"Silence of the Lambs, The (1991)",Thriller,Thriller,4.0669
532,34,GoodFellas (1990),Crime,Crime|Drama,4.0399
532,30,Schindler's List (1993),Drama,Drama,4.6845
532,28,Pulp Fiction (1994),Crime,Crime,4.865
533,1,Toy Story (1995),Animation,Animation|Childrens|Comedy,4.6932
533,27,Forrest Gump (1994),Drama,Drama|Comedy|Romance,4.2902
533,12,"Usual Suspects, The (1995)",Crime,Crime,4.9996
533,34,GoodFellas (1990),Crime,Crime|Drama,4.1575
533,28,Pulp Fiction (1994),Crime,Crime,4.9739
533,31,Star Wars (1977),Sci-Fi,Action|Adventure|Sci-Fi,4.0436
533,26,"Shawshank Redemption, The (1994)",Drama,Drama,3.9331
533,33,Fargo (1996),Crime,Crime|Drama|Thriller,4.701
533,29,"Silence of the Lambs, The (1991)",Thriller,Thriller,4.6428
533,30,Schindler's List (1993),Drama,Drama,4.7734
534,29,"Silence of the Lambs, The (1991)",Thriller,Thriller,4.6076
534,30,Schindler's List (1993),Drama,Drama,4.3235
534,34,GoodFellas (1990),Crime,Crime|Drama,4.1075
534,31,Star Wars (1977),Sci-Fi,Action|Adventure|Sci-Fi,3.8711
534,27,Forrest Gump (1994),Drama,Drama|Comedy|Romance,4.205
534,28,Pulp Fiction (1994),Crime,Crime,4.352
534,1,Toy Story (1995),Animation,Animation|Childrens|Comedy,4.6244
534,12,"Usual Suspects, The (1995)",Crime,Crime,4.5752
534,33,Fargo (1996),Crime,Crime|Drama|Thriller,4.9368
534,26,"Shawshank Redemption, The (1994)",Drama,Drama,3.9205
535,12,"Usual Suspects, The (1995)",Crime,Crime,3.8476
535,30,Schindler's List (1993),Drama,Drama,3.9364
535,27,Forrest Gump (1994),Drama,Drama|Comedy|Romance,4.7042
535,31,Star Wars (1977),Sci-Fi,Action|Adventure|Sci-Fi,4.6589
535,1,Toy Story (1995),Animation,Animation|Childrens|Comedy,3.9842
535,29,"Silence of the Lambs, The (1991)",Thriller,Thriller,3.8707
535,34,GoodFellas (1990),Crime,Crime|Drama,4.4945
535,28,Pulp Fiction (1994),Crime,Crime,4.5629
535,26,"Shawshank Redemption, The (1994)",Drama,Drama,3.9624
535,33,Fargo (1996),Crime,Crime|Drama|Thriller,4.3683
536,34,GoodFellas (1990),Crime,Crime|Drama,4.9538
536,30,Schindler's List (1993),Drama,Drama,4.4412
536,33,Fargo (1996),Crime,Crime|Drama|Thriller,4.254
536,27,Forrest Gump (1994),Drama,Drama|Comedy|Romance,4.7144
536,29,"Silence of the Lambs, The (1991)",Thriller,Thriller,4.4294
536,28,Pulp Fiction (1994),Crime,Crime,3.8158
536,1,Toy Story (1995),Animation,Animation|Childrens|Comedy,4.6835
536,31,Star Wars (1977),Sci-Fi,Action|Adventure|Sci-Fi,4.6787
536,26,"Shawshank Redemption, The (1994)",Drama,Drama,3.9982
536,12,"Usual Suspects, The (1995)",Crime,Crime,4.948
537,31,Star Wars (1977),Sci-Fi,Action|Adventure|Sci-Fi,4.2495
537,33,Fargo (1996),Crime,Crime|Drama|Thriller,4.5849
537,28,Pulp Fiction (1994),Crime,Crime,3.9963
537,30,Schindler's List (1993),Drama,Drama,3.8762
537,1,Toy Story (1995),Animation,Animation|Childrens|Comedy,4.8254
537,29,"Silence of the Lambs, The (1991)",Thriller,Thriller,4.4767
537,26,"Shawshank Redemption, The (1994)",Drama,Drama,4.5789
537,34,GoodFellas (1990),Crime,Crime|Drama,4.1687
537,12,"Usual Suspects, The (1995)",Crime,Crime,4.2463
537,27,Forrest Gump (1994),Drama,Drama|Comedy|Romance,3.8988
538,33,Fargo (1996),Crime,Crime|Drama|Thriller,3.8151
538,31,Star Wars (1977),Sci-Fi,Action|Adventure|Sci-Fi,3.8345
538,28,Pulp Fiction (1994),Crime,Crime,4.0049
538,27,Forrest Gump (1994),Drama,Drama|Comedy|Romance,4.0531
538,26,"Shawshank Redemption, The (1994)",Drama,Drama,4.7167
538,34,GoodFellas (1990),Crime,Crime|Drama,4.648
538,12,"Usual Suspects, The (1995)",Crime,Crime,4.5393
538,1,Toy Story (1995),Animation,Animation|Childrens|Comedy,4.8618
538,30,Schindler's List (1993),Drama,Drama,4.0966
538,29,"Silence of the Lambs, The (1991)",Thriller,Thriller,4.8853
539,1,Toy Story (1995),Animation,Animation|Childrens|Comedy,4.7539
539,34,GoodFellas (1990),Crime,Crime|Drama,3.9964
539,27,Forrest Gump (1994),Drama,Drama|Comedy|Romance,4.4474
539,33,Fargo (1996),Crime,Crime|Drama|Thriller,4.4097
539,26,"Shawshank Redemption, The (1994)",Drama,Drama,3.9204
539,31,Star Wars (1977),Sci-Fi,Action|Adventure|Sci-Fi,4.236
539,29,"Silence of the Lambs, The (1991)",Thriller,Thriller,3.9017
539,30,Schindler's List (1993),Drama,Drama,4.3577
539,28,Pulp Fiction (1994),Crime,Crime,4.8115
539,12,"Usual Suspects, The (1995)",Crime,Crime,4.1242
540,12,"Usual Suspects, The (1995)",Crime,Crime,3.9718
540,33,Fargo (1996),Crime,Crime|Drama|Thriller,4.1948
540,1,Toy Story (1995),Animation,Animation|Childrens|Comedy,4.3304
540,28,Pulp Fiction (1994),Crime,Crime,4.0307
540,29,"Silence of the Lambs, The (1991)",Thriller,Thriller,4.34
540,30,Schindler's List (1993),Drama,Drama,3.9886
540,27,Forrest Gump (1994),Drama,Drama|Comedy|Romance,4.4708
540,26,"Shawshank Redemption, The (1994)",Drama,Drama,4.5965
540,31,Star Wars (1977),Sci-Fi,Action|Adventure|Sci-Fi,3.8749
540,34,GoodFellas (1990),Crime,Crime|Drama,4.8454
541,26,"Shawshank Redemption, The (1994)",Drama,Drama,3.9538
541,27,Forrest Gump (1994),Drama,Drama|Comedy|Romance,4.7669
541,29,"Silence of the Lambs, The (1991)",Thriller,Thriller,4.5405
541,30,Schindler's List (1993),Drama,Drama,3.9625
541,33,Fargo (1996),Crime,Crime|Drama|Thriller,4.2488
541,28,Pulp Fiction (1994),Crime,Crime,4.7725
541,1,Toy Story (1995),Animation,Animation|Childrens|Comedy,4.482
541,34,GoodFellas (1990),Crime,Crime|Drama,3.9304
541,31,Star Wars (1977),Sci-Fi,Action|Adventure|Sci-Fi,4.2473
541,12,"Usual Suspects, The (1995)",Crime,Crime,4.0912
542,28,Pulp Fiction (1994),Crime,Crime,4.5539
542,31,Star Wars (1977),Sci-Fi,Action|Adventure|Sci-Fi,4.3623
542,12,"Usual Suspects, The (1995)",Crime,Crime,4.3618
542,33,Fargo (1996),Crime,Crime|Drama|Thriller,4.6433
542,34,GoodFellas (1990),Crime,Crime|Drama,4.9936
542,1,Toy Story (1995),Animation,Animation|Childrens|Comedy,4.5909
542,29,"Silence of the Lambs, The (1991)",Thriller,Thriller,4.7529
542,26,"Shawshank Redemption, The (1994)",Drama,Drama,3.8331
542,27,Forrest Gump (1994),Drama,Drama|Comedy|Romance,4.7725
542,30,Schindler's List (1993),Drama,Drama,4.16
543,12,"Usual Suspects, The (1995)",Crime,Crime,4.1148
543,26,"Shawshank Redemption, The (1994)",Drama,Drama,4.044
543,30,Schindler's List (1993),Drama,Drama,4.4311
543,31,Star Wars (1977),Sci-Fi,Action|Adventure|Sci-Fi,3.878
543,33,Fargo (1996),Crime,Crime|Drama|Thriller,4.2792
543,28,Pulp Fiction (1994),Crime,Crime,4.5995
543,29,"Silence of the Lambs, The (1991)",Thriller,Thriller,4.9612
543,27,Forrest Gump (1994),Drama,Drama|Comedy|Romance,4.3108
543,1,Toy Story (1995),Animation,Animation|Childrens|Comedy,4.0403
543,34,GoodFellas (1990),Crime,Crime|Drama,4.7808
544,28,Pulp Fiction (1994),Crime,Crime,3.9059
544,33,Fargo (1996),Crime,Crime|Drama|Thriller,4.2929
544,30,Schindler's List (1993),Drama,Drama,4.4549
544,12,"Usual Suspects, The (1995)",Crime,Crime,4.3544
544,27,Forrest Gump (1994),Drama,Drama|Comedy|Romance,4.8809
544,34,GoodFellas (1990),Crime,Crime|Drama,4.8878
544,1,Toy Story (1995),Animation,Animation|Childrens|Comedy,4.7863
544,26,"Shawshank Redemption, The (1994)",Drama,Drama,4.2504
544,29,"Silence of the Lambs, The (1991)",Thriller,Thriller,4.6608
544,31,Star Wars (1977),Sci-Fi,Action|Adventure|Sci-Fi,4.2743
545,30,Schindler's List (1993),Drama,Drama,4.7763
545,28,Pulp Fiction (1994),Crime,Crime,4.5893
545,34,GoodFellas (1990),Crime,Crime|Drama,4.778
545,12,"Usual Suspects, The (1995)",Crime,Crime,4.4911
545,29,"Silence of the Lambs, The (1991)",Thriller,Thriller,3.8056
545,27,Forrest Gump (1994),Drama,Drama|Comedy|Romance,3.8495
545,31,Star Wars (1977),Sci-Fi,Action|Adventure|Sci-Fi,4.9758
545,1,Toy Story (1995),Animation,Animation|Childrens|Comedy,3.974
545,26,"Shawshank Redemption, The (1994)",Drama,Drama,4.2854
545,33,Fargo (1996),Crime,Crime|Drama|Thriller,4.9206
546,26,"Shawshank Redemption, The (1994)",Drama,Drama,4.0809
546,28,Pulp Fiction (1994),Crime,Crime,4.4575
546,33,Fargo (1996),Crime,Crime|Drama|Thriller,4.6488
546,34,GoodFellas (1990),Crime,Crime|Drama,4.1263
546,30,Schindler's List (1993),Drama,Drama,4.9261
546,1,Toy Story (1995),Animation,Animation|Childrens|Comedy,4.5988
546,12,"Usual Suspects, The (1995)",Crime,Crime,3.8566
546,29,"Silence of the Lambs, The (1991)",Thriller,Thriller,3.9629
546,27,Forrest Gump (1994),Drama,Drama|Comedy|Romance,4.0289
546,31,Star Wars (1977),Sci-Fi,Action|Adventure|Sci-Fi,4.0939
547,30,Schindler's List (1993),Drama,Drama,3.9334
547,28,Pulp Fiction (1994),Crime,Crime,4.5083
547,29,"Silence of the Lambs, The (1991)",Thriller,Thriller,4.618
547,26,"Shawshank Redemption, The (1994)",Drama,Drama,4.9212
547,33,Fargo (1996),Crime,Crime|Drama|Thriller,4.7362
547,31,Star Wars (1977),Sci-Fi,Action|Adventure|Sci-Fi,4.5726
547,34,GoodFellas (1990),Crime,Crime|Drama,3.9402
547,27,Forrest Gump (1994),Drama,Drama|Comedy|Romance,4.2485
547,12,"Usual Suspects, The (1995)",Crime,Crime,3.9666
547,1,Toy Story (1995),Animation,Animation|Childrens|Comedy,4.8575
548,27,Forrest Gump (1994),Drama,Drama|Comedy|Romance,3.9643
548,33,Fargo (1996),Crime,Crime|Drama|Thriller,4.6699
548,28,Pulp Fiction (1994),Crime,Crime,3.9923
548,1,Toy Story (1995),Animation,Animation|Childrens|Comedy,4.6425
548,26,"Shawshank Redemption, The (1994)",Drama,Drama,4.6307
548,12,"Usual Suspects, The (1995)",Crime,Crime,4.3512
548,31,Star Wars (1977),Sci-Fi,Action|Adventure|Sci-Fi,3.9623
548,30,Schindler's List (1993),Drama,Drama,4.1778
548,34,GoodFellas (1990),Crime,Crime|Drama,4.1841
548,29,"Silence of the Lambs, The (1991)",Thriller,Thriller,4.6405
549,26,"Shawshank Redemption, The (1994)",Drama,Drama,4.6977
549,1,Toy Story (1995),Animation,Animation|Childrens|Comedy,4.0267
549,34,GoodFellas (1990),Crime,Crime|Drama,3.9891
549,30,Schindler's List (1993),Drama,Drama,4.0838
549,12,"Usual Suspects, The (1995)",Crime,Crime,4.239
549,27,Forrest Gump (1994),Drama,Drama|Comedy|Romance,4.7524
549,33,Fargo (1996),Crime,Crime|Drama|Thriller,4.6855
549,28,Pulp Fiction (1994),Crime,Crime,4.9105
549,29,"Silence of the Lambs, The (1991)",Thriller,Thriller,3.8704
549,31,Star Wars (1977),Sci-Fi,Action|Adventure|Sci-Fi,3.8139
550,34,GoodFellas (1990),Crime,Crime|Drama,4.5593
550,27,Forrest Gump (1994),Drama,Drama|Comedy|Romance,4.8008
550,1,Toy Story (1995),Animation,Animation|Childrens|Comedy,4.0053
550,26,"Shawshank Redemption, The (1994)",Drama,Drama,4.917
550,29,"Silence of the Lambs, The (1991)",Thriller,Thriller,4.4368
550,33,Fargo (1996),Crime,Crime|Drama|Thriller,4.9075
550,30,Schindler's List (1993),Drama,Drama,4.0493
550,28,Pulp Fiction (1994),Crime,Crime,4.5255
550,31,Star Wars (1977),Sci-Fi,Action|Adventure|Sci-Fi,4.2847
550,12,"Usual Suspects, The (1995)",Crime,Crime,4.7291
551,27,Forrest Gump (1994),Drama,Drama|Comedy|Romance,4.6321
551,26,"Shawshank Redemption, The (1994)",Drama,Drama,3.8537
551,31,Star Wars (1977),Sci-Fi,Action|Adventure|Sci-Fi,4.3813
551,33,Fargo (1996),Crime,Crime|Drama|Thriller,4.3832
551,30,Schindler's List (1993),Drama,Drama,3.9944
551,12,"Usual Suspects, The (1995)",Crime,Crime,4.8049
551,29,"Silence of the Lambs, The (1991)",Thriller,Thriller,4.7562
551,34,GoodFellas (1990),Crime,Crime|Drama,3.9833
551,1,Toy Story (1995),Animation,Animation|Childrens|Comedy,4.2366
551,28,Pulp Fiction (1994),Crime,Crime,3.9205
552,29,"Silence of the Lambs, The (1991)",Thriller,Thriller,4.5529
552,28,Pulp Fiction (1994),Crime,Crime,4.3774
552,26,"Shawshank Redemption, The (1994)",Drama,Drama,4.7926
552,12,"Usual Suspects, The (1995)",Crime,Crime,4.7994
552,30,Schindler's List (1993),Drama,Drama,4.8207
552,34,GoodFellas (1990),Crime,Crime|Drama,4.7641
552,1,Toy Story (1995),Animation,Animation|Childrens|Comedy,4.3857
552,31,Star Wars (1977),Sci-Fi,Action|Adventure|Sci-Fi,4.2577
552,27,Forrest Gump (1994),Drama,Drama|Comedy|Romance,4.7977
552,33,Fargo (1996),Crime,Crime|Drama|Thriller,4.3882
553,1,Toy Story (1995),Animation,Animation|Childrens|Comedy,4.0125
553,29,"Silence of the Lambs, The (1991)",Thriller,Thriller,4.3204
553,33,Fargo (1996),Crime,Crime|Drama|Thriller,4.5444
553,27,Forrest Gump (1994),Drama,Drama|Comedy|Romance,3.8313
553,28,Pulp Fiction (1994),Crime,Crime,4.2855
553,26,"Shawshank Redemption, The (1994)",Drama,Drama,3.9859
553,31,Star Wars (1977),Sci-Fi,Action|Adventure|Sci-Fi,4.4503
553,30,Schindler's List (1993),Drama,Drama,4.8115
553,12,"Usual Suspects, The (1995)",Crime,Crime,4.4297
553,34,GoodFellas (1990),Crime,Crime|Drama,3.8432
554,28,Pulp Fiction (1994),Crime,Crime,4.9597
554,29,"Silence of the Lambs, The (1991)",Thriller,Thriller,4.2181
554,12,"Usual Suspects, The (1995)",Crime,Crime,4.9895
554,27,Forrest Gump (1994),Drama,Drama|Comedy|Romance,4.3466
554,31,Star Wars (1977),Sci-Fi,Action|Adventure|Sci-Fi,4.8222
554,30,Schindler's List (1993),Drama,Drama,4.0596
554,1,Toy Story (1995),Animation,Animation|Childrens|Comedy,4.407
554,34,GoodFellas (1990),Crime,Crime|Drama,4.9592
554,26,"Shawshank Redemption, The (1994)",Drama,Drama,4.9364
554,33,Fargo (1996),Crime,Crime|Drama|Thriller,4.6205
555,30,Schindler's List (1993),Drama,Drama,4.6692
555,33,Fargo (1996),Crime,Crime|Drama|Thriller,3.9701
555,29,"Silence of the Lambs, The (1991)",Thriller,Thriller,4.3613
555,34,GoodFellas (1990),Crime,Crime|Drama,4.2284
555,1,Toy Story (1995),Animation,Animation|Childrens|Comedy,4.4606
555,31,Star Wars (1977),Sci-Fi,Action|Adventure|Sci-Fi,4.6478
555,12,"Usual Suspects, The (1995)",Crime,Crime,4.6217
555,27,Forrest Gump (1994),Drama,Drama|Comedy|Romance,4.4186
555,26,"Shawshank Redemption, The (1994)",Drama,Drama,4.3572
555,28,Pulp Fiction (1994),Crime,Crime,4.2774
556,1,Toy Story (1995),Animation,Animation|Childrens|Comedy,4.6143
556,33,Fargo (1996),Crime,Crime|Drama|Thriller,4.8228
556,27,Forrest Gump (1994),Drama,Drama|Comedy|Romance,4.4429
556,28,Pulp Fiction (1994),Crime,Crime,4.2031
556,26,"Shawshank Redemption, The (1994)",Drama,Drama,4.7235
556,30,Schindler's List (1993),Drama,Drama,4.1182
556,12,"Usual Suspects, The (1995)",Crime,Crime,4.8698
556,34,GoodFellas (1990),Crime,Crime|Drama,3.8857
556,31,Star Wars (1977),Sci-Fi,Action|Adventure|Sci-Fi,4.8026
556,29,"Silence of the Lambs, The (1991)",Thriller,Thriller,3.9099
557,1,Toy Story (1995),Animation,Animation|Childrens|Comedy,3.8197
557,31,Star Wars (1977),Sci-Fi,Action|Adventure|Sci-Fi,4.1016
557,27,Forrest Gump (1994),Drama,Drama|Comedy|Romance,4.9061
557,29,"Silence of the Lambs, The (1991)",Thriller,Thriller,4.9113
557,12,"Usual Suspects, The (1995)",Crime,Crime,4.7586
557,26,"Shawshank Redemption, The (1994)",Drama,Drama,4.9781
557,33,Fargo (1996),Crime,Crime|Drama|Thriller,4.7679
557,34,GoodFellas (1990),Crime,Crime|Drama,3.8122
557,28,Pulp Fiction (1994),Crime,Crime,4.1454
557,30,Schindler's List (1993),Drama,Drama,3.8367
558,33,Fargo (1996),Crime,Crime|Drama|Thriller,4.5475
558,29,"Silence of the Lambs, The (1991)",Thriller,Thriller,4.3339
558,30,Schindler's List (1993),Drama,Drama,4.6709
558,1,Toy Story (1995),Animation,Animation|Childrens|Comedy,4.2
558,34,GoodFellas (1990),Crime,Crime|Drama,4.9444
558,31,Star Wars (1977),Sci-Fi,Action|Adventure|Sci-Fi,3.8823
558,27,Forrest Gump (1994),Drama,Drama|Comedy|Romance,4.5691
558,26,"Shawshank Redemption, The (1994)",Drama,Drama,4.7327
558,28,Pulp Fiction (1994),Crime,Crime,4.363
558,12,"Usual Suspects, The (1995)",Crime,Crime,4.706
559,30,Schindler's List (1993),Drama,Drama,3.8047
559,27,Forrest Gump (1994),Drama,Drama|Comedy|Romance,4.2371
559,12,"Usual Suspects, The (1995)",Crime,Crime,4.0023
559,34,GoodFellas (1990),Crime,Crime|Drama,4.7088
559,28,Pulp Fiction (1994),Crime,Crime,3.8607
559,31,Star Wars (1977),Sci-Fi,Action|Adventure|Sci-Fi,4.4642
559,33,Fargo (1996),Crime,Crime|Drama|Thriller,4.1539
559,26,"Shawshank Redemption, The (1994)",Drama,Drama,3.9604
559,1,Toy Story (1995),Animation,Animation|Childrens|Comedy,4.7262
559,29,"Silence of the Lambs, The (1991)",Thriller,Thriller,4.0609
560,27,Forrest Gump (1994),Drama,Drama|Comedy|Romance,3.8377
560,29,"Silence of the Lambs, The (1991)",Thriller,Thriller,4.1784
560,34,GoodFellas (1990),Crime,Crime|Drama,4.1209
560,1,Toy Story (1995),Animation,Animation|Childrens|Comedy,4.9395
560,26,"Shawshank Redemption, The (1994)",Drama,Drama,4.0224
560,12,"Usual Suspects, The (1995)",Crime,Crime,4.6485
560,28,Pulp Fiction (1994),Crime,Crime,3.8513
560,33,Fargo (1996),Crime,Crime|Drama|Thriller,4.0372
560,31,Star Wars (1977),Sci-Fi,Action|Adventure|Sci-Fi,4.2063
560,30,Schindler's List (1993),Drama,Drama,4.7534
561,26,"Shawshank Redemption, The (1994)",Drama,Drama,4.8391
561,30,Schindler's List (1993),Drama,Drama,3.9071
561,33,Fargo (1996),Crime,Crime|Drama|Thriller,4.7873
561,34,GoodFellas (1990),Crime,Crime|Drama,3.9916
561,31,Star Wars (1977),Sci-Fi,Action|Adventure|Sci-Fi,4.2006
561,1,Toy Story (1995),Animation,Animation|Childrens|Comedy,3.8346
561,27,Forrest Gump (1994),Drama,Drama|Comedy|Romance,3.9485
561,12,"Usual Suspects, The (1995)",Crime,Crime,4.3349
561,29,"Silence of the Lambs, The (1991)",Thriller,Thriller,4.782
561,28,Pulp Fiction (1994),Crime,Crime,4.7284
562,28,Pulp Fiction (1994),Crime,Crime,4.9613
562,27,Forrest Gump (1994),Drama,Drama|Comedy|Romance,3.9379
562,26,"Shawshank Redemption, The (1994)",Drama,Drama,4.4969
562,1,Toy Story (1995),Animation,Animation|Childrens|Comedy,4.6303
562,31,Star Wars (1977),Sci-Fi,Action|Adventure|Sci-Fi,4.8681
562,33,Fargo (1996),Crime,Crime|Drama|Thriller,4.8489
562,29,"Silence of the Lambs, The (1991)",Thriller,Thriller,4.9736
562,34,GoodFellas (1990),Crime,Crime|Drama,4.4145
562,30,Schindler's List (1993),Drama,Drama,4.7969
562,12,"Usual Suspects, The (1995)",Crime,Crime,4.3127
563,33,Fargo (1996),Crime,Crime|Drama|Thriller,4.3862
563,28,Pulp Fiction (1994),Crime,Crime,4.4891
563,1,Toy Story (1995),Animation,Animation|Childrens|Comedy,4.8764
563,26,"Shawshank Redemption, The (1994)",Drama,Drama,4.8585
563,27,Forrest Gump (1994),Drama,Drama|Comedy|Romance,4.3096
563,12,"Usual Suspects, The (1995)",Crime,Crime,4.3083
563,29,"Silence of the Lambs, The (1991)",Thriller,Thriller,3.9933
563,30,Schindler's List (1993),Drama,Drama,4.1089
563,31,Star Wars (1977),Sci-Fi,Action|Adventure|Sci-Fi,4.9108
563,34,GoodFellas (1990),Crime,Crime|Drama,3.9692
564,28,Pulp Fiction (1994),Crime,Crime,4.3518
564,33,Fargo (1996),Crime,Crime|Drama|Thriller,4.2448
564,27,Forrest Gump (1994),Drama,Drama|Comedy|Romance,4.1174
564,30,Schindler's List (1993),Drama,Drama,3.8798
564,31,Star Wars (1977),Sci-Fi,Action|Adventure|Sci-Fi,4.4232
564,12,"Usual Suspects, The (1995)",Crime,Crime,4.1755
564,29,"Silence of the Lambs, The (1991)",Thriller,Thriller,4.6494
564,1,Toy Story (1995),Animation,Animation|Childrens|Comedy,4.6682
564,34,GoodFellas (1990),Crime,Crime|Drama,4.1985
564,26,"Shawshank Redemption, The (1994)",Drama,Drama,4.6029
565,34,GoodFellas (1990),Crime,Crime|Drama,4.5763
565,29,"Silence of the Lambs, The (1991)",Thriller,Thriller,4.8435
565,1,Toy Story (1995),Animation,Animation|Childrens|Comedy,4.7311
565,27,Forrest Gump (1994),Drama,Drama|Comedy|Romance,4.5561
565,28,Pulp Fiction (1994),Crime,Crime,4.9787
565,12,"Usual Suspects, The (1995)",Crime,Crime,4.6228
565,33,Fargo (1996),Crime,Crime|Drama|Thriller,4.9706
565,30,Schindler's List (1993),Drama,Drama,3.8689
565,31,Star Wars (1977),Sci-Fi,Action|Adventure|Sci-Fi,3.9668
565,26,"Shawshank Redemption, The (1994)",Drama,Drama,4.3418
566,27,Forrest Gump (1994),Drama,Drama|Comedy|Romance,3.8401
566,33,Fargo (1996),Crime,Crime|Drama|Thriller,4.2841
566,1,Toy Story (1995),Animation,Animation|Childrens|Comedy,4.9596
566,31,Star Wars (1977),Sci-Fi,Action|Adventure|Sci-Fi,4.6764
566,30,Schindler's List (1993),Drama,Drama,4.1606
566,29,"Silence of the Lambs, The (1991)",Thriller,Thriller,4.4903
566,34,GoodFellas (1990),Crime,Crime|Drama,4.5189
566,12,"Usual Suspects, The (1995)",Crime,Crime,3.828
566,28,Pulp Fiction (1994),Crime,Crime,4.0146
566,26,"Shawshank Redemption, The (1994)",Drama,Drama,4.4621
567,33,Fargo (1996),Crime,Crime|Drama|Thriller,3.994
567,28,Pulp Fiction (1994),Crime,Crime,4.5334
567,34,GoodFellas (1990),Crime,Crime|Drama,4.5995
567,12,"Usual Suspects, The (1995)",Crime,Crime,4.6035
567,29,"Silence of the Lambs, The (1991)",Thriller,Thriller,4.0643
567,27,Forrest Gump (1994),Drama,Drama|Comedy|Romance,4.5144
567,26,"Shawshank Redemption, The (1994)",Drama,Drama,4.8865
567,1,Toy Story (1995),Animation,Animation|Childrens|Comedy,4.2238
567,30,Schindler's List (1993),Drama,Drama,4.0529
567,31,Star Wars (1977),Sci-Fi,Action|Adventure|Sci-Fi,4.7266
568,31,Star Wars (1977),Sci-Fi,Action|Adventure|Sci-Fi,4.356
568,12,"Usual Suspects, The (1995)",Crime,Crime,4.3976
568,29,"Silence of the Lambs, The (1991)",Thriller,Thriller,4.4506
568,33,Fargo (1996),Crime,Crime|Drama|Thriller,4.1608
568,1,Toy Story (1995),Animation,Animation|Childrens|Comedy,4.6007
568,26,"Shawshank Redemption, The (1994)",Drama,Drama,4.5741
568,34,GoodFellas (1990),Crime,Crime|Drama,4.4934
568,27,Forrest Gump (1994),Drama,Drama|Comedy|Romance,3.9365
568,28,Pulp Fiction (1994),Crime,Crime,4.3724
568,30,Schindler's List (1993),Drama,Drama,4.2275
569,28,Pulp Fiction (1994),Crime,Crime,4.7791
569,31,Star Wars (1977),Sci-Fi,Action|Adventure|Sci-Fi,4.096
569,29,"Silence of the Lambs, The (1991)",Thriller,Thriller,4.3169
569,27,Forrest Gump (1994),Drama,Drama|Comedy|Romance,4.5859
569,34,GoodFellas (1990),Crime,Crime|Drama,3.9906
569,12,"Usual Suspects, The (1995)",Crime,Crime,4.6847
569,1,Toy Story (1995),Animation,Animation|Childrens|Comedy,4.6279
569,33,Fargo (1996),Crime,Crime|Drama|Thriller,4.4517
569,26,"Shawshank Redemption, The (1994)",Drama,Drama,4.4791
569,30,Schindler's List (1993),Drama,Drama,3.9269
570,28,Pulp Fiction (1994),Crime,Crime,4.6912
570,26,"Shawshank Redemption, The (1994)",Drama,Drama,4.4887
570,33,Fargo (1996),Crime,Crime|Drama|Thriller,4.0331
570,29,"Silence of the Lambs, The (1991)",Thriller,Thriller,4.5138
570,30,Schindler's List (1993),Drama,Drama,4.7065
570,1,Toy Story (1995),Animation,Animation|Childrens|Comedy,3.9661
570,12,"Usual Suspects, The (1995)",Crime,Crime,4.7803
570,27,Forrest Gump (1994),Drama,Drama|Comedy|Romance,4.4665
570,34,GoodFellas (1990),Crime,Crime|Drama,3.8051
570,31,Star Wars (1977),Sci-Fi,Action|Adventure|Sci-Fi,4.4237
571,33,Fargo (1996),Crime,Crime|Drama|Thriller,4.8952
571,28,Pulp Fiction (1994),Crime,Crime,3.9376
571,29,"Silence of the Lambs, The (1991)",Thriller,Thriller,4.3477
571,12,"Usual Suspects, The (1995)",Crime,Crime,3.8003
571,1,Toy Story (1995),Animation,Animation|Childrens|Comedy,4.4078
571,27,Forrest Gump (1994),Drama,Drama|Comedy|Romance,4.9091
571,34,GoodFellas (1990),Crime,Crime|Drama,4.0389
571,31,Star Wars (1977),Sci-Fi,Action|Adventure|Sci-Fi,4.5677
571,26,"Shawshank Redemption, The (1994)",Drama,Drama,4.5733
571,30,Schindler's List (1993),Drama,Drama,3.9924
572,26,"Shawshank Redemption, The (1994)",Drama,Drama,4.882
572,29,"Silence of the Lambs, The (1991)",Thriller,Thriller,4.3152
572,1,Toy Story (1995),Animation,Animation|Childrens|Comedy,4.7771
572,12,"Usual Suspects, The (1995)",Crime,Crime,4.2666
572,33,Fargo (1996),Crime,Crime|Drama|Thriller,4.8211
572,28,Pulp Fiction (1994),Crime,Crime,4.564
572,31,Star Wars (1977),Sci-Fi,Action|Adventure|Sci-Fi,3.9693
572,34,GoodFellas (1990),Crime,Crime|Drama,4.5796
572,27,Forrest Gump (1994),Drama,Drama|Comedy|Romance,4.0296
572,30,Schindler's List (1993),Drama,Drama,4.2943
573,34,GoodFellas (1990),Crime,Crime|Drama,4.6222
573,30,Schindler's List (1993),Drama,Drama,4.6451
573,27,Forrest Gump (1994),Drama,Drama|Comedy|Romance,4.2296
573,12,"Usual Suspects, The (1995)",Crime,Crime,4.8574
573,26,"Shawshank Redemption, The (1994)",Drama,Drama,4.5728
573,31,Star Wars (1977),Sci-Fi,Action|Adventure|Sci-Fi,4.6556
573,33,Fargo (1996),Crime,Crime|Drama|Thriller,4.1328
573,1,Toy Story (1995),Animation,Animation|Childrens|Comedy,3.8007
573,29,"Silence of the Lambs, The (1991)",Thriller,Thriller,4.8385
573,28,Pulp Fiction (1994),Crime,Crime,4.7869
574,33,Fargo (1996),Crime,Crime|Drama|Thriller,4.0665
574,34,GoodFellas (1990),Crime,Crime|Drama,4.9585
574,1,Toy Story (1995),Animation,Animation|Childrens|Comedy,3.9495
574,26,"Shawshank Redemption, The (1994)",Drama,Drama,4.3762
574,27,Forrest Gump (1994),Drama,Drama|Comedy|Romance,3.902
574,29,"Silence of the Lambs, The (1991)",Thriller,Thriller,3.8272
574,28,Pulp Fiction (1994),Crime,Crime,4.9072
574,12,"Usual Suspects, The (1995)",Crime,Crime,4.7725
574,30,Schindler's List (1993),Drama,Drama,4.633
574,31,Star Wars (1977),Sci-Fi,Action|Adventure|Sci-Fi,4.8382
575,31,Star Wars (1977),Sci-Fi,Action|Adventure|Sci-Fi,3.9018
575,1,Toy Story (1995),Animation,Animation|Childrens|Comedy,4.8304
575,33,Fargo (1996),Crime,Crime|Drama|Thriller,3.9882
575,30,Schindler's List (1993),Drama,Drama,4.8374
575,26,"Shawshank Redemption, The (1994)",Drama,Drama,4.1736
575,27,Forrest Gump (1994),Drama,Drama|Comedy|Romance,4.1921
575,12,"Usual Suspects, The (1995)",Crime,Crime,3.8887
575,34,GoodFellas (1990),Crime,Crime|Drama,4.8631
575,29,"Silence of the Lambs, The (1991)",Thriller,Thriller,4.0094
575,28,Pulp Fiction (1994),Crime,Crime,4.5561
576,33,Fargo (1996),Crime,Crime|Drama|Thriller,4.0946
576,1,Toy Story (1995),Animation,Animation|Childrens|Comedy,3.9963
576,26,"Shawshank Redemption, The (1994)",Drama,Drama,4.6845
576,12,"Usual Suspects, The (1995)",Crime,Crime,4.8996
576,34,GoodFellas (1990),Crime,Crime|Drama,3.9291
576,30,Schindler's List (1993),Drama,Drama,4.0328
576,28,Pulp Fiction (1994),Crime,Crime,4.9835
576,27,Forrest Gump (1994),Drama,Drama|Comedy|Romance,3.818
576,31,Star Wars (1977),Sci-Fi,Action|Adventure|Sci-Fi,4.4099
576,29,"Silence of the Lambs, The (1991)",Thriller,Thriller,4.4193
577,28,Pulp Fiction (1994),Crime,Crime,4.1933
577,26,"Shawshank Redemption, The (1994)",Drama,Drama,4.2808
577,31,Star Wars (1977),Sci-Fi,Action|Adventure|Sci-Fi,4.6472
577,1,Toy Story (1995),Animation,Animation|Childrens|Comedy,4.479
577,34,GoodFellas (1990),Crime,Crime|Drama,4.9104
577,12,"Usual Suspects, The (1995)",Crime,Crime,3.8305
577,30,Schindler's List (1993),Drama,Drama,4.6498
577,27,Forrest Gump (1994),Drama,Drama|Comedy|Romance,4.1964
577,29,"Silence of the Lambs, The (1991)",Thriller,Thriller,4.0163
577,33,Fargo (1996),Crime,Crime|Drama|Thriller,4.4125
578,12,"Usual Suspects, The (1995)",Crime,Crime,4.1811
578,1,Toy Story (1995),Animation,Animation|Childrens|Comedy,3.9783
578,30,Schindler's List (1993),Drama,Drama,3.8052
578,34,GoodFellas (1990),Crime,Crime|Drama,4.9643
578,33,Fargo (1996),Crime,Crime|Drama|Thriller,4.9322
578,29,"Silence of the Lambs, The (1991)",Thriller,Thriller,4.3804
578,27,Forrest Gump (1994),Drama,Drama|Comedy|Romance,4.9941
578,26,"Shawshank Redemption, The (1994)",Drama,Drama,4.6084
578,28,Pulp Fiction (1994),Crime,Crime,3.8826
578,31,Star Wars (1977),Sci-Fi,Action|Adventure|Sci-Fi,3.9413
579,34,GoodFellas (1990),Crime,Crime|Drama,4.0265
579,26,"Shawshank Redemption, The (1994)",Drama,Drama,4.2926
579,12,"Usual Suspects, The (1995)",Crime,Crime,3.9418
579,30,Schindler's List (1993),Drama,Drama,4.0001
579,33,Fargo (1996),Crime,Crime|Drama|Thriller,4.335
579,29,"Silence of the Lambs, The (1991)",Thriller,Thriller,4.2082
579,1,Toy Story (1995),Animation,Animation|Childrens|Comedy,4.3612
579,28,Pulp Fiction (1994),Crime,Crime,4.315
579,31,Star Wars (1977),Sci-Fi,Action|Adventure|Sci-Fi,4.5734
579,27,Forrest Gump (1994),Drama,Drama|Comedy|Romance,4.9246
580,31,Star Wars (1977),Sci-Fi,Action|Adventure|Sci-Fi,4.5626
580,1,Toy Story (1995),Animation,Animation|Childrens|Comedy,3.9271
580,29,"Silence of the Lambs, The (1991)",Thriller,Thriller,4.8744
580,28,Pulp Fiction (1994),Crime,Crime,4.751
580,27,Forrest Gump (1994),Drama,Drama|Comedy|Romance,4.7011
580,30,Schindler's List (1993),Drama,Drama,3.8441
580,33,Fargo (1996),Crime,Crime|Drama|Thriller,4.7588
580,34,GoodFellas (1990),Crime,Crime|Drama,3.9655
580,12,"Usual Suspects, The (1995)",Crime,Crime,4.0669
580,26,"Shawshank Redemption, The (1994)",Drama,Drama,4.4926
581,26,"Shawshank Redemption, The (1994)",Drama,Drama,4.3188
581,27,Forrest Gump (1994),Drama,Drama|Comedy|Romance,4.9113
581,30,Schindler's List (1993),Drama,Drama,4.4039
581,28,Pulp Fiction (1994),Crime,Crime,4.2173
581,31,Star Wars (1977),Sci-Fi,Action|Adventure|Sci-Fi,4.9659
581,12,"Usual Suspects, The (1995)",Crime,Crime,4.3109
581,33,Fargo (1996),Crime,Crime|Drama|Thriller,4.0774
581,34,GoodFellas (1990),Crime,Crime|Drama,4.0132
581,1,Toy Story (1995),Animation,Animation|Childrens|Comedy,4.9942
581,29,"Silence of the Lambs, The (1991)",Thriller,Thriller,4.7036
582,33,Fargo (1996),Crime,Crime|Drama|Thriller,4.0161
582,29,"Silence of the Lambs, The (1991)",Thriller,Thriller,4.4679
582,26,"Shawshank Redemption, The (1994)",Drama,Drama,4.8113
582,27,Forrest Gump (1994),Drama,Drama|Comedy|Romance,3.9834
582,1,Toy Story (1995),Animation,Animation|Childrens|Comedy,3.8393
582,28,Pulp Fiction (1994),Crime,Crime,4.0962
582,30,Schindler's List (1993),Drama,Drama,4.9757
582,31,Star Wars (1977),Sci-Fi,Action|Adventure|Sci-Fi,4.7945
582,12,"Usual Suspects, The (1995)",Crime,Crime,4.515
582,34,GoodFellas (1990),Crime,Crime|Drama,4.9151
583,26,"Shawshank Redemption, The (1994)",Drama,Drama,4.8949
583,33,Fargo (1996),Crime,Crime|Drama|Thriller,4.295
583,28,Pulp Fiction (1994),Crime,Crime,4.9299
583,29,"Silence of the Lambs, The (1991)",Thriller,Thriller,4.4201
583,34,GoodFellas (1990),Crime,Crime|Drama,4.427
583,30,Schindler's List (1993),Drama,Drama,4.5203
583,27,Forrest Gump (1994),Drama,Drama|Comedy|Romance,4.122
583,12,"Usual Suspects, The (1995)",Crime,Crime,4.26
583,31,Star Wars (1977),Sci-Fi,Action|Adventure|Sci-Fi,4.4639
583,1,Toy Story (1995),Animation,Animation|Childrens|Comedy,4.9304
584,12,"Usual Suspects, The (1995)",Crime,Crime,4.8682
584,28,Pulp Fiction (1994),Crime,Crime,4.0076
584,34,GoodFellas (1990),Crime,Crime|Drama,4.9074
584,33,Fargo (1996),Crime,Crime|Drama|Thriller,4.4273
584,1,Toy Story (1995),Animation,Animation|Childrens|Comedy,4.6587
584,30,Schindler's List (1993),Drama,Drama,3.9323
584,29,"Silence of the Lambs, The (1991)",Thriller,Thriller,4.1228
584,27,Forrest Gump (1994),Drama,Drama|Comedy|Romance,4.9502
584,31,Star Wars (1977),Sci-Fi,Action|Adventure|Sci-Fi,4.1194
584,26,"Shawshank Redemption, The (1994)",Drama,Drama,4.1558
585,28,Pulp Fiction (1994),Crime,Crime,4.1649
585,1,Toy Story (1995),Animation,Animation|Childrens|Comedy,3.9556
585,29,"Silence of the Lambs, The (1991)",Thriller,Thriller,4.0984
585,33,Fargo (1996),Crime,Crime|Drama|Thriller,4.7856
585,12,"Usual Suspects, The (1995)",Crime,Crime,4.5667
585,27,Forrest Gump (1994),Drama,Drama|Comedy|Romance,4.9397
585,26,"Shawshank Redemption, The (1994)",Drama,Drama,3.8585
585,31,Star Wars (1977),Sci-Fi,Action|Adventure|Sci-Fi,4.7509
585,34,GoodFellas (1990),Crime,Crime|Drama,4.6389
585,30,Schindler's List (1993),Drama,Drama,4.1131
586,26,"Shawshank Redemption, The (1994)",Drama,Drama,4.3598
586,34,GoodFellas (1990),Crime,Crime|Drama,4.8742
586,30,Schindler's List (1993),Drama,Drama,4.2615
586,1,Toy Story (1995),Animation,Animation|Childrens|Comedy,4.2844
586,33,Fargo (1996),Crime,Crime|Drama|Thriller,4.5301
586,31,Star Wars (1977),Sci-Fi,Action|Adventure|Sci-Fi,4.7036
586,29,"Silence of the Lambs, The (1991)",Thriller,Thriller,4.6815
586,12,"Usual Suspects, The (1995)",Crime,Crime,3.8238
586,28,Pulp Fiction (1994),Crime,Crime,4.6249
586,27,Forrest Gump (1994),Drama,Drama|Comedy|Romance,4.3407
587,33,Fargo (1996),Crime,Crime|Drama|Thriller,4.6204
587,29,"Silence of the Lambs, The (1991)",Thriller,Thriller,4.9753
587,26,"Shawshank Redemption, The (1994)",Drama,Drama,4.0127
587,34,GoodFellas (1990),Crime,Crime|Drama,4.1912
587,30,Schindler's List (1993),Drama,Drama,4.4503
587,27,Forrest Gump (1994),Drama,Drama|Comedy|Romance,4.0043
587,1,Toy Story (1995),Animation,Animation|Childrens|Comedy,3.8267
587,31,Star Wars (1977),Sci-Fi,Action|Adventure|Sci-Fi,4.2044
587,28,Pulp Fiction (1994),Crime,Crime,4.8384
587,12,"Usual Suspects, The (1995)",Crime,Crime,3.8522
588,26,"Shawshank Redemption, The (1994)",Drama,Drama,3.9462
588,30,Schindler's List (1993),Drama,Drama,4.6339
588,33,Fargo (1996),Crime,Crime|Drama|Thriller,4.3394
588,27,Forrest Gump (1994),Drama,Drama|Comedy|Romance,4.7739
588,34,GoodFellas (1990),Crime,Crime|Drama,4.4403
588,12,"Usual Suspects, The (1995)",Crime,Crime,4.2033
588,1,Toy Story (1995),Animation,Animation|Childrens|Comedy,4.1984
588,29,"Silence of the Lambs, The (1991)",Thriller,Thriller,4.877
588,28,Pulp Fiction (1994),Crime,Crime,4.3434
588,31,Star Wars (1977),Sci-Fi,Action|Adventure|Sci-Fi,4.2869
589,12,"Usual Suspects, The (1995)",Crime,Crime,4.0359
589,28,Pulp Fiction (1994),Crime,Crime,4.9451
589,30,Schindler's List (1993),Drama,Drama,4.5177
589,31,Star Wars (1977),Sci-Fi,Action|Adventure|Sci-Fi,4.7052
589,1,Toy Story (1995),Animation,Animation|Childrens|Comedy,4.6566
589,29,"Silence of the Lambs, The (1991)",Thriller,Thriller,4.8484
589,26,"Shawshank Redemption, The (1994)",Drama,Drama,4.9392
589,34,GoodFellas (1990),Crime,Crime|Drama,3.8389
589,27,Forrest Gump (1994),Drama,Drama|Comedy|Romance,4.9704
589,33,Fargo (1996),Crime,Crime|Drama|Thriller,4.8447
590,34,GoodFellas (1990),Crime,Crime|Drama,4.4445
590,33,Fargo (1996),Crime,Crime|Drama|Thriller,4.5551
590,30,Schindler's List (1993),Drama,Drama,4.9936
590,26,"Shawshank Redemption, The (1994)",Drama,Drama,4.9953
590,31,Star Wars (1977),Sci-Fi,Action|Adventure|Sci-Fi,4.8291
590,1,Toy Story (1995),Animation,Animation|Childrens|Comedy,3.8766
590,12,"Usual Suspects, The (1995)",Crime,Crime,4.9439
590,27,Forrest Gump (1994),Drama,Drama|Comedy|Romance,4.5352
590,28,Pulp Fiction (1994),Crime,Crime,4.7611
590,29,"Silence of the Lambs, The (1991)",Thriller,Thriller,4.2886
591,34,GoodFellas (1990),Crime,Crime|Drama,4.5799
591,29,"Silence of the Lambs, The (1991)",Thriller,Thriller,4.6211
591,33,Fargo (1996),Crime,Crime|Drama|Thriller,4.4643
591,12,"Usual Suspects, The (1995)",Crime,Crime,4.62
591,28,Pulp Fiction (1994),Crime,Crime,4.4285
591,1,Toy Story (1995),Animation,Animation|Childrens|Comedy,4.6312
591,31,Star Wars (1977),Sci-Fi,Action|Adventure|Sci-Fi,3.8527
591,30,Schindler's List (1993),Drama,Drama,4.2421
591,27,Forrest Gump (1994),Drama,Drama|Comedy|Romance,4.053
591,26,"Shawshank Redemption, The (1994)",Drama,Drama,3.9192
592,27,Forrest Gump (1994),Drama,Drama|Comedy|Romance,4.3397
592,1,Toy Story (1995),Animation,Animation|Childrens|Comedy,4.9056
592,30,Schindler's List (1993),Drama,Drama,4.472
592,31,Star Wars (1977),Sci-Fi,Action|Adventure|Sci-Fi,3.8541
592,34,GoodFellas (1990),Crime,Crime|Drama,4.2894
592,29,"Silence of the Lambs, The (1991)",Thriller,Thriller,4.2998
592,26,"Shawshank Redemption, The (1994)",Drama,Drama,4.9586
592,33,Fargo (1996),Crime,Crime|Drama|Thriller,4.519
592,12,"Usual Suspects, The (1995)",Crime,Crime,4.5628
592,28,Pulp Fiction (1994),Crime,Crime,4.6559
593,34,GoodFellas (1990),Crime,Crime|Drama,4.0029
593,27,Forrest Gump (1994),Drama,Drama|Comedy|Romance,4.3994
593,30,Schindler's List (1993),Drama,Drama,4.6703
593,26,"Shawshank Redemption, The (1994)",Drama,Drama,3.8999
593,28,Pulp Fiction (1994),Crime,Crime,4.5611
593,12,"Usual Suspects, The (1995)",Crime,Crime,4.8297
593,31,Star Wars (1977),Sci-Fi,Action|Adventure|Sci-Fi,4.1141
593,1,Toy Story (1995),Animation,Animation|Childrens|Comedy,4.6317
593,29,"Silence of the Lambs, The (1991)",Thriller,Thriller,4.2799
593,33,Fargo (1996),Crime,Crime|Drama|Thriller,4.297
594,34,GoodFellas (1990),Crime,Crime|Drama,3.9927
594,1,Toy Story (1995),Animation,Animation|Childrens|Comedy,4.8751
594,28,Pulp Fiction (1994),Crime,Crime,4.5145
594,12,"Usual Suspects, The (1995)",Crime,Crime,4.7899
594,29,"Silence of the Lambs, The (1991)",Thriller,Thriller,4.4544
594,27,Forrest Gump (1994),Drama,Drama|Comedy|Romance,4.064
594,26,"Shawshank Redemption, The (1994)",Drama,Drama,4.2051
594,33,Fargo (1996),Crime,Crime|Drama|Thriller,4.2578
594,31,Star Wars (1977),Sci-Fi,Action|Adventure|Sci-Fi,4.9675
594,30,Schindler's List (1993),Drama,Drama,3.8068
595,31,Star Wars (1977),Sci-Fi,Action|Adventure|Sci-Fi,4.0692
595,26,"Shawshank Redemption, The (1994)",Drama,Drama,4.9344
595,28,Pulp Fiction (1994),Crime,Crime,3.8165
595,12,"Usual Suspects, The (1995)",Crime,Crime,4.4552
595,29,"Silence of the Lambs, The (1991)",Thriller,Thriller,3.8907
595,33,Fargo (1996),Crime,Crime|Drama|Thriller,4.1437
595,30,Schindler's List (1993),Drama,Drama,3.9057
595,27,Forrest Gump (1994),Drama,Drama|Comedy|Romance,4.8314
595,34,GoodFellas (1990),Crime,Crime|Drama,4.5093
595,1,Toy Story (1995),Animation,Animation|Childrens|Comedy,4.8825
596,12,"Usual Suspects, The (1995)",Crime,Crime,4.3182
596,34,GoodFellas (1990),Crime,Crime|Drama,4.5208
596,30,Schindler's List (1993),Drama,Drama,3.8089
596,29,"Silence of the Lambs, The (1991)",Thriller,Thriller,4.2183
596,33,Fargo (1996),Crime,Crime|Drama|Thriller,4.5289
596,28,Pulp Fiction (1994),Crime,Crime,4.9423
596,27,Forrest Gump (1994),Drama,Drama|Comedy|Romance,4.2903
596,1,Toy Story (1995),Animation,Animation|Childrens|Comedy,3.9956
596,26,"Shawshank Redemption, The (1994)",Drama,Drama,4.4411
596,31,Star Wars (1977),Sci-Fi,Action|Adventure|Sci-Fi,4.1429
597,30,Schindler's List (1993),Drama,Drama,4.7859
597,34,GoodFellas (1990),Crime,Crime|Drama,4.8129
597,27,Forrest Gump (1994),Drama,Drama|Comedy|Romance,4.6844
597,26,"Shawshank Redemption, The (1994)",Drama,Drama,4.8763
597,31,Star Wars (1977),Sci-Fi,Action|Adventure|Sci-Fi,4.1874
597,29,"Silence of the Lambs, The (1991)",Thriller,Thriller,3.9058
597,33,Fargo (1996),Crime,Crime|Drama|Thriller,3.8698
597,12,"Usual Suspects, The (1995)",Crime,Crime,4.8226
597,28,Pulp Fiction (1994),Crime,Crime,4.6765
597,1,Toy Story (1995),Animation,Animation|Childrens|Comedy,4.6383
598,31,Star Wars (1977),Sci-Fi,Action|Adventure|Sci-Fi,4.1716
598,1,Toy Story (1995),Animation,Animation|Childrens|Comedy,3.8469
598,28,Pulp Fiction (1994),Crime,Crime,4.6911
598,33,Fargo (1996),Crime,Crime|Drama|Thriller,4.1971
598,27,Forrest Gump (1994),Drama,Drama|Comedy|Romance,4.6666
598,26,"Shawshank Redemption, The (1994)",Drama,Drama,4.6492
598,12,"Usual Suspects, The (1995)",Crime,Crime,4.4417
598,29,"Silence of the Lambs, The (1991)",Thriller,Thriller,4.7328
598,34,GoodFellas (1990),Crime,Crime|Drama,4.4972
598,30,Schindler's List (1993),Drama,Drama,4.144
599,12,"Usual Suspects, The (1995)",Crime,Crime,4.8593
599,28,Pulp Fiction (1994),Crime,Crime,4.334
599,26,"Shawshank Redemption, The (1994)",Drama,Drama,4.4092
599,30,Schindler's List (1993),Drama,Drama,4.2989
599,29,"Silence of the Lambs, The (1991)",Thriller,Thriller,4.3393
599,31,Star Wars (1977),Sci-Fi,Action|Adventure|Sci-Fi,4.8742
599,33,Fargo (1996),Crime,Crime|Drama|Thriller,4.7458
599,1,Toy Story (1995),Animation,Animation|Childrens|Comedy,3.9518
599,34,GoodFellas (1990),Crime,Crime|Drama,4.5324
599,27,Forrest Gump (1994),Drama,Drama|Comedy|Romance,4.9951
600,31,Star Wars (1977),Sci-Fi,Action|Adventure|Sci-Fi,4.0914
600,26,"Shawshank Redemption, The (1994)",Drama,Drama,4.353
600,34,GoodFellas (1990),Crime,Crime|Drama,4.3745
600,1,Toy Story (1995),Animation,Animation|Childrens|Comedy,4.0132
600,28,Pulp Fiction (1994),Crime,Crime,4.8514
600,27,Forrest Gump (1994),Drama,Drama|Comedy|Romance,4.431
600,12,"Usual Suspects, The (1995)",Crime,Crime,4.8401
600,29,"Silence of the Lambs, The (1991)",Thriller,Thriller,4.115
600,30,Schindler's List (1993),Drama,Drama,4.0068
600,33,Fargo (1996),Crime,Crime|Drama|Thriller,3.8216
601,34,GoodFellas (1990),Crime,Crime|Drama,4.3902
601,31,Star Wars (1977),Sci-Fi,Action|Adventure|Sci-Fi,4.436
601,1,Toy Story (1995),Animation,Animation|Childrens|Comedy,3.957
601,26,"Shawshank Redemption, The (1994)",Drama,Drama,3.9645
601,28,Pulp Fiction (1994),Crime,Crime,4.7273
601,27,Forrest Gump (1994),Drama,Drama|Comedy|Romance,4.8269
601,12,"Usual Suspects, The (1995)",Crime,Crime,4.7417
601,33,Fargo (1996),Crime,Crime|Drama|Thriller,4.8015
601,30,Schindler's List (1993),Drama,Drama,4.1319
601,29,"Silence of the Lambs, The (1991)",Thriller,Thriller,4.3593
602,31,Star Wars (1977),Sci-Fi,Action|Adventure|Sci-Fi,4.3321
602,27,Forrest Gump (1994),Drama,Drama|Comedy|Romance,3.8326
602,30,Schindler's List (1993),Drama,Drama,4.6521
602,29,"Silence of the Lambs, The (1991)",Thriller,Thriller,4.8618
602,1,Toy Story (1995),Animation,Animation|Childrens|Comedy,4.4167
602,33,Fargo (1996),Crime,Crime|Drama|Thriller,4.4973
602,28,Pulp Fiction (1994),Crime,Crime,3.9955
602,26,"Shawshank Redemption, The (1994)",Drama,Drama,4.0648
602,34,GoodFellas (1990),Crime,Crime|Drama,4.0822
602,12,"Usual Suspects, The (1995)",Crime,Crime,4.3169
603,28,Pulp Fiction (1994),Crime,Crime,4.7694
603,26,"Shawshank Redemption, The (1994)",Drama,Drama,4.6077
603,30,Schindler's List (1993),Drama,Drama,3.849
603,27,Forrest Gump (1994),Drama,Drama|Comedy|Romance,4.2209
603,33,Fargo (1996),Crime,Crime|Drama|Thriller,4.6186
603,1,Toy Story (1995),Animation,Animation|Childrens|Comedy,4.4884
603,12,"Usual Suspects, The (1995)",Crime,Crime,4.9737
603,34,GoodFellas (1990),Crime,Crime|Drama,4.8393
603,29,"Silence of the Lambs, The (1991)",Thriller,Thriller,3.8717
603,31,Star Wars (1977),Sci-Fi,Action|Adventure|Sci-Fi,4.6709
604,28,Pulp Fiction (1994),Crime,Crime,4.8675
604,33,Fargo (1996),Crime,Crime|Drama|Thriller,4.1379
604,27,Forrest Gump (1994),Drama,Drama|Comedy|Romance,4.2178
604,26,"Shawshank Redemption, The (1994)",Drama,Drama,4.5463
604,30,Schindler's List (1993),Drama,Drama,4.9598
604,29,"Silence of the Lambs, The (1991)",Thriller,Thriller,4.2459
604,1,Toy Story (1995),Animation,Animation|Childrens|Comedy,3.8388
604,31,Star Wars (1977),Sci-Fi,Action|Adventure|Sci-Fi,4.3351
604,12,"Usual Suspects, The (1995)",Crime,Crime,4.4527
604,34,GoodFellas (1990),Crime,Crime|Drama,4.7612
605,33,Fargo (1996),Crime,Crime|Drama|Thriller,4.6067
605,29,"Silence of the Lambs, The (1991)",Thriller,Thriller,4.9976
605,34,GoodFellas (1990),Crime,Crime|Drama,3.9665
605,28,Pulp Fiction (1994),Crime,Crime,4.0296
605,27,Forrest Gump (1994),Drama,Drama|Comedy|Romance,3.9866
605,12,"Usual Suspects, The (1995)",Crime,Crime,4.5069
605,1,Toy Story (1995),Animation,Animation|Childrens|Comedy,3.9624
605,26,"Shawshank Redemption, The (1994)",Drama,Drama,4.5872
605,31,Star Wars (1977),Sci-Fi,Action|Adventure|Sci-Fi,4.7645
605,30,Schindler's List (1993),Drama,Drama,4.3194
606,12,"Usual Suspects, The (1995)",Crime,Crime,4.4358
606,27,Forrest Gump (1994),Drama,Drama|Comedy|Romance,3.9859
606,33,Fargo (1996),Crime,Crime|Drama|Thriller,4.535
606,31,Star Wars (1977),Sci-Fi,Action|Adventure|Sci-Fi,4.9991
606,30,Schindler's List (1993),Drama,Drama,4.583
606,28,Pulp Fiction (1994),Crime,Crime,4.2469
606,29,"Silence of the Lambs, The (1991)",Thriller,Thriller,4.1981
606,34,GoodFellas (1990),Crime,Crime|Drama,4.9179
606,26,"Shawshank Redemption, The (1994)",Drama,Drama,4.8458
606,1,Toy Story (1995),Animation,Animation|Childrens|Comedy,4.3668
607,12,"Usual Suspects, The (1995)",Crime,Crime,4.0602
607,28,Pulp Fiction (1994),Crime,Crime,3.8074
607,27,Forrest Gump (1994),Drama,Drama|Comedy|Romance,4.557
607,29,"Silence of the Lambs, The (1991)",Thriller,Thriller,4.5373
607,33,Fargo (1996),Crime,Crime|Drama|Thriller,4.0256
607,1,Toy Story (1995),Animation,Animation|Childrens|Comedy,4.9324
607,26,"Shawshank Redemption, The (1994)",Drama,Drama,4.2915
607,30,Schindler's List (1993),Drama,Drama,3.8306
607,31,Star Wars (1977),Sci-Fi,Action|Adventure|Sci-Fi,4.0637
607,34,GoodFellas (1990),Crime,Crime|Drama,4.6305
608,27,Forrest Gump (1994),Drama,Drama|Comedy|Romance,4.9519
608,30,Schindler's List (1993),Drama,Drama,3.8684
608,33,Fargo (1996),Crime,Crime|Drama|Thriller,3.8468
608,26,"Shawshank Redemption, The (1994)",Drama,Drama,4.9846
608,12,"Usual Suspects, The (1995)",Crime,Crime,4.5738
608,31,Star Wars (1977),Sci-Fi,Action|Adventure|Sci-Fi,4.6584
608,28,Pulp Fiction (1994),Crime,Crime,3.9158
608,1,Toy Story (1995),Animation,Animation|Childrens|Comedy,3.8838
608,34,GoodFellas (1990),Crime,Crime|Drama,3.9923
608,29,"Silence of the Lambs, The (1991)",Thriller,Thriller,4.3126
609,26,"Shawshank Redemption, The (1994)",Drama,Drama,4.2502
609,30,Schindler's List (1993),Drama,Drama,3.864
609,34,GoodFellas (1990),Crime,Crime|Drama,3.9602
609,28,Pulp Fiction (1994),Crime,Crime,4.0782
609,31,Star Wars (1977),Sci-Fi,Action|Adventure|Sci-Fi,4.3155
609,12,"Usual Suspects, The (1995)",Crime,Crime,4.6578
609,27,Forrest Gump (1994),Drama,Drama|Comedy|Romance,3.9592
609,33,Fargo (1996),Crime,Crime|Drama|Thriller,4.6856
609,29,"Silence of the Lambs, The (1991)",Thriller,Thriller,4.8261
609,1,Toy Story (1995),Animation,Animation|Childrens|Comedy,4.5818
610,26,"Shawshank Redemption, The (1994)",Drama,Drama,4.2216
610,30,Schindler's List (1993),Drama,Drama,3.9424
610,28,Pulp Fiction (1994),Crime,Crime,3.9762
610,29,"Silence of the Lambs, The (1991)",Thriller,Thriller,4.0229
610,31,Star Wars (1977),Sci-Fi,Action|Adventure|Sci-Fi,4.1938
610,33,Fargo (1996),Crime,Crime|Drama|Thriller,4.8704
610,34,GoodFellas (1990),Crime,Crime|Drama,4.2419
610,1,Toy Story (1995),Animation,Animation|Childrens|Comedy,4.6692
610,12,"Usual Suspects, The (1995)",Crime,Crime,3.8993
610,27,Forrest Gump (1994),Drama,Drama|Comedy|Romance,4.5093
611,27,Forrest Gump (1994),Drama,Drama|Comedy|Romance,4.599
611,12,"Usual Suspects, The (1995)",Crime,Crime,4.1269
611,34,GoodFellas (1990),Crime,Crime|Drama,4.0813
611,31,Star Wars (1977),Sci-Fi,Action|Adventure|Sci-Fi,3.9247
611,33,Fargo (1996),Crime,Crime|Drama|Thriller,3.8606
611,26,"Shawshank Redemption, The (1994)",Drama,Drama,4.8301
611,29,"Silence of the Lambs, The (1991)",Thriller,Thriller,3.8598
611,1,Toy Story (1995),Animation,Animation|Childrens|Comedy,3.9065
611,30,Schindler's List (1993),Drama,Drama,4.0866
611,28,Pulp Fiction (1994),Crime,Crime,4.8652
612,26,"Shawshank Redemption, The (1994)",Drama,Drama,4.8761
612,12,"Usual Suspects, The (1995)",Crime,Crime,4.4737
612,30,Schindler's List (1993),Drama,Drama,4.4454
612,33,Fargo (1996),Crime,Crime|Drama|Thriller,4.1177
612,28,Pulp Fiction (1994),Crime,Crime,4.8021
612,1,Toy Story (1995),Animation,Animation|Childrens|Comedy,4.4873
612,31,Star Wars (1977),Sci-Fi,Action|Adventure|Sci-Fi,3.9866
612,27,Forrest Gump (1994),Drama,Drama|Comedy|Romance,4.0476
612,29,"Silence of the Lambs, The (1991)",Thriller,Thriller,4.3619
612,34,GoodFellas (1990),Crime,Crime|Drama,4.7356
613,29,"Silence of the Lambs, The (1991)",Thriller,Thriller,4.6273
613,30,Schindler's List (1993),Drama,Drama,4.5179
613,27,Forrest Gump (1994),Drama,Drama|Comedy|Romance,3.8636
613,12,"Usual Suspects, The (1995)",Crime,Crime,3.8941
613,31,Star Wars (1977),Sci-Fi,Action|Adventure|Sci-Fi,3.8249
613,26,"Shawshank Redemption, The (1994)",Drama,Drama,4.245
613,28,Pulp Fiction (1994),Crime,Crime,4.695
613,33,Fargo (1996),Crime,Crime|Drama|Thriller,4.0073
613,1,Toy Story (1995),Animation,Animation|Childrens|Comedy,4.527
613,34,GoodFellas (1990),Crime,Crime|Drama,4.1466
614,31,Star Wars (1977),Sci-Fi,Action|Adventure|Sci-Fi,4.1477
614,30,Schindler's List (1993),Drama,Drama,4.0207
614,34,GoodFellas (1990),Crime,Crime|Drama,4.6091
614,28,Pulp Fiction (1994),Crime,Crime,4.6235
614,12,"Usual Suspects, The (1995)",Crime,Crime,4.583
614,27,Forrest Gump (1994),Drama,Drama|Comedy|Romance,4.2987
614,26,"Shawshank Redemption, The (1994)",Drama,Drama,3.9202
614,29,"Silence of the Lambs, The (1991)",Thriller,Thriller,4.8934
614,33,Fargo (1996),Crime,Crime|Drama|Thriller,4.4093
614,1,Toy Story (1995),Animation,Animation|Childrens|Comedy,4.2884
615,31,Star Wars (1977),Sci-Fi,Action|Adventure|Sci-Fi,4.3802
615,27,Forrest Gump (1994),Drama,Drama|Comedy|Romance,4.6274
615,34,GoodFellas (1990),Crime,Crime|Drama,4.9419
615,29,"Silence of the Lambs, The (1991)",Thriller,Thriller,3.9346
615,28,Pulp Fiction (1994),Crime,Crime,4.8002
615,33,Fargo (1996),Crime,Crime|Drama|Thriller,4.5008
615,12,"Usual Suspects, The (1995)",Crime,Crime,3.9754
615,26,"Shawshank Redemption, The (1994)",Drama,Drama,4.1566
615,30,Schindler's List (1993),Drama,Drama,4.3788
615,1,Toy Story (1995),Animation,Animation|Childrens|Comedy,4.6294
616,28,Pulp Fiction (1994),Crime,Crime,4.3648
616,29,"Silence of the Lambs, The (1991)",Thriller,Thriller,4.9675
616,26,"Shawshank Redemption, The (1994)",Drama,Drama,3.8907
616,30,Schindler's List (1993),Drama,Drama,3.804
616,34,GoodFellas (1990),Crime,Crime|Drama,4.2568
616,12,"Usual Suspects, The (1995)",Crime,Crime,4.5213
616,1,Toy Story (1995),Animation,Animation|Childrens|Comedy,4.555
616,33,Fargo (1996),Crime,Crime|Drama|Thriller,4.3717
616,27,Forrest Gump (1994),Drama,Drama|Comedy|Romance,3.9499
616,31,Star Wars (1977),Sci-Fi,Action|Adventure|Sci-Fi,4.0046
617,26,"Shawshank Redemption, The (1994)",Drama,Drama,4.1976
617,34,GoodFellas (1990),Crime,Crime|Drama,3.804
617,33,Fargo (1996),Crime,Crime|Drama|Thriller,3.8561
617,31,Star Wars (1977),Sci-Fi,Action|Adventure|Sci-Fi,4.1734
617,28,Pulp Fiction (1994),Crime,Crime,4.0668
617,29,"Silence of the Lambs, The (1991)",Thriller,Thriller,3.9403
617,1,Toy Story (1995),Animation,Animation|Childrens|Comedy,3.985
617,27,Forrest Gump (1994),Drama,Drama|Comedy|Romance,4.8026
617,12,"Usual Suspects, The (1995)",Crime,Crime,4.62
617,30,Schindler's List (1993),Drama,Drama,4.3809
618,26,"Shawshank Redemption, The (1994)",Drama,Drama,4.2568
618,33,Fargo (1996),Crime,Crime|Drama|Thriller,3.8764
618,31,Star Wars (1977),Sci-Fi,Action|Adventure|Sci-Fi,3.879
618,28,Pulp Fiction (1994),Crime,Crime,3.8513
618,12,"Usual Suspects, The (1995)",Crime,Crime,4.291
618,29,"Silence of the Lambs, The (1991)",Thriller,Thriller,4.6621
618,34,GoodFellas (1990),Crime,Crime|Drama,4.0445
618,1,Toy Story (1995),Animation,Animation|Childrens|Comedy,4.5758
618,30,Schindler's List (1993),Drama,Drama,4.6245
618,27,Forrest Gump (1994),Drama,Drama|Comedy|Romance,4.1062
619,33,Fargo (1996),Crime,Crime|Drama|Thriller,4.3122
619,28,Pulp Fiction (1994),Crime,Crime,4.2701
619,26,"Shawshank Redemption, The (1994)",Drama,Drama,4.3571
619,31,Star Wars (1977),Sci-Fi,Action|Adventure|Sci-Fi,3.8915
619,29,"Silence of the Lambs, The (1991)",Thriller,Thriller,4.4638
619,1,Toy Story (1995),Animation,Animation|Childrens|Comedy,4.1944
619,27,Forrest Gump (1994),Drama,Drama|Comedy|Romance,3.9457
619,12,"Usual Suspects, The (1995)",Crime,Crime,4.3595
619,34,GoodFellas (1990),Crime,Crime|Drama,3.8041
619,30,Schindler's List (1993),Drama,Drama,4.2821
620,26,"Shawshank Redemption, The (1994)",Drama,Drama,4.1335
620,12,"Usual Suspects, The (1995)",Crime,Crime,4.3923
620,1,Toy Story (1995),Animation,Animation|Childrens|Comedy,4.324
620,27,Forrest Gump (1994),Drama,Drama|Comedy|Romance,4.1229
620,34,GoodFellas (1990),Crime,Crime|Drama,4.6405
620,30,Schindler's List (1993),Drama,Drama,3.9518
620,33,Fargo (1996),Crime,Crime|Drama|Thriller,3.8637
620,28,Pulp Fiction (1994),Crime,Crime,4.7212
620,31,Star Wars (1977),Sci-Fi,Action|Adventure|Sci-Fi,4.5991
620,29,"Silence of the Lambs, The (1991)",Thriller,Thriller,4.3982
621,30,Schindler's List (1993),Drama,Drama,4.4342
621,31,Star Wars (1977),Sci-Fi,Action|Adventure|Sci-Fi,4.6303
621,12,"Usual Suspects, The (1995)",Crime,Crime,4.6534
621,29,"Silence of the Lambs, The (1991)",Thriller,Thriller,4.2532
621,28,Pulp Fiction (1994),Crime,Crime,4.2962
621,27,Forrest Gump (1994),Drama,Drama|Comedy|Romance,4.2484
621,1,Toy Story (1995),Animation,Animation|Childrens|Comedy,4.4438
621,34,GoodFellas (1990),Crime,Crime|Drama,4.344
621,33,Fargo (1996),Crime,Crime|Drama|Thriller,4.8675
621,26,"Shawshank Redemption, The (1994)",Drama,Drama,4.6356
622,30,Schindler's List (1993),Drama,Drama,4.1945
622,29,"Silence of the Lambs, The (1991)",Thriller,Thriller,3.91
622,27,Forrest Gump (1994),Drama,Drama|Comedy|Romance,4.5028
622,33,Fargo (1996),Crime,Crime|Drama|Thriller,4.5031
622,1,Toy Story (1995),Animation,Animation|Childrens|Comedy,4.3926
622,12,"Usual Suspects, The (1995)",Crime,Crime,4.1732
622,26,"Shawshank Redemption, The (1994)",Drama,Drama,4.2423
622,34,GoodFellas (1990),Crime,Crime|Drama,4.1846
622,28,Pulp Fiction (1994),Crime,Crime,4.3114
622,31,Star Wars (1977),Sci-Fi,Action|Adventure|Sci-Fi,4.2101
623,26,"Shawshank Redemption, The (1994)",Drama,Drama,4.3905
623,1,Toy Story (1995),Animation,Animation|Childrens|Comedy,4.107
623,29,"Silence of the Lambs, The (1991)",Thriller,Thriller,3.8674
623,34,GoodFellas (1990),Crime,Crime|Drama,4.8932
623,27,Forrest Gump (1994),Drama,Drama|Comedy|Romance,4.1869
623,30,Schindler's List (1993),Drama,Drama,4.3113
623,12,"Usual Suspects, The (1995)",Crime,Crime,4.7928
623,31,Star Wars (1977),Sci-Fi,Action|Adventure|Sci-Fi,4.0001
623,28,Pulp Fiction (1994),Crime,Crime,4.8204
623,33,Fargo (1996),Crime,Crime|Drama|Thriller,4.09
624,29,"Silence of the Lambs, The (1991)",Thriller,Thriller,4.4687
624,28,Pulp Fiction (1994),Crime,Crime,4.5771
624,30,Schindler's List (1993),Drama,Drama,4.8783
624,31,Star Wars (1977),Sci-Fi,Action|Adventure|Sci-Fi,4.3402
624,33,Fargo (1996),Crime,Crime|Drama|Thriller,4.7304
624,27,Forrest Gump (1994),Drama,Drama|Comedy|Romance,4.001
624,34,GoodFellas (1990),Crime,Crime|Drama,3.9874
624,26,"Shawshank Redemption, The (1994)",Drama,Drama,4.4298
624,12,"Usual Suspects, The (1995)",Crime,Crime,4.5156
624,1,Toy Story (1995),Animation,Animation|Childrens|Comedy,4.5588
625,27,Forrest Gump (1994),Drama,Drama|Comedy|Romance,3.8808
625,29,"Silence of the Lambs, The (1991)",Thriller,Thriller,4.6964
625,26,"Shawshank Redemption, The (1994)",Drama,Drama,4.4084
625,30,Schindler's List (1993),Drama,Drama,4.0858
625,33,Fargo (1996),Crime,Crime|Drama|Thriller,4.4675
625,31,Star Wars (1977),Sci-Fi,Action|Adventure|Sci-Fi,4.2251
625,34,GoodFellas (1990),Crime,Crime|Drama,4.8047
625,1,Toy Story (1995),Animation,Animation|Childrens|Comedy,4.4338
625,28,Pulp Fiction (1994),Crime,Crime,3.8358
625,12,"Usual Suspects, The (1995)",Crime,Crime,4.9821
626,29,"Silence of the Lambs, The (1991)",Thriller,Thriller,4.7306
626,26,"Shawshank Redemption, The (1994)",Drama,Drama,4.9164
626,12,"Usual Suspects, The (1995)",Crime,Crime,4.2306
626,31,Star Wars (1977),Sci-Fi,Action|Adventure|Sci-Fi,4.7667
626,27,Forrest Gump (1994),Drama,Drama|Comedy|Romance,4.3981
626,33,Fargo (1996),Crime,Crime|Drama|Thriller,4.2759
626,30,Schindler's List (1993),Drama,Drama,4.9261
626,28,Pulp Fiction (1994),Crime,Crime,4.4125
626,1,Toy Story (1995),Animation,Animation|Childrens|Comedy,4.3609
626,34,GoodFellas (1990),Crime,Crime|Drama,4.6069
627,31,Star Wars (1977),Sci-Fi,Action|Adventure|Sci-Fi,4.1253
627,26,"Shawshank Redemption, The (1994)",Drama,Drama,4.4525
627,1,Toy Story (1995),Animation,Animation|Childrens|Comedy,4.9657
627,12,"Usual Suspects, The (1995)",Crime,Crime,4.1824
627,33,Fargo (1996),Crime,Crime|Drama|Thriller,3.9926
627,29,"Silence of the Lambs, The (1991)",Thriller,Thriller,4.4131
627,34,GoodFellas (1990),Crime,Crime|Drama,4.2654
627,27,Forrest Gump (1994),Drama,Drama|Comedy|Romance,3.9915
627,28,Pulp Fiction (1994),Crime,Crime,4.8663
627,30,Schindler's List (1993),Drama,Drama,4.9889
628,27,Forrest Gump (1994),Drama,Drama|Comedy|Romance,3.8852
628,33,Fargo (1996),Crime,Crime|Drama|Thriller,3.8119
628,1,Toy Story (1995),Animation,Animation|Childrens|Comedy,4.1672
628,12,"Usual Suspects, The (1995)",Crime,Crime,4.2708
628,34,GoodFellas (1990),Crime,Crime|Drama,4.0892
628,31,Star Wars (1977),Sci-Fi,Action|Adventure|Sci-Fi,3.8775
628,29,"Silence of the Lambs, The (1991)",Thriller,Thriller,4.4358
628,28,Pulp Fiction (1994),Crime,Crime,4.128
628,26,"Shawshank Redemption, The (1994)",Drama,Drama,4.7552
628,30,Schindler's List (1993),Drama,Drama,3.8097
629,26,"Shawshank Redemption, The (1994)",Drama,Drama,4.0509
629,28,Pulp Fiction (1994),Crime,Crime,4.9935
629,27,Forrest Gump (1994),Drama,Drama|Comedy|Romance,4.7282
629,12,"Usual Suspects, The (1995)",Crime,Crime,4.6719
629,33,Fargo (1996),Crime,Crime|Drama|Thriller,4.2333
629,31,Star Wars (1977),Sci-Fi,Action|Adventure|Sci-Fi,4.4549
629,1,Toy Story (1995),Animation,Animation|Childrens|Comedy,4.5847
629,29,"Silence of the Lambs, The (1991)",Thriller,Thriller,4.5444
629,34,GoodFellas (1990),Crime,Crime|Drama,4.646
629,30,Schindler's List (1993),Drama,Drama,3.8989
630,31,Star Wars (1977),Sci-Fi,Action|Adventure|Sci-Fi,4.94
630,28,Pulp Fiction (1994),Crime,Crime,4.6568
630,1,Toy Story (1995),Animation,Animation|Childrens|Comedy,3.9238
630,34,GoodFellas (1990),Crime,Crime|Drama,3.9938
630,29,"Silence of the Lambs, The (1991)",Thriller,Thriller,4.4021
630,30,Schindler's List (1993),Drama,Drama,4.9098
630,26,"Shawshank Redemption, The (1994)",Drama,Drama,4.0967
630,12,"Usual Suspects, The (1995)",Crime,Crime,4.7907
630,27,Forrest Gump (1994),Drama,Drama|Comedy|Romance,4.1747
630,33,Fargo (1996),Crime,Crime|Drama|Thriller,4.1239
631,33,Fargo (1996),Crime,Crime|Drama|Thriller,4.7953
631,26,"Shawshank Redemption, The (1994)",Drama,Drama,4.872
631,1,Toy Story (1995),Animation,Animation|Childrens|Comedy,4.0233
631,29,"Silence of the Lambs, The (1991)",Thriller,Thriller,3.9494
631,34,GoodFellas (1990),Crime,Crime|Drama,4.4042
631,27,Forrest Gump (1994),Drama,Drama|Comedy|Romance,4.126
631,28,Pulp Fiction (1994),Crime,Crime,4.5276
631,12,"Usual Suspects, The (1995)",Crime,Crime,4.4165
631,31,Star Wars (1977),Sci-Fi,Action|Adventure|Sci-Fi,3.9738
631,30,Schindler's List (1993),Drama,Drama,4.6871
632,26,"Shawshank Redemption, The (1994)",Drama,Drama,4.7417
632,27,Forrest Gump (1994),Drama,Drama|Comedy|Romance,4.4368
632,12,"Usual Suspects, The (1995)",Crime,Crime,3.9229
632,1,Toy Story (1995),Animation,Animation|Childrens|Comedy,4.6517
632,28,Pulp Fiction (1994),Crime,Crime,4.2354
632,33,Fargo (1996),Crime,Crime|Drama|Thriller,3.9028
632,30,Schindler's List (1993),Drama,Drama,4.811
632,34,GoodFellas (1990),Crime,Crime|Drama,4.2059
632,31,Star Wars (1977),Sci-Fi,Action|Adventure|Sci-Fi,4.0619
632,29,"Silence of the Lambs, The (1991)",Thriller,Thriller,4.8457
633,27,Forrest Gump (1994),Drama,Drama|Comedy|Romance,3.8758
633,28,Pulp Fiction (1994),Crime,Crime,4.512
633,34,GoodFellas (1990),Crime,Crime|Drama,4.9434
633,12,"Usual Suspects, The (1995)",Crime,Crime,4.1145
633,30,Schindler's List (1993),Drama,Drama,4.8906
633,31,Star Wars (1977),Sci-Fi,Action|Adventure|Sci-Fi,4.9402
633,26,"Shawshank Redemption, The (1994)",Drama,Drama,4.123
633,33,Fargo (1996),Crime,Crime|Drama|Thriller,4.705
633,1,Toy Story (1995),Animation,Animation|Childrens|Comedy,4.0865
633,29,"Silence of the Lambs, The (1991)",Thriller,Thriller,4.6851
634,31,Star Wars (1977),Sci-Fi,Action|Adventure|Sci-Fi,4.4276
634,34,GoodFellas (1990),Crime,Crime|Drama,4.4872
634,28,Pulp Fiction (1994),Crime,Crime,4.1382
634,26,"Shawshank Redemption, The (1994)",Drama,Drama,4.9896
634,30,Schindler's List (1993),Drama,Drama,4.2028
634,33,Fargo (1996),Crime,Crime|Drama|Thriller,4.0523
634,29,"Silence of the Lambs, The (1991)",Thriller,Thriller,3.9322
634,12,"Usual Suspects, The (1995)",Crime,Crime,4.2542
634,27,Forrest Gump (1994),Drama,Drama|Comedy|Romance,4.6311
634,1,Toy Story (1995),Animation,Animation|Childrens|Comedy,4.0777
635,33,Fargo (1996),Crime,Crime|Drama|Thriller,4.5174
635,1,Toy Story (1995),Animation,Animation|Childrens|Comedy,4.7587
635,29,"Silence of the Lambs, The (1991)",Thriller,Thriller,4.5147
635,26,"Shawshank Redemption, The (1994)",Drama,Drama,4.4138
635,27,Forrest Gump (1994),Drama,Drama|Comedy|Romance,4.806
635,12,"Usual Suspects, The (1995)",Crime,Crime,4.9825
635,31,Star Wars (1977),Sci-Fi,Action|Adventure|Sci-Fi,4.0176
635,34,GoodFellas (1990),Crime,Crime|Drama,4.6296
635,30,Schindler's List (1993),Drama,Drama,3.8968
635,28,Pulp Fiction (1994),Crime,Crime,3.8514
636,1,Toy Story (1995),Animation,Animation|Childrens|Comedy,4.5486
636,33,Fargo (1996),Crime,Crime|Drama|Thriller,4.6349
636,26,"Shawshank Redemption, The (1994)",Drama,Drama,4.1863
636,27,Forrest Gump (1994),Drama,Drama|Comedy|Romance,4.7782
636,34,GoodFellas (1990),Crime,Crime|Drama,4.46
636,31,Star Wars (1977),Sci-Fi,Action|Adventure|Sci-Fi,4.8428
636,12,"Usual Suspects, The (1995)",Crime,Crime,4.716
636,30,Schindler's List (1993),Drama,Drama,4.8423
636,28,Pulp Fiction (1994),Crime,Crime,3.8242
636,29,"Silence of the Lambs, The (1991)",Thriller,Thriller,4.0922
637,31,Star Wars (1977),Sci-Fi,Action|Adventure|Sci-Fi,4.7096
637,28,Pulp Fiction (1994),Crime,Crime,4.6025
637,27,Forrest Gump (1994),Drama,Drama|Comedy|Romance,4.6739
637,12,"Usual Suspects, The (1995)",Crime,Crime,4.9379
637,34,GoodFellas (1990),Crime,Crime|Drama,4.3095
637,1,Toy Story (1995),Animation,Animation|Childrens|Comedy,4.2111
637,33,Fargo (1996),Crime,Crime|Drama|Thriller,4.6206
637,30,Schindler's List (1993),Drama,Drama,4.7691
637,26,"Shawshank Redemption, The (1994)",Drama,Drama,4.0297
637,29,"Silence of the Lambs, The (1991)",Thriller,Thriller,4.8162
638,31,Star Wars (1977),Sci-Fi,Action|Adventure|Sci-Fi,4.332
638,30,Schindler's List (1993),Drama,Drama,4.0067
638,29,"Silence of the Lambs, The (1991)",Thriller,Thriller,4.676
638,33,Fargo (1996),Crime,Crime|Drama|Thriller,4.0214
638,12,"Usual Suspects, The (1995)",Crime,Crime,4.216
638,34,GoodFellas (1990),Crime,Crime|Drama,4.5959
638,27,Forrest Gump (1994),Drama,Drama|Comedy|Romance,4.3785
638,1,Toy Story (1995),Animation,Animation|Childrens|Comedy,4.6863
638,28,Pulp Fiction (1994),Crime,Crime,4.9534
638,26,"Shawshank Redemption, The (1994)",Drama,Drama,3.9399
639,29,"Silence of the Lambs, The (1991)",Thriller,Thriller,4.7528
639,31,Star Wars (1977),Sci-Fi,Action|Adventure|Sci-Fi,4.8751
639,33,Fargo (1996),Crime,Crime|Drama|Thriller,4.1394
639,28,Pulp Fiction (1994),Crime,Crime,4.0284
639,27,Forrest Gump (1994),Drama,Drama|Comedy|Romance,3.8321
639,12,"Usual Suspects, The (1995)",Crime,Crime,4.9372
639,1,Toy Story (1995),Animation,Animation|Childrens|Comedy,4.6206
639,30,Schindler's List (1993),Drama,Drama,4.9484
639,26,"Shawshank Redemption, The (1994)",Drama,Drama,4.8366
639,34,GoodFellas (1990),Crime,Crime|Drama,4.2086
640,1,Toy Story (1995),Animation,Animation|Childrens|Comedy,3.935
640,31,Star Wars (1977),Sci-Fi,Action|Adventure|Sci-Fi,4.6691
640,29,"Silence of the Lambs, The (1991)",Thriller,Thriller,4.2628
640,28,Pulp Fiction (1994),Crime,Crime,3.8881
640,12,"Usual Suspects, The (1995)",Crime,Crime,4.7753
640,26,"Shawshank Redemption, The (1994)",Drama,Drama,4.4956
640,30,Schindler's List (1993),Drama,Drama,4.0829
640,34,GoodFellas (1990),Crime,Crime|Drama,4.8736
640,33,Fargo (1996),Crime,Crime|Drama|Thriller,3.8543
640,27,Forrest Gump (1994),Drama,Drama|Comedy|Romance,4.0422
641,29,"Silence of the Lambs, The (1991)",Thriller,Thriller,4.0349
641,12,"Usual Suspects, The (1995)",Crime,Crime,4.4193
641,28,Pulp Fiction (1994),Crime,Crime,4.8923
641,31,Star Wars (1977),Sci-Fi,Action|Adventure|Sci-Fi,3.8523
641,33,Fargo (1996),Crime,Crime|Drama|Thriller,4.719
641,26,"Shawshank Redemption, The (1994)",Drama,Drama,4.487
641,34,GoodFellas (1990),Crime,Crime|Drama,4.3105
641,1,Toy Story (1995),Animation,Animation|Childrens|Comedy,4.6929
641,30,Schindler's List (1993),Drama,Drama,4.959
641,27,Forrest Gump (1994),Drama,Drama|Comedy|Romance,4.075
642,27,Forrest Gump (1994),Drama,Drama|Comedy|Romance,4.7276
642,26,"Shawshank Redemption, The (1994)",Drama,Drama,4.9039
642,30,Schindler's List (1993),Drama,Drama,4.3122
642,34,GoodFellas (1990),Crime,Crime|Drama,4.1521
642,12,"Usual Suspects, The (1995)",Crime,Crime,4.5676
642,1,Toy Story (1995),Animation,Animation|Childrens|Comedy,4.2989
642,31,Star Wars (1977),Sci-Fi,Action|Adventure|Sci-Fi,4.5135
642,29,"Silence of the Lambs, The (1991)",Thriller,Thriller,4.304
642,28,Pulp Fiction (1994),Crime,Crime,3.9836
642,33,Fargo (1996),Crime,Crime|Drama|Thriller,4.3633
643,26,"Shawshank Redemption, The (1994)",Drama,Drama,4.0624
643,27,Forrest Gump (1994),Drama,Drama|Comedy|Romance,4.6032
643,33,Fargo (1996),Crime,Crime|Drama|Thriller,4.1432
643,31,Star Wars (1977),Sci-Fi,Action|Adventure|Sci-Fi,4.5195
643,30,Schindler's List (1993),Drama,Drama,4.9584
643,29,"Silence of the Lambs, The (1991)",Thriller,Thriller,4.7519
643,1,Toy Story (1995),Animation,Animation|Childrens|Comedy,4.1995
643,28,Pulp Fiction (1994),Crime,Crime,4.3669
643,34,GoodFellas (1990),Crime,Crime|Drama,4.0408
643,12,"Usual Suspects, The (1995)",Crime,Crime,3.8189
644,26,"Shawshank Redemption, The (1994)",Drama,Drama,4.4923
644,12,"Usual Suspects, The (1995)",Crime,Crime,4.3059
644,28,Pulp Fiction (1994),Crime,Crime,4.5167
644,33,Fargo (1996),Crime,Crime|Drama|Thriller,4.9367
644,27,Forrest Gump (1994),Drama,Drama|Comedy|Romance,4.0315
644,30,Schindler's List (1993),Drama,Drama,4.8869
644,34,GoodFellas (1990),Crime,Crime|Drama,3.8641
644,29,"Silence of the Lambs, The (1991)",Thriller,Thriller,4.1701
644,1,Toy Story (1995),Animation,Animation|Childrens|Comedy,4.1458
644,31,Star Wars (1977),Sci-Fi,Action|Adventure|Sci-Fi,4.5516
645,28,Pulp Fiction (1994),Crime,Crime,4.7969
645,27,Forrest Gump (1994),Drama,Drama|Comedy|Romance,4.3992
645,34,GoodFellas (1990),Crime,Crime|Drama,4.6422
645,12,"Usual Suspects, The (1995)",Crime,Crime,4.4803
645,1,Toy Story (1995),Animation,Animation|Childrens|Comedy,4.5055
645,26,"Shawshank Redemption, The (1994)",Drama,Drama,4.1972
645,29,"Silence of the Lambs, The (1991)",Thriller,Thriller,4.3545
645,31,Star Wars (1977),Sci-Fi,Action|Adventure|Sci-Fi,3.8937
645,33,Fargo (1996),Crime,Crime|Drama|Thriller,4.2288
645,30,Schindler's List (1993),Drama,Drama,4.635
646,30,Schindler's List (1993),Drama,Drama,4.434
646,31,Star Wars (1977),Sci-Fi,Action|Adventure|Sci-Fi,4.5392
646,12,"Usual Suspects, The (1995)",Crime,Crime,4.9305
646,26,"Shawshank Redemption, The (1994)",Drama,Drama,4.9414
646,33,Fargo (1996),Crime,Crime|Drama|Thriller,4.7974
646,28,Pulp Fiction (1994),Crime,Crime,4.0299
646,27,Forrest Gump (1994),Drama,Drama|Comedy|Romance,4.2002
646,34,GoodFellas (1990),Crime,Crime|Drama,4.3854
646,29,"Silence of the Lambs, The (1991)",Thriller,Thriller,4.8866
646,1,Toy Story (1995),Animation,Animation|Childrens|Comedy,4.425
647,30,Schindler's List (1993),Drama,Drama,4.3915
647,12,"Usual Suspects, The (1995)",Crime,Crime,4.6256
647,26,"Shawshank Redemption, The (1994)",Drama,Drama,4.5824
647,27,Forrest Gump (1994),Drama,Drama|Comedy|Romance,4.5214
647,1,Toy Story (1995),Animation,Animation|Childrens|Comedy,4.9098
647,34,GoodFellas (1990),Crime,Crime|Drama,4.0742
647,31,Star Wars (1977),Sci-Fi,Action|Adventure|Sci-Fi,4.3925
647,33,Fargo (1996),Crime,Crime|Drama|Thriller,4.8608
647,28,Pulp Fiction (1994),Crime,Crime,3.8935
647,29,"Silence of the Lambs, The (1991)",Thriller,Thriller,3.8671
648,26,"Shawshank Redemption, The (1994)",Drama,Drama,4.5363
648,30,Schindler's List (1993),Drama,Drama,4.0983
648,34,GoodFellas (1990),Crime,Crime|Drama,4.1608
648,31,Star Wars (1977),Sci-Fi,Action|Adventure|Sci-Fi,4.5363
648,29,"Silence of the Lambs, The (1991)",Thriller,Thriller,4.9349
648,1,Toy Story (1995),Animation,Animation|Childrens|Comedy,4.6097
648,33,Fargo (1996),Crime,Crime|Drama|Thriller,4.7395
648,27,Forrest Gump (1994),Drama,Drama|Comedy|Romance,4.2402
648,12,"Usual Suspects, The (1995)",Crime,Crime,4.1267
648,28,Pulp Fiction (1994),Crime,Crime,4.3451
649,29,"Silence of the Lambs, The (1991)",Thriller,Thriller,3.8687
649,27,Forrest Gump (1994),Drama,Drama|Comedy|Romance,4.507
649,34,GoodFellas (1990),Crime,Crime|Drama,4.5003
649,26,"Shawshank Redemption, The (1994)",Drama,Drama,3.8436
649,31,Star Wars (1977),Sci-Fi,Action|Adventure|Sci-Fi,4.0695
649,1,Toy Story (1995),Animation,Animation|Childrens|Comedy,4.8867
649,28,Pulp Fiction (1994),Crime,Crime,4.4534
649,12,"Usual Suspects, The (1995)",Crime,Crime,4.3237
649,33,Fargo (1996),Crime,Crime|Drama|Thriller,4.2986
649,30,Schindler's List (1993),Drama,Drama,4.8658
650,31,Star Wars (1977),Sci-Fi,Action|Adventure|Sci-Fi,3.8616
650,33,Fargo (1996),Crime,Crime|Drama|Thriller,4.5298
650,29,"Silence of the Lambs, The (1991)",Thriller,Thriller,4.5705
650,27,Forrest Gump (1994),Drama,Drama|Comedy|Romance,4.5983
650,34,GoodFellas (1990),Crime,Crime|Drama,4.2463
650,28,Pulp Fiction (1994),Crime,Crime,4.7671
650,1,Toy Story (1995),Animation,Animation|Childrens|Comedy,4.4403
650,26,"Shawshank Redemption, The (1994)",Drama,Drama,3.9266
650,12,"Usual Suspects, The (1995)",Crime,Crime,4.7565
650,30,Schindler's List (1993),Drama,Drama,4.9437
651,30,Schindler's List (1993),Drama,Drama,4.6052
651,28,Pulp Fiction (1994),Crime,Crime,4.5177
651,31,Star Wars (1977),Sci-Fi,Action|Adventure|Sci-Fi,4.0306
651,26,"Shawshank Redemption, The (1994)",Drama,Drama,4.0648
651,34,GoodFellas (1990),Crime,Crime|Drama,3.8568
651,33,Fargo (1996),Crime,Crime|Drama|Thriller,4.0889
651,29,"Silence of the Lambs, The (1991)",Thriller,Thriller,4.2145
651,27,Forrest Gump (1994),Drama,Drama|Comedy|Romance,4.7998
651,1,Toy Story (1995),Animation,Animation|Childrens|Comedy,4.2397
651,12,"Usual Suspects, The (1995)",Crime,Crime,4.7055
652,34,GoodFellas (1990),Crime,Crime|Drama,4.5462
652,33,Fargo (1996),Crime,Crime|Drama|Thriller,4.7808
652,26,"Shawshank Redemption, The (1994)",Drama,Drama,4.5819
652,1,Toy Story (1995),Animation,Animation|Childrens|Comedy,4.3087
652,28,Pulp Fiction (1994),Crime,Crime,4.0737
652,12,"Usual Suspects, The (1995)",Crime,Crime,3.884
652,29,"Silence of the Lambs, The (1991)",Thriller,Thriller,4.4426
652,30,Schindler's List (1993),Drama,Drama,4.9884
652,27,Forrest Gump (1994),Drama,Drama|Comedy|Romance,4.6857
652,31,Star Wars (1977),Sci-Fi,Action|Adventure|Sci-Fi,4.1928
653,27,Forrest Gump (1994),Drama,Drama|Comedy|Romance,4.1543
653,28,Pulp Fiction (1994),Crime,Crime,4.1422
653,26,"Shawshank Redemption, The (1994)",Drama,Drama,4.7514
653,1,Toy Story (1995),Animation,Animation|Childrens|Comedy,4.9253
653,29,"Silence of the Lambs, The (1991)",Thriller,Thriller,4.735
653,33,Fargo (1996),Crime,Crime|Drama|Thriller,4.5267
653,34,GoodFellas (1990),Crime,Crime|Drama,4.0912
653,30,Schindler's List (1993),Drama,Drama,4.4309
653,12,"Usual Suspects, The (1995)",Crime,Crime,4.0802
653,31,Star Wars (1977),Sci-Fi,Action|Adventure|Sci-Fi,4.7696
654,12,"Usual Suspects, The (1995)",Crime,Crime,4.5587
654,30,Schindler's List (1993),Drama,Drama,4.1054
654,1,Toy Story (1995),Animation,Animation|Childrens|Comedy,4.834
654,28,Pulp Fiction (1994),Crime,Crime,4.4125
654,27,Forrest Gump (1994),Drama,Drama|Comedy|Romance,4.2574
654,31,Star Wars (1977),Sci-Fi,Action|Adventure|Sci-Fi,4.5257
654,29,"Silence of the Lambs, The (1991)",Thriller,Thriller,4.6407
654,26,"Shawshank Redemption, The (1994)",Drama,Drama,4.5126
654,33,Fargo (1996),Crime,Crime|Drama|Thriller,4.9043
654,34,GoodFellas (1990),Crime,Crime|Drama,4.5536
655,29,"Silence of the Lambs, The (1991)",Thriller,Thriller,4.1937
655,31,Star Wars (1977),Sci-Fi,Action|Adventure|Sci-Fi,4.2857
655,33,Fargo (1996),Crime,Crime|Drama|Thriller,4.7872
655,1,Toy Story (1995),Animation,Animation|Childrens|Comedy,4.5122
655,26,"Shawshank Redemption, The (1994)",Drama,Drama,4.9968
655,27,Forrest Gump (1994),Drama,Drama|Comedy|Romance,4.7443
655,28,Pulp Fiction (1994),Crime,Crime,4.1284
655,12,"Usual Suspects, The (1995)",Crime,Crime,4.1172
655,30,Schindler's List (1993),Drama,Drama,4.2031
655,34,GoodFellas (1990),Crime,Crime|Drama,4.8119
656,34,GoodFellas (1990),Crime,Crime|Drama,4.1074
656,27,Forrest Gump (1994),Drama,Drama|Comedy|Romance,4.3046
656,29,"Silence of the Lambs, The (1991)",Thriller,Thriller,4.8015
656,31,Star Wars (1977),Sci-Fi,Action|Adventure|Sci-Fi,4.7252
656,1,Toy Story (1995),Animation,Animation|Childrens|Comedy,4.7767
656,33,Fargo (1996),Crime,Crime|Drama|Thriller,4.4221
656,12,"Usual Suspects, The (1995)",Crime,Crime,4.8939
656,30,Schindler's List (1993),Drama,Drama,4.1911
656,26,"Shawshank Redemption, The (1994)",Drama,Drama,3.988
656,28,Pulp Fiction (1994),Crime,Crime,4.6505
657,33,Fargo (1996),Crime,Crime|Drama|Thriller,4.3777
657,31,Star Wars (1977),Sci-Fi,Action|Adventure|Sci-Fi,4.9885
657,12,"Usual Suspects, The (1995)",Crime,Crime,4.3366
657,30,Schindler's List (1993),Drama,Drama,4.9002
657,1,Toy Story (1995),Animation,Animation|Childrens|Comedy,4.7142
657,29,"Silence of the Lambs, The (1991)",Thriller,Thriller,4.1972
657,26,"Shawshank Redemption, The (1994)",Drama,Drama,4.4037
657,27,Forrest Gump (1994),Drama,Drama|Comedy|Romance,4.2612
657,28,Pulp Fiction (1994),Crime,Crime,3.9635
657,34,GoodFellas (1990),Crime,Crime|Drama,4.2281
658,29,"Silence of the Lambs, The (1991)",Thriller,Thriller,4.4009
658,33,Fargo (1996),Crime,Crime|Drama|Thriller,4.2587
658,28,Pulp Fiction (1994),Crime,Crime,4.8784
658,30,Schindler's List (1993),Drama,Drama,4.0928
658,12,"Usual Suspects, The (1995)",Crime,Crime,4.1429
658,34,GoodFellas (1990),Crime,Crime|Drama,3.9469
658,31,Star Wars (1977),Sci-Fi,Action|Adventure|Sci-Fi,4.7109
658,26,"Shawshank Redemption, The (1994)",Drama,Drama,4.5147
658,1,Toy Story (1995),Animation,Animation|Childrens|Comedy,4.5309
658,27,Forrest Gump (1994),Drama,Drama|Comedy|Romance,4.0622
659,29,"Silence of the Lambs, The (1991)",Thriller,Thriller,4.7098
659,27,Forrest Gump (1994),Drama,Drama|Comedy|Romance,3.8405
659,26,"Shawshank Redemption, The (1994)",Drama,Drama,4.4614
659,34,GoodFellas (1990),Crime,Crime|Drama,4.9634
659,33,Fargo (1996),Crime,Crime|Drama|Thriller,4.9775
659,28,Pulp Fiction (1994),Crime,Crime,4.1381
659,30,Schindler's List (1993),Drama,Drama,4.3297
659,1,Toy Story (1995),Animation,Animation|Childrens|Comedy,3.8756
659,12,"Usual Suspects, The (1995)",Crime,Crime,4.848
659,31,Star Wars (1977),Sci-Fi,Action|Adventure|Sci-Fi,4.4823
660,1,Toy Story (1995),Animation,Animation|Childrens|Comedy,4.2203
660,28,Pulp Fiction (1994),Crime,Crime,4.1248
660,29,"Silence of the Lambs, The (1991)",Thriller,Thriller,4.5222
660,31,Star Wars (1977),Sci-Fi,Action|Adventure|Sci-Fi,4.916
660,34,GoodFellas (1990),Crime,Crime|Drama,4.828
660,12,"Usual Suspects, The (1995)",Crime,Crime,4.3525
660,30,Schindler's List (1993),Drama,Drama,4.7918
660,27,Forrest Gump (1994),Drama,Drama|Comedy|Romance,4.3077
660,26,"Shawshank Redemption, The (1994)",Drama,Drama,4.1028
660,33,Fargo (1996),Crime,Crime|Drama|Thriller,4.9801
661,34,GoodFellas (1990),Crime,Crime|Drama,4.923
661,33,Fargo (1996),Crime,Crime|Drama|Thriller,4.4142
661,1,Toy Story (1995),Animation,Animation|Childrens|Comedy,3.803
661,31,Star Wars (1977),Sci-Fi,Action|Adventure|Sci-Fi,4.2501
661,27,Forrest Gump (1994),Drama,Drama|Comedy|Romance,3.9339
661,29,"Silence of the Lambs, The (1991)",Thriller,Thriller,4.2994
661,12,"Usual Suspects, The (1995)",Crime,Crime,4.748
661,26,"Shawshank Redemption, The (1994)",Drama,Drama,4.3265
661,30,Schindler's List (1993),Drama,Drama,4.3183
661,28,Pulp Fiction (1994),Crime,Crime,4.4681
662,1,Toy Story (1995),Animation,Animation|Childrens|Comedy,3.9201
662,28,Pulp Fiction (1994),Crime,Crime,3.8498
662,12,"Usual Suspects, The (1995)",Crime,Crime,4.1185
662,33,Fargo (1996),Crime,Crime|Drama|Thriller,4.0147
662,34,GoodFellas (1990),Crime,Crime|Drama,4.5798
662,30,Schindler's List (1993),Drama,Drama,4.8164
662,26,"Shawshank Redemption, The (1994)",Drama,Drama,4.1751
662,27,Forrest Gump (1994),Drama,Drama|Comedy|Romance,4.4933
662,29,"Silence of the Lambs, The (1991)",Thriller,Thriller,4.6764
662,31,Star Wars (1977),Sci-Fi,Action|Adventure|Sci-Fi,4.2782
663,28,Pulp Fiction (1994),Crime,Crime,4.6841
663,30,Schindler's List (1993),Drama,Drama,4.2189
663,26,"Shawshank Redemption, The (1994)",Drama,Drama,4.9333
663,12,"Usual Suspects, The (1995)",Crime,Crime,4.6511
663,33,Fargo (1996),Crime,Crime|Drama|Thriller,4.3062
663,31,Star Wars (1977),Sci-Fi,Action|Adventure|Sci-Fi,4.3118
663,1,Toy Story (1995),Animation,Animation|Childrens|Comedy,4.9024
663,27,Forrest Gump (1994),Drama,Drama|Comedy|Romance,4.4917
663,34,GoodFellas (1990),Crime,Crime|Drama,4.6477
663,29,"Silence of the Lambs, The (1991)",Thriller,Thriller,4.3004
664,26,"Shawshank Redemption, The (1994)",Drama,Drama,4.7486
664,12,"Usual Suspects, The (1995)",Crime,Crime,3.964
664,30,Schindler's List (1993),Drama,Drama,4.2344
664,31,Star Wars (1977),Sci-Fi,Action|Adventure|Sci-Fi,4.3567
664,34,GoodFellas (1990),Crime,Crime|Drama,4.3086
664,28,Pulp Fiction (1994),Crime,Crime,4.3197
664,1,Toy Story (1995),Animation,Animation|Childrens|Comedy,4.3338
664,29,"Silence of the Lambs, The (1991)",Thriller,Thriller,4.9866
664,33,Fargo (1996),Crime,Crime|Drama|Thriller,4.0318
664,27,Forrest Gump (1994),Drama,Drama|Comedy|Romance,4.7224
665,1,Toy Story (1995),Animation,Animation|Childrens|Comedy,3.9126
665,31,Star Wars (1977),Sci-Fi,Action|Adventure|Sci-Fi,4.5837
665,33,Fargo (1996),Crime,Crime|Drama|Thriller,4.1998
665,29,"Silence of the Lambs, The (1991)",Thriller,Thriller,4.2641
665,30,Schindler's List (1993),Drama,Drama,4.4852
665,28,Pulp Fiction (1994),Crime,Crime,4.3759
665,26,"Shawshank Redemption, The (1994)",Drama,Drama,4.2581
665,12,"Usual Suspects, The (1995)",Crime,Crime,4.17
665,34,GoodFellas (1990),Crime,Crime|Drama,4.542
665,27,Forrest Gump (1994),Drama,Drama|Comedy|Romance,4.4067
666,28,Pulp Fiction (1994),Crime,Crime,3.9094
666,27,Forrest Gump (1994),Drama,Drama|Comedy|Romance,3.9766
666,26,"Shawshank Redemption, The (1994)",Drama,Drama,4.4106
666,29,"Silence of the Lambs, The (1991)",Thriller,Thriller,4.9063
666,31,Star Wars (1977),Sci-Fi,Action|Adventure|Sci-Fi,4.8315
666,1,Toy Story (1995),Animation,Animation|Childrens|Comedy,4.9625
666,30,Schindler's List (1993),Drama,Drama,4.5806
666,33,Fargo (1996),Crime,Crime|Drama|Thriller,4.611
666,34,GoodFellas (1990),Crime,Crime|Drama,4.55
666,12,"Usual Suspects, The (1995)",Crime,Crime,4.5474
667,1,Toy Story (1995),Animation,Animation|Childrens|Comedy,4.1546
667,26,"Shawshank Redemption, The (1994)",Drama,Drama,4.3558
667,31,Star Wars (1977),Sci-Fi,Action|Adventure|Sci-Fi,4.8578
667,34,GoodFellas (1990),Crime,Crime|Drama,4.8841
667,30,Schindler's List (1993),Drama,Drama,4.5912
667,27,Forrest Gump (1994),Drama,Drama|Comedy|Romance,4.6791
667,28,Pulp Fiction (1994),Crime,Crime,3.8472
667,29,"Silence of the Lambs, The (1991)",Thriller,Thriller,4.5255
667,12,"Usual Suspects, The (1995)",Crime,Crime,4.6268
667,33,Fargo (1996),Crime,Crime|Drama|Thriller,3.8245
668,12,"Usual Suspects, The (1995)",Crime,Crime,4.4968
668,28,Pulp Fiction (1994),Crime,Crime,4.8118
668,34,GoodFellas (1990),Crime,Crime|Drama,4.1427
668,30,Schindler's List (1993),Drama,Drama,4.749
668,31,Star Wars (1977),Sci-Fi,Action|Adventure|Sci-Fi,4.1774
668,33,Fargo (1996),Crime,Crime|Drama|Thriller,4.7449
668,29,"Silence of the Lambs, The (1991)",Thriller,Thriller,4.3413
668,26,"Shawshank Redemption, The (1994)",Drama,Drama,3.9403
668,1,Toy Story (1995),Animation,Animation|Childrens|Comedy,4.2578
668,27,Forrest Gump (1994),Drama,Drama|Comedy|Romance,4.0802
669,33,Fargo (1996),Crime,Crime|Drama|Thriller,4.2859
669,34,GoodFellas (1990),Crime,Crime|Drama,3.8303
669,31,Star Wars (1977),Sci-Fi,Action|Adventure|Sci-Fi,4.5235
669,26,"Shawshank Redemption, The (1994)",Drama,Drama,4.1476
669,12,"Usual Suspects, The (1995)",Crime,Crime,4.3195
669,1,Toy Story (1995),Animation,Animation|Childrens|Comedy,4.3862
669,30,Schindler's List (1993),Drama,Drama,3.8774
669,29,"Silence of the Lambs, The (1991)",Thriller,Thriller,4.3832
669,27,Forrest Gump (1994),Drama,Drama|Comedy|Romance,4.3116
669,28,Pulp Fiction (1994),Crime,Crime,4.6551
670,12,"Usual Suspects, The (1995)",Crime,Crime,4.4255
670,33,Fargo (1996),Crime,Crime|Drama|Thriller,4.3653
670,34,GoodFellas (1990),Crime,Crime|Drama,4.1683
670,26,"Shawshank Redemption, The (1994)",Drama,Drama,4.8487
670,29,"Silence of the Lambs, The (1991)",Thriller,Thriller,4.6992
670,27,Forrest Gump (1994),Drama,Drama|Comedy|Romance,4.8297
670,28,Pulp Fiction (1994),Crime,Crime,3.9942
670,1,Toy Story (1995),Animation,Animation|Childrens|Comedy,4.6309
670,31,Star Wars (1977),Sci-Fi,Action|Adventure|Sci-Fi,4.9701
670,30,Schindler's List (1993),Drama,Drama,4.5343
671,28,Pulp Fiction (1994),Crime,Crime,4.3952
671,34,GoodFellas (1990),Crime,Crime|Drama,4.0953
671,30,Schindler's List (1993),Drama,Drama,4.4984
671,29,"Silence of the Lambs, The (1991)",Thriller,Thriller,4.3039
671,26,"Shawshank Redemption, The (1994)",Drama,Drama,4.0471
671,12,"Usual Suspects, The (1995)",Crime,Crime,4.3084
671,27,Forrest Gump (1994),Drama,Drama|Comedy|Romance,4.5967
671,1,Toy Story (1995),Animation,Animation|Childrens|Comedy,3.8851
671,31,Star Wars (1977),Sci-Fi,Action|Adventure|Sci-Fi,4.2001
671,33,Fargo (1996),Crime,Crime|Drama|Thriller,3.8214
672,29,"Silence of the Lambs, The (1991)",Thriller,Thriller,4.7316
672,30,Schindler's List (1993),Drama,Drama,4.7455
672,31,Star Wars (1977),Sci-Fi,Action|Adventure|Sci-Fi,3.8411
672,33,Fargo (1996),Crime,Crime|Drama|Thriller,4.8877
672,26,"Shawshank Redemption, The (1994)",Drama,Drama,4.9021
672,27,Forrest Gump (1994),Drama,Drama|Comedy|Romance,4.4737
672,12,"Usual Suspects, The (1995)",Crime,Crime,4.3785
672,1,Toy Story (1995),Animation,Animation|Childrens|Comedy,3.8538
672,34,GoodFellas (1990),Crime,Crime|Drama,4.4743
672,28,Pulp Fiction (1994),Crime,Crime,4.2913
673,34,GoodFellas (1990),Crime,Crime|Drama,4.6576
673,28,Pulp Fiction (1994),Crime,Crime,4.2409
673,27,Forrest Gump (1994),Drama,Drama|Comedy|Romance,3.979
673,30,Schindler's List (1993),Drama,Drama,4.5104
673,26,"Shawshank Redemption, The (1994)",Drama,Drama,4.1539
673,1,Toy Story (1995),Animation,Animation|Childrens|Comedy,4.8866
673,33,Fargo (1996),Crime,Crime|Drama|Thriller,4.3297
673,12,"Usual Suspects, The (1995)",Crime,Crime,4.1512
673,29,"Silence of the Lambs, The (1991)",Thriller,Thriller,4.5063
673,31,Star Wars (1977),Sci-Fi,Action|Adventure|Sci-Fi,3.9644
674,30,Schindler's List (1993),Drama,Drama,4.621
674,27,Forrest Gump (1994),Drama,Drama|Comedy|Romance,3.8533
674,31,Star Wars (1977),Sci-Fi,Action|Adventure|Sci-Fi,4.3517
674,1,Toy Story (1995),Animation,Animation|Childrens|Comedy,4.3328
674,12,"Usual Suspects, The (1995)",Crime,Crime,4.3517
674,28,Pulp Fiction (1994),Crime,Crime,4.9759
674,33,Fargo (1996),Crime,Crime|Drama|Thriller,3.9671
674,34,GoodFellas (1990),Crime,Crime|Drama,4.6285
674,26,"Shawshank Redemption, The (1994)",Drama,Drama,4.2824
674,29,"Silence of the Lambs, The (1991)",Thriller,Thriller,4.4141
675,30,Schindler's List (1993),Drama,Drama,4.0311
675,31,Star Wars (1977),Sci-Fi,Action|Adventure|Sci-Fi,4.7251
675,29,"Silence of the Lambs, The (1991)",Thriller,Thriller,4.0002
675,27,Forrest Gump (1994),Drama,Drama|Comedy|Romance,4.7591
675,12,"Usual Suspects, The (1995)",Crime,Crime,4.3627
675,1,Toy Story (1995),Animation,Animation|Childrens|Comedy,4.6216
675,28,Pulp Fiction (1994),Crime,Crime,4.9009
675,26,"Shawshank Redemption, The (1994)",Drama,Drama,4.2901
675,33,Fargo (1996),Crime,Crime|Drama|Thriller,4.0795
675,34,GoodFellas (1990),Crime,Crime|Drama,4.8406
676,34,GoodFellas (1990),Crime,Crime|Drama,3.9827
676,27,Forrest Gump (1994),Drama,Drama|Comedy|Romance,4.1028
676,29,"Silence of the Lambs, The (1991)",Thriller,Thriller,4.2697
676,12,"Usual Suspects, The (1995)",Crime,Crime,3.991
676,31,Star Wars (1977),Sci-Fi,Action|Adventure|Sci-Fi,4.7574
676,33,Fargo (1996),Crime,Crime|Drama|Thriller,4.2284
676,30,Schindler's List (1993),Drama,Drama,4.9233
676,28,Pulp Fiction (1994),Crime,Crime,4.811
676,1,Toy Story (1995),Animation,Animation|Childrens|Comedy,4.8906
676,26,"Shawshank Redemption, The (1994)",Drama,Drama,4.1534
677,26,"Shawshank Redemption, The (1994)",Drama,Drama,4.5247
677,34,GoodFellas (1990),Crime,Crime|Drama,4.6324
677,12,"Usual Suspects, The (1995)",Crime,Crime,4.2673
677,1,Toy Story (1995),Animation,Animation|Childrens|Comedy,3.8349
677,31,Star Wars (1977),Sci-Fi,Action|Adventure|Sci-Fi,4.9172
677,27,Forrest Gump (1994),Drama,Drama|Comedy|Romance,4.939
677,30,Schindler's List (1993),Drama,Drama,4.939
677,28,Pulp Fiction (1994),Crime,Crime,4.9324
677,29,"Silence of the Lambs, The (1991)",Thriller,Thriller,4.7783
677,33,Fargo (1996),Crime,Crime|Drama|Thriller,4.6215
678,31,Star Wars (1977),Sci-Fi,Action|Adventure|Sci-Fi,4.4668
678,34,GoodFellas (1990),Crime,Crime|Drama,4.8512
678,27,Forrest Gump (1994),Drama,Drama|Comedy|Romance,4.7971
678,29,"Silence of the Lambs, The (1991)",Thriller,Thriller,3.8695
678,26,"Shawshank Redemption, The (1994)",Drama,Drama,4.8547
678,28,Pulp Fiction (1994),Crime,Crime,3.9141
678,1,Toy Story (1995),Animation,Animation|Childrens|Comedy,4.2984
678,30,Schindler's List (1993),Drama,Drama,4.7185
678,12,"Usual Suspects, The (1995)",Crime,Crime,3.8978
678,33,Fargo (1996),Crime,Crime|Drama|Thriller,3.8485
679,33,Fargo (1996),Crime,Crime|Drama|Thriller,4.7433
679,30,Schindler's List (1993),Drama,Drama,4.3517
679,29,"Silence of the Lambs, The (1991)",Thriller,Thriller,3.8233
679,26,"Shawshank Redemption, The (1994)",Drama,Drama,4.0066
679,28,Pulp Fiction (1994),Crime,Crime,4.6896
679,31,Star Wars (1977),Sci-Fi,Action|Adventure|Sci-Fi,4.7038
679,34,GoodFellas (1990),Crime,Crime|Drama,4.9668
679,1,Toy Story (1995),Animation,Animation|Childrens|Comedy,4.0282
679,12,"Usual Suspects, The (1995)",Crime,Crime,3.9475
679,27,Forrest Gump (1994),Drama,Drama|Comedy|Romance,3.9665
680,1,Toy Story (1995),Animation,Animation|Childrens|Comedy,3.8887
680,29,"Silence of the Lambs, The (1991)",Thriller,Thriller,4.7784
680,31,Star Wars (1977),Sci-Fi,Action|Adventure|Sci-Fi,4.5763
680,30,Schindler's List (1993),Drama,Drama,4.0054
680,34,GoodFellas (1990),Crime,Crime|Drama,4.5569
680,26,"Shawshank Redemption, The (1994)",Drama,Drama,4.5154
680,28,Pulp Fiction (1994),Crime,Crime,3.8778
680,27,Forrest Gump (1994),Drama,Drama|Comedy|Romance,4.1203
680,12,"Usual Suspects, The (1995)",Crime,Crime,4.2691
680,33,Fargo (1996),Crime,Crime|Drama|Thriller,4.0939
681,28,Pulp Fiction (1994),Crime,Crime,4.5927
681,31,Star Wars (1977),Sci-Fi,Action|Adventure|Sci-Fi,4.4985
681,12,"Usual Suspects, The (1995)",Crime,Crime,4.8171
681,1,Toy Story (1995),Animation,Animation|Childrens|Comedy,4.5585
681,27,Forrest Gump (1994),Drama,Drama|Comedy|Romance,3.9987
681,29,"Silence of the Lambs, The (1991)",Thriller,Thriller,4.1777
681,26,"Shawshank Redemption, The (1994)",Drama,Drama,4.68
681,30,Schindler's List (1993),Drama,Drama,4.6861
681,34,GoodFellas (1990),Crime,Crime|Drama,4.9844
681,33,Fargo (1996),Crime,Crime|Drama|Thriller,4.5524
682,30,Schindler's List (1993),Drama,Drama,4.8579
682,1,Toy Story (1995),Animation,Animation|Childrens|Comedy,4.1949
682,12,"Usual Suspects, The (1995)",Crime,Crime,4.2883
682,26,"Shawshank Redemption, The (1994)",Drama,Drama,4.8875
682,34,GoodFellas (1990),Crime,Crime|Drama,4.7082
682,31,Star Wars (1977),Sci-Fi,Action|Adventure|Sci-Fi,4.9777
682,27,Forrest Gump (1994),Drama,Drama|Comedy|Romance,4.7297
682,28,Pulp Fiction (1994),Crime,Crime,4.3382
682,29,"Silence of the Lambs, The (1991)",Thriller,Thriller,4.4373
682,33,Fargo (1996),Crime,Crime|Drama|Thriller,4.8806
683,33,Fargo (1996),Crime,Crime|Drama|Thriller,3.8016
683,29,"Silence of the Lambs, The (1991)",Thriller,Thriller,4.5391
683,1,Toy Story (1995),Animation,Animation|Childrens|Comedy,4.9968
683,26,"Shawshank Redemption, The (1994)",Drama,Drama,4.1504
683,12,"Usual Suspects, The (1995)",Crime,Crime,4.557
683,34,GoodFellas (1990),Crime,Crime|Drama,3.8055
683,30,Schindler's List (1993),Drama,Drama,4.5252
683,28,Pulp Fiction (1994),Crime,Crime,4.3365
683,31,Star Wars (1977),Sci-Fi,Action|Adventure|Sci-Fi,4.4364
683,27,Forrest Gump (1994),Drama,Drama|Comedy|Romance,4.4527
684,26,"Shawshank Redemption, The (1994)",Drama,Drama,3.8153
684,27,Forrest Gump (1994),Drama,Drama|Comedy|Romance,4.6711
684,12,"Usual Suspects, The (1995)",Crime,Crime,4.2575
684,34,GoodFellas (1990),Crime,Crime|Drama,4.4271
684,29,"Silence of the Lambs, The (1991)",Thriller,Thriller,4.1498
684,30,Schindler's List (1993),Drama,Drama,4.1855
684,33,Fargo (1996),Crime,Crime|Drama|Thriller,3.8182
684,28,Pulp Fiction (1994),Crime,Crime,4.6758
684,31,Star Wars (1977),Sci-Fi,Action|Adventure|Sci-Fi,4.653
684,1,Toy Story (1995),Animation,Animation|Childrens|Comedy,4.5852
685,29,"Silence of the Lambs, The (1991)",Thriller,Thriller,4.365
685,34,GoodFellas (1990),Crime,Crime|Drama,4.8744
685,30,Schindler's List (1993),Drama,Drama,4.4719
685,1,Toy Story (1995),Animation,Animation|Childrens|Comedy,4.1506
685,28,Pulp Fiction (1994),Crime,Crime,4.6912
685,26,"Shawshank Redemption, The (1994)",Drama,Drama,4.407
685,31,Star Wars (1977),Sci-Fi,Action|Adventure|Sci-Fi,3.9946
685,27,Forrest Gump (1994),Drama,Drama|Comedy|Romance,4.4922
685,33,Fargo (1996),Crime,Crime|Drama|Thriller,4.8937
685,12,"Usual Suspects, The (1995)",Crime,Crime,4.8111
686,28,Pulp Fiction (1994),Crime,Crime,3.9448
686,26,"Shawshank Redemption, The (1994)",Drama,Drama,4.9884
686,12,"Usual Suspects, The (1995)",Crime,Crime,4.791
686,34,GoodFellas (1990),Crime,Crime|Drama,4.4491
686,31,Star Wars (1977),Sci-Fi,Action|Adventure|Sci-Fi,4.3716
686,30,Schindler's List (1993),Drama,Drama,4.5791
686,29,"Silence of the Lambs, The (1991)",Thriller,Thriller,4.1917
686,27,Forrest Gump (1994),Drama,Drama|Comedy|Romance,3.8603
686,1,Toy Story (1995),Animation,Animation|Childrens|Comedy,4.2852
686,33,Fargo (1996),Crime,Crime|Drama|Thriller,4.9808
687,12,"Usual Suspects, The (1995)",Crime,Crime,4.8729
687,30,Schindler's List (1993),Drama,Drama,3.8691
687,31,Star Wars (1977),Sci-Fi,Action|Adventure|Sci-Fi,4.0029
687,27,Forrest Gump (1994),Drama,Drama|Comedy|Romance,4.7055
687,1,Toy Story (1995),Animation,Animation|Childrens|Comedy,4.6267
687,29,"Silence of the Lambs, The (1991)",Thriller,Thriller,3.9599
687,33,Fargo (1996),Crime,Crime|Drama|Thriller,4.4025
687,26,"Shawshank Redemption, The (1994)",Drama,Drama,4.737
687,34,GoodFellas (1990),Crime,Crime|Drama,4.0625
687,28,Pulp Fiction (1994),Crime,Crime,4.8455
688,33,Fargo (1996),Crime,Crime|Drama|Thriller,4.3881
688,30,Schindler's List (1993),Drama,Drama,3.9319
688,27,Forrest Gump (1994),Drama,Drama|Comedy|Romance,4.895
688,34,GoodFellas (1990),Crime,Crime|Drama,4.6078
688,12,"Usual Suspects, The (1995)",Crime,Crime,4.4552
688,26,"Shawshank Redemption, The (1994)",Drama,Drama,4.2492
688,1,Toy Story (1995),Animation,Animation|Childrens|Comedy,3.9618
688,29,"Silence of the Lambs, The (1991)",Thriller,Thriller,4.649
688,31,Star Wars (1977),Sci-Fi,Action|Adventure|Sci-Fi,4.7764
688,28,Pulp Fiction (1994),Crime,Crime,3.951
689,28,Pulp Fiction (1994),Crime,Crime,3.8019
689,33,Fargo (1996),Crime,Crime|Drama|Thriller,4.2476
689,27,Forrest Gump (1994),Drama,Drama|Comedy|Romance,4.1494
689,31,Star Wars (1977),Sci-Fi,Action|Adventure|Sci-Fi,4.8404
689,12,"Usual Suspects, The (1995)",Crime,Crime,4.695
689,34,GoodFellas (1990),Crime,Crime|Drama,3.9014
689,30,Schindler's List (1993),Drama,Drama,4.6891
689,1,Toy Story (1995),Animation,Animation|Childrens|Comedy,4.6105
689,29,"Silence of the Lambs, The (1991)",Thriller,Thriller,4.1381
689,26,"Shawshank Redemption, The (1994)",Drama,Drama,3.8186
690,33,Fargo (1996),Crime,Crime|Drama|Thriller,4.747
690,31,Star Wars (1977),Sci-Fi,Action|Adventure|Sci-Fi,4.1445
690,34,GoodFellas (1990),Crime,Crime|Drama,4.8144
690,1,Toy Story (1995),Animation,Animation|Childrens|Comedy,3.9401
690,30,Schindler's List (1993),Drama,Drama,3.8433
690,28,Pulp Fiction (1994),Crime,Crime,4.5302
690,12,"Usual Suspects, The (1995)",Crime,Crime,4.2101
690,27,Forrest Gump (1994),Drama,Drama|Comedy|Romance,4.1953
690,26,"Shawshank Redemption, The (1994)",Drama,Drama,4.6246
690,29,"Silence of the Lambs, The (1991)",Thriller,Thriller,4.8201
691,29,"Silence of the Lambs, The (1991)",Thriller,Thriller,4.1562
691,34,GoodFellas (1990),Crime,Crime|Drama,4.9965
691,12,"Usual Suspects, The (1995)",Crime,Crime,4.945
691,33,Fargo (1996),Crime,Crime|Drama|Thriller,4.9286
691,31,Star Wars (1977),Sci-Fi,Action|Adventure|Sci-Fi,4.7734
691,26,"Shawshank Redemption, The (1994)",Drama,Drama,4.0647
691,30,Schindler's List (1993),Drama,Drama,4.4392
691,27,Forrest Gump (1994),Drama,Drama|Comedy|Romance,4.0692
691,1,Toy Story (1995),Animation,Animation|Childrens|Comedy,4.1116
691,28,Pulp Fiction (1994),Crime,Crime,4.5331
692,1,Toy Story (1995),Animation,Animation|Childrens|Comedy,4.6263
692,31,Star Wars (1977),Sci-Fi,Action|Adventure|Sci-Fi,4.1337
692,34,GoodFellas (1990),Crime,Crime|Drama,4.3362
692,27,Forrest Gump (1994),Drama,Drama|Comedy|Romance,4.3148
692,26,"Shawshank Redemption, The (1994)",Drama,Drama,4.9512
692,29,"Silence of the Lambs, The (1991)",Thriller,Thriller,4.0104
692,33,Fargo (1996),Crime,Crime|Drama|Thriller,3.9075
692,28,Pulp Fiction (1994),Crime,Crime,4.8567
692,30,Schindler's List (1993),Drama,Drama,4.876
692,12,"Usual Suspects, The (1995)",Crime,Crime,4.8461
693,12,"Usual Suspects, The (1995)",Crime,Crime,4.19
693,1,Toy Story (1995),Animation,Animation|Childrens|Comedy,4.9188
693,31,Star Wars (1977),Sci-Fi,Action|Adventure|Sci-Fi,4.1649
693,27,Forrest Gump (1994),Drama,Drama|Comedy|Romance,4.9278
693,33,Fargo (1996),Crime,Crime|Drama|Thriller,4.1002
693,34,GoodFellas (1990),Crime,Crime|Drama,4.1775
693,30,Schindler's List (1993),Drama,Drama,4.5541
693,29,"Silence of the Lambs, The (1991)",Thriller,Thriller,4.714
693,28,Pulp Fiction (1994),Crime,Crime,4.4017
693,26,"Shawshank Redemption, The (1994)",Drama,Drama,4.8585
694,31,Star Wars (1977),Sci-Fi,Action|Adventure|Sci-Fi,4.0111
694,27,Forrest Gump (1994),Drama,Drama|Comedy|Romance,4.9017
694,30,Schindler's List (1993),Drama,Drama,4.0946
694,33,Fargo (1996),Crime,Crime|Drama|Thriller,4.093
694,34,GoodFellas (1990),Crime,Crime|Drama,4.777
694,12,"Usual Suspects, The (1995)",Crime,Crime,3.927
694,26,"Shawshank Redemption, The (1994)",Drama,Drama,4.0664
694,29,"Silence of the Lambs, The (1991)",Thriller,Thriller,4.4044
694,28,Pulp Fiction (1994),Crime,Crime,4.7966
694,1,Toy Story (1995),Animation,Animation|Childrens|Comedy,3.977
695,28,Pulp Fiction (1994),Crime,Crime,4.3203
695,12,"Usual Suspects, The (1995)",Crime,Crime,3.9345
695,29,"Silence of the Lambs, The (1991)",Thriller,Thriller,4.6517
695,27,Forrest Gump (1994),Drama,Drama|Comedy|Romance,4.9913
695,1,Toy Story (1995),Animation,Animation|Childrens|Comedy,4.6841
695,30,Schindler's List (1993),Drama,Drama,3.8201
695,26,"Shawshank Redemption, The (1994)",Drama,Drama,4.3955
695,34,GoodFellas (1990),Crime,Crime|Drama,4.5376
695,31,Star Wars (1977),Sci-Fi,Action|Adventure|Sci-Fi,4.6276
695,33,Fargo (1996),Crime,Crime|Drama|Thriller,4.6637
696,33,Fargo (1996),Crime,Crime|Drama|Thriller,4.1988
696,34,GoodFellas (1990),Crime,Crime|Drama,4.2722
696,12,"Usual Suspects, The (1995)",Crime,Crime,4.3565
696,26,"Shawshank Redemption, The (1994)",Drama,Drama,4.162
696,31,Star Wars (1977),Sci-Fi,Action|Adventure|Sci-Fi,4.6003
696,1,Toy Story (1995),Animation,Animation|Childrens|Comedy,4.9337
696,27,Forrest Gump (1994),Drama,Drama|Comedy|Romance,4.8968
696,28,Pulp Fiction (1994),Crime,Crime,4.5973
696,30,Schindler's List (1993),Drama,Drama,4.4083
696,29,"Silence of the Lambs, The (1991)",Thriller,Thriller,4.791
697,30,Schindler's List (1993),Drama,Drama,4.7804
697,29,"Silence of the Lambs, The (1991)",Thriller,Thriller,4.599
697,27,Forrest Gump (1994),Drama,Drama|Comedy|Romance,4.6824
697,1,Toy Story (1995),Animation,Animation|Childrens|Comedy,4.1261
697,33,Fargo (1996),Crime,Crime|Drama|Thriller,4.9916
697,28,Pulp Fiction (1994),Crime,Crime,4.0198
697,34,GoodFellas (1990),Crime,Crime|Drama,4.0574
697,31,Star Wars (1977),Sci-Fi,Action|Adventure|Sci-Fi,4.1467
697,12,"Usual Suspects, The (1995)",Crime,Crime,4.9704
697,26,"Shawshank Redemption, The (1994)",Drama,Drama,4.9859
698,28,Pulp Fiction (1994),Crime,Crime,4.2765
698,34,GoodFellas (1990),Crime,Crime|Drama,3.923
698,27,Forrest Gump (1994),Drama,Drama|Comedy|Romance,4.1385
698,33,Fargo (1996),Crime,Crime|Drama|Thriller,3.906
698,31,Star Wars (1977),Sci-Fi,Action|Adventure|Sci-Fi,4.9647
698,29,"Silence of the Lambs, The (1991)",Thriller,Thriller,4.2741
698,30,Schindler's List (1993),Drama,Drama,4.8814
698,12,"Usual Suspects, The (1995)",Crime,Crime,4.9654
698,26,"Shawshank Redemption, The (1994)",Drama,Drama,4.8915
698,1,Toy Story (1995),Animation,Animation|Childrens|Comedy,4.346
699,33,Fargo (1996),Crime,Crime|Drama|Thriller,4.6066
699,30,Schindler's List (1993),Drama,Drama,4.3035
699,28,Pulp Fiction (1994),Crime,Crime,3.9697
699,1,Toy Story (1995),Animation,Animation|Childrens|Comedy,4.6679
699,26,"Shawshank Redemption, The (1994)",Drama,Drama,4.4757
699,12,"Usual Suspects, The (1995)",Crime,Crime,4.6534
699,29,"Silence of the Lambs, The (1991)",Thriller,Thriller,4.3015
699,27,Forrest Gump (1994),Drama,Drama|Comedy|Romance,3.8795
699,31,Star Wars (1977),Sci-Fi,Action|Adventure|Sci-Fi,4.178
699,34,GoodFellas (1990),Crime,Crime|Drama,4.178
700,12,"Usual Suspects, The (1995)",Crime,Crime,4.6374
700,28,Pulp Fiction (1994),Crime,Crime,3.8409
700,31,Star Wars (1977),Sci-Fi,Action|Adventure|Sci-Fi,4.7152
700,26,"Shawshank Redemption, The (1994)",Drama,Drama,3.84
700,30,Schindler's List (1993),Drama,Drama,4.3464
700,29,"Silence of the Lambs, The (1991)",Thriller,Thriller,3.9812
700,34,GoodFellas (1990),Crime,Crime|Drama,4.7883
700,1,Toy Story (1995),Animation,Animation|Childrens|Comedy,4.1764
700,27,Forrest Gump (1994),Drama,Drama|Comedy|Romance,4.3449
700,33,Fargo (1996),Crime,Crime|Drama|Thriller,4.3145
701,28,Pulp Fiction (1994),Crime,Crime,4.4618
701,12,"Usual Suspects, The (1995)",Crime,Crime,4.9365
701,27,Forrest Gump (1994),Drama,Drama|Comedy|Romance,3.8897
701,26,"Shawshank Redemption, The (1994)",Drama,Drama,3.8517
701,30,Schindler's List (1993),Drama,Drama,3.9879
701,33,Fargo (1996),Crime,Crime|Drama|Thriller,4.5694
701,29,"Silence of the Lambs, The (1991)",Thriller,Thriller,4.2788
701,34,GoodFellas (1990),Crime,Crime|Drama,4.7907
701,31,Star Wars (1977),Sci-Fi,Action|Adventure|Sci-Fi,3.8863
701,1,Toy Story (1995),Animation,Animation|Childrens|Comedy,4.0357
702,30,Schindler's List (1993),Drama,Drama,4.2093
702,33,Fargo (1996),Crime,Crime|Drama|Thriller,4.6558
702,34,GoodFellas (1990),Crime,Crime|Drama,4.429
702,31,Star Wars (1977),Sci-Fi,Action|Adventure|Sci-Fi,4.0673
702,29,"Silence of the Lambs, The (1991)",Thriller,Thriller,4.8155
702,1,Toy Story (1995),Animation,Animation|Childrens|Comedy,4.7819
702,28,Pulp Fiction (1994),Crime,Crime,4.2753
702,26,"Shawshank Redemption, The (1994)",Drama,Drama,4.5063
702,12,"Usual Suspects, The (1995)",Crime,Crime,4.1094
702,27,Forrest Gump (1994),Drama,Drama|Comedy|Romance,4.6278
703,34,GoodFellas (1990),Crime,Crime|Drama,4.5936
703,30,Schindler's List (1993),Drama,Drama,3.9357
703,27,Forrest Gump (1994),Drama,Drama|Comedy|Romance,4.9907
703,26,"Shawshank Redemption, The (1994)",Drama,Drama,4.3767
703,33,Fargo (1996),Crime,Crime|Drama|Thriller,4.5666
703,12,"Usual Suspects, The (1995)",Crime,Crime,4.8514
703,31,Star Wars (1977),Sci-Fi,Action|Adventure|Sci-Fi,3.8012
703,1,Toy Story (1995),Animation,Animation|Childrens|Comedy,4.9712
703,29,"Silence of the Lambs, The (1991)",Thriller,Thriller,4.231
703,28,Pulp Fiction (1994),Crime,Crime,4.2075
704,29,"Silence of the Lambs, The (1991)",Thriller,Thriller,4.4695
704,30,Schindler's List (1993),Drama,Drama,4.3597
704,33,Fargo (1996),Crime,Crime|Drama|Thriller,4.4909
704,27,Forrest Gump (1994),Drama,Drama|Comedy|Romance,4.4612
704,12,"Usual Suspects, The (1995)",Crime,Crime,4.9521
704,26,"Shawshank Redemption, The (1994)",Drama,Drama,4.4626
704,31,Star Wars (1977),Sci-Fi,Action|Adventure|Sci-Fi,4.8155
704,1,Toy Story (1995),Animation,Animation|Childrens|Comedy,4.1838
704,28,Pulp Fiction (1994),Crime,Crime,4.3257
704,34,GoodFellas (1990),Crime,Crime|Drama,4.3645
705,34,GoodFellas (1990),Crime,Crime|Drama,4.179
705,12,"Usual Suspects, The (1995)",Crime,Crime,4.5339
705,31,Star Wars (1977),Sci-Fi,Action|Adventure|Sci-Fi,3.9594
705,27,Forrest Gump (1994),Drama,Drama|Comedy|Romance,4.1036
705,33,Fargo (1996),Crime,Crime|Drama|Thriller,3.8506
705,28,Pulp Fiction (1994),Crime,Crime,3.8871
705,26,"Shawshank Redemption, The (1994)",Drama,Drama,4.0921
705,30,Schindler's List (1993),Drama,Drama,3.8234
705,1,Toy Story (1995),Animation,Animation|Childrens|Comedy,4.0945
705,29,"Silence of the Lambs, The (1991)",Thriller,Thriller,4.586
706,26,"Shawshank Redemption, The (1994)",Drama,Drama,4.9098
706,34,GoodFellas (1990),Crime,Crime|Drama,4.1956
706,29,"Silence of the Lambs, The (1991)",Thriller,Thriller,3.887
706,31,Star Wars (1977),Sci-Fi,Action|Adventure|Sci-Fi,4.9929
706,28,Pulp Fiction (1994),Crime,Crime,4.844
706,30,Schindler's List (1993),Drama,Drama,4.3591
706,12,"Usual Suspects, The (1995)",Crime,Crime,4.5997
706,27,Forrest Gump (1994),Drama,Drama|Comedy|Romance,4.6055
706,1,Toy Story (1995),Animation,Animation|Childrens|Comedy,4.0334
706,33,Fargo (1996),Crime,Crime|Drama|Thriller,4.0401
707,33,Fargo (1996),Crime,Crime|Drama|Thriller,4.6868
707,30,Schindler's List (1993),Drama,Drama,4.2897
707,28,Pulp Fiction (1994),Crime,Crime,4.4129
707,27,Forrest Gump (1994),Drama,Drama|Comedy|Romance,4.8772
707,29,"Silence of the Lambs, The (1991)",Thriller,Thriller,4.3494
707,34,GoodFellas (1990),Crime,Crime|Drama,4.5516
707,31,Star Wars (1977),Sci-Fi,Action|Adventure|Sci-Fi,4.9541
707,1,Toy Story (1995),Animation,Animation|Childrens|Comedy,4.3417
707,26,"Shawshank Redemption, The (1994)",Drama,Drama,4.4729
707,12,"Usual Suspects, The (1995)",Crime,Crime,4.5013
708,33,Fargo (1996),Crime,Crime|Drama|Thriller,3.8077
708,12,"Usual Suspects, The (1995)",Crime,Crime,3.9808
708,34,GoodFellas (1990),Crime,Crime|Drama,4.3075
708,30,Schindler's List (1993),Drama,Drama,4.7628
708,29,"Silence of the Lambs, The (1991)",Thriller,Thriller,4.1381
708,26,"Shawshank Redemption, The (1994)",Drama,Drama,4.5508
708,27,Forrest Gump (1994),Drama,Drama|Comedy|Romance,4.2934
708,31,Star Wars (1977),Sci-Fi,Action|Adventure|Sci-Fi,4.0812
708,28,Pulp Fiction (1994),Crime,Crime,4.4171
708,1,Toy Story (1995),Animation,Animation|Childrens|Comedy,4.757
709,33,Fargo (1996),Crime,Crime|Drama|Thriller,4.9579
709,26,"Shawshank Redemption, The (1994)",Drama,Drama,4.1195
709,28,Pulp Fiction (1994),Crime,Crime,4.2032
709,31,Star Wars (1977),Sci-Fi,Action|Adventure|Sci-Fi,4.1951
709,34,GoodFellas (1990),Crime,Crime|Drama,4.3763
709,29,"Silence of the Lambs, The (1991)",Thriller,Thriller,4.8122
709,1,Toy Story (1995),Animation,Animation|Childrens|Comedy,4.2825
709,27,Forrest Gump (1994),Drama,Drama|Comedy|Romance,4.7674
709,30,Schindler's List (1993),Drama,Drama,3.938
709,12,"Usual Suspects, The (1995)",Crime,Crime,4.8739
710,34,GoodFellas (1990),Crime,Crime|Drama,4.3399
710,28,Pulp Fiction (1994),Crime,Crime,4.659
710,29,"Silence of the Lambs, The (1991)",Thriller,Thriller,3.8611
710,33,Fargo (1996),Crime,Crime|Drama|Thriller,4.3972
710,27,Forrest Gump (1994),Drama,Drama|Comedy|Romance,4.199
710,26,"Shawshank Redemption, The (1994)",Drama,Drama,4.5568
710,12,"Usual Suspects, The (1995)",Crime,Crime,3.8524
710,31,Star Wars (1977),Sci-Fi,Action|Adventure|Sci-Fi,3.8419
710,30,Schindler's List (1993),Drama,Drama,4.3127
710,1,Toy Story (1995),Animation,Animation|Childrens|Comedy,4.7736
711,29,"Silence of the Lambs, The (1991)",Thriller,Thriller,4.6916
711,28,Pulp Fiction (1994),Crime,Crime,3.9636
711,1,Toy Story (1995),Animation,Animation|Childrens|Comedy,4.5469
711,34,GoodFellas (1990),Crime,Crime|Drama,4.1896
711,27,Forrest Gump (1994),Drama,Drama|Comedy|Romance,4.3488
711,31,Star Wars (1977),Sci-Fi,Action|Adventure|Sci-Fi,4.0588
711,26,"Shawshank Redemption, The (1994)",Drama,Drama,4.8393
711,33,Fargo (1996),Crime,Crime|Drama|Thriller,4.5034
711,30,Schindler's List (1993),Drama,Drama,4.9335
711,12,"Usual Suspects, The (1995)",Crime,Crime,4.4895
712,31,Star Wars (1977),Sci-Fi,Action|Adventure|Sci-Fi,3.8766
712,34,GoodFellas (1990),Crime,Crime|Drama,4.1478
712,12,"Usual Suspects, The (1995)",Crime,Crime,4.1677
712,26,"Shawshank Redemption, The (1994)",Drama,Drama,3.9931
712,27,Forrest Gump (1994),Drama,Drama|Comedy|Romance,4.4098
712,33,Fargo (1996),Crime,Crime|Drama|Thriller,3.814
712,1,Toy Story (1995),Animation,Animation|Childrens|Comedy,4.1612
712,30,Schindler's List (1993),Drama,Drama,4.9204
712,29,"Silence of the Lambs, The (1991)",Thriller,Thriller,4.1726
712,28,Pulp Fiction (1994),Crime,Crime,4.2326
713,30,Schindler's List (1993),Drama,Drama,3.8681
713,34,GoodFellas (1990),Crime,Crime|Drama,4.5968
713,1,Toy Story (1995),Animation,Animation|Childrens|Comedy,4.0889
713,31,Star Wars (1977),Sci-Fi,Action|Adventure|Sci-Fi,3.9428
713,26,"Shawshank Redemption, The (1994)",Drama,Drama,4.2914
713,12,"Usual Suspects, The (1995)",Crime,Crime,4.3591
713,29,"Silence of the Lambs, The (1991)",Thriller,Thriller,4.0046
713,28,Pulp Fiction (1994),Crime,Crime,3.8498
713,27,Forrest Gump (1994),Drama,Drama|Comedy|Romance,4.2969
713,33,Fargo (1996),Crime,Crime|Drama|Thriller,4.7114
714,26,"Shawshank Redemption, The (1994)",Drama,Drama,3.9331
714,33,Fargo (1996),Crime,Crime|Drama|Thriller,4.6191
714,1,Toy Story (1995),Animation,Animation|Childrens|Comedy,4.981
714,12,"Usual Suspects, The (1995)",Crime,Crime,4.8867
714,29,"Silence of the Lambs, The (1991)",Thriller,Thriller,4.846
714,28,Pulp Fiction (1994),Crime,Crime,4.1626
714,27,Forrest Gump (1994),Drama,Drama|Comedy|Romance,4.7009
714,30,Schindler's List (1993),Drama,Drama,4.8213
714,31,Star Wars (1977),Sci-Fi,Action|Adventure|Sci-Fi,4.614
714,34,GoodFellas (1990),Crime,Crime|Drama,4.1007
715,12,"Usual Suspects, The (1995)",Crime,Crime,4.3253
715,30,Schindler's List (1993),Drama,Drama,3.9134
715,29,"Silence of the Lambs, The (1991)",Thriller,Thriller,4.6884
715,1,Toy Story (1995),Animation,Animation|Childrens|Comedy,4.7592
715,34,GoodFellas (1990),Crime,Crime|Drama,4.6705
715,31,Star Wars (1977),Sci-Fi,Action|Adventure|Sci-Fi,4.0427
715,27,Forrest Gump (1994),Drama,Drama|Comedy|Romance,4.6277
715,28,Pulp Fiction (1994),Crime,Crime,3.8129
715,33,Fargo (1996),Crime,Crime|Drama|Thriller,4.1661
715,26,"Shawshank Redemption, The (1994)",Drama,Drama,4.2786
716,29,"Silence of the Lambs, The (1991)",Thriller,Thriller,4.9292
716,1,Toy Story (1995),Animation,Animation|Childrens|Comedy,4.017
716,27,Forrest Gump (1994),Drama,Drama|Comedy|Romance,4.0222
716,30,Schindler's List (1993),Drama,Drama,3.9961
716,33,Fargo (1996),Crime,Crime|Drama|Thriller,4.7467
716,12,"Usual Suspects, The (1995)",Crime,Crime,3.8072
716,34,GoodFellas (1990),Crime,Crime|Drama,3.9526
716,26,"Shawshank Redemption, The (1994)",Drama,Drama,4.4456
716,31,Star Wars (1977),Sci-Fi,Action|Adventure|Sci-Fi,4.0971
716,28,Pulp Fiction (1994),Crime,Crime,3.9108
717,31,Star Wars (1977),Sci-Fi,Action|Adventure|Sci-Fi,4.2473
717,1,Toy Story (1995),Animation,Animation|Childrens|Comedy,4.9184
717,34,GoodFellas (1990),Crime,Crime|Drama,4.8522
717,27,Forrest Gump (1994),Drama,Drama|Comedy|Romance,4.2731
717,29,"Silence of the Lambs, The (1991)",Thriller,Thriller,4.6387
717,28,Pulp Fiction (1994),Crime,Crime,3.9054
717,26,"Shawshank Redemption, The (1994)",Drama,Drama,4.655
717,30,Schindler's List (1993),Drama,Drama,4.9674
717,33,Fargo (1996),Crime,Crime|Drama|Thriller,4.445
717,12,"Usual Suspects, The (1995)",Crime,Crime,4.3982
718,30,Schindler's List (1993),Drama,Drama,4.4585
718,1,Toy Story (1995),Animation,Animation|Childrens|Comedy,4.5139
718,26,"Shawshank Redemption, The (1994)",Drama,Drama,4.049
718,29,"Silence of the Lambs, The (1991)",Thriller,Thriller,4.05
718,33,Fargo (1996),Crime,Crime|Drama|Thriller,4.1315
718,31,Star Wars (1977),Sci-Fi,Action|Adventure|Sci-Fi,4.6541
718,28,Pulp Fiction (1994),Crime,Crime,4.5275
718,12,"Usual Suspects, The (1995)",Crime,Crime,4.8149
718,27,Forrest Gump (1994),Drama,Drama|Comedy|Romance,4.1548
718,34,GoodFellas (1990),Crime,Crime|Drama,4.8945
719,30,Schindler's List (1993),Drama,Drama,4.2035
719,28,Pulp Fiction (1994),Crime,Crime,4.5031
719,1,Toy Story (1995),Animation,Animation|Childrens|Comedy,4.4243
719,27,Forrest Gump (1994),Drama,Drama|Comedy|Romance,4.1833
719,31,Star Wars (1977),Sci-Fi,Action|Adventure|Sci-Fi,4.6992
719,26,"Shawshank Redemption, The (1994)",Drama,Drama,4.6577
719,12,"Usual Suspects, The (1995)",Crime,Crime,4.1368
719,29,"Silence of the Lambs, The (1991)",Thriller,Thriller,4.1879
719,34,GoodFellas (1990),Crime,Crime|Drama,4.145
719,33,Fargo (1996),Crime,Crime|Drama|Thriller,3.9546
720,27,Forrest Gump (1994),Drama,Drama|Comedy|Romance,3.9497
720,30,Schindler's List (1993),Drama,Drama,4.9374
720,1,Toy Story (1995),Animation,Animation|Childrens|Comedy,4.7833
720,33,Fargo (1996),Crime,Crime|Drama|Thriller,4.4629
720,31,Star Wars (1977),Sci-Fi,Action|Adventure|Sci-Fi,4.85
720,28,Pulp Fiction (1994),Crime,Crime,4.9872
720,12,"Usual Suspects, The (1995)",Crime,Crime,4.5328
720,34,GoodFellas (1990),Crime,Crime|Drama,4.5355
720,29,"Silence of the Lambs, The (1991)",Thriller,Thriller,4.7053
720,26,"Shawshank Redemption, The (1994)",Drama,Drama,4.0786
721,31,Star Wars (1977),Sci-Fi,Action|Adventure|Sci-Fi,4.2304
721,28,Pulp Fiction (1994),Crime,Crime,4.9583
721,1,Toy Story (1995),Animation,Animation|Childrens|Comedy,4.6376
721,12,"Usual Suspects, The (1995)",Crime,Crime,4.437
721,29,"Silence of the Lambs, The (1991)",Thriller,Thriller,4.9626
721,34,GoodFellas (1990),Crime,Crime|Drama,4.8838
721,26,"Shawshank Redemption, The (1994)",Drama,Drama,4.4144
721,27,Forrest Gump (1994),Drama,Drama|Comedy|Romance,4.8868
721,33,Fargo (1996),Crime,Crime|Drama|Thriller,4.2852
721,30,Schindler's List (1993),Drama,Drama,4.0765
722,29,"Silence of the Lambs, The (1991)",Thriller,Thriller,4.1684
722,12,"Usual Suspects, The (1995)",Crime,Crime,4.0631
722,30,Schindler's List (1993),Drama,Drama,4.7508
722,31,Star Wars (1977),Sci-Fi,Action|Adventure|Sci-Fi,4.1987
722,34,GoodFellas (1990),Crime,Crime|Drama,4.2146
722,33,Fargo (1996),Crime,Crime|Drama|Thriller,4.3436
722,26,"Shawshank Redemption, The (1994)",Drama,Drama,4.8828
722,28,Pulp Fiction (1994),Crime,Crime,4.6258
722,27,Forrest Gump (1994),Drama,Drama|Comedy|Romance,3.8741
722,1,Toy Story (1995),Animation,Animation|Childrens|Comedy,3.8471
723,28,Pulp Fiction (1994),Crime,Crime,4.0542
723,12,"Usual Suspects, The (1995)",Crime,Crime,4.1072
723,26,"Shawshank Redemption, The (1994)",Drama,Drama,3.9788
723,33,Fargo (1996),Crime,Crime|Drama|Thriller,4.6841
723,27,Forrest Gump (1994),Drama,Drama|Comedy|Romance,4.2879
723,29,"Silence of the Lambs, The (1991)",Thriller,Thriller,3.8752
723,34,GoodFellas (1990),Crime,Crime|Drama,4.8499
723,30,Schindler's List (1993),Drama,Drama,4.4692
723,31,Star Wars (1977),Sci-Fi,Action|Adventure|Sci-Fi,4.1973
723,1,Toy Story (1995),Animation,Animation|Childrens|Comedy,4.2128
724,12,"Usual Suspects, The (1995)",Crime,Crime,3.9054
724,34,GoodFellas (1990),Crime,Crime|Drama,3.9673
724,28,Pulp Fiction (1994),Crime,Crime,4.1231
724,1,Toy Story (1995),Animation,Animation|Childrens|Comedy,4.3001
724,33,Fargo (1996),Crime,Crime|Drama|Thriller,4.8351
724,27,Forrest Gump (1994),Drama,Drama|Comedy|Romance,4.1403
724,30,Schindler's List (1993),Drama,Drama,4.8983
724,26,"Shawshank Redemption, The (1994)",Drama,Drama,4.3555
724,29,"Silence of the Lambs, The (1991)",Thriller,Thriller,4.5765
724,31,Star Wars (1977),Sci-Fi,Action|Adventure|Sci-Fi,4.1173
725,28,Pulp Fiction (1994),Crime,Crime,4.6614
725,26,"Shawshank Redemption, The (1994)",Drama,Drama,4.138
725,12,"Usual Suspects, The (1995)",Crime,Crime,4.4893
725,30,Schindler's List (1993),Drama,Drama,3.8157
725,1,Toy Story (1995),Animation,Animation|Childrens|Comedy,4.3703
725,34,GoodFellas (1990),Crime,Crime|Drama,3.9032
725,33,Fargo (1996),Crime,Crime|Drama|Thriller,4.3147
725,27,Forrest Gump (1994),Drama,Drama|Comedy|Romance,3.9315
725,31,Star Wars (1977),Sci-Fi,Action|Adventure|Sci-Fi,4.9466
725,29,"Silence of the Lambs, The (1991)",Thriller,Thriller,4.4277
726,31,Star Wars (1977),Sci-Fi,Action|Adventure|Sci-Fi,4.6676
726,33,Fargo (1996),Crime,Crime|Drama|Thriller,4.4374
726,27,Forrest Gump (1994),Drama,Drama|Comedy|Romance,4.6767
726,26,"Shawshank Redemption, The (1994)",Drama,Drama,3.9132
726,1,Toy Story (1995),Animation,Animation|Childrens|Comedy,4.4344
726,30,Schindler's List (1993),Drama,Drama,4.1495
726,12,"Usual Suspects, The (1995)",Crime,Crime,4.9671
726,34,GoodFellas (1990),Crime,Crime|Drama,4.8285
726,29,"Silence of the Lambs, The (1991)",Thriller,Thriller,4.6799
726,28,Pulp Fiction (1994),Crime,Crime,4.9205
727,34,GoodFellas (1990),Crime,Crime|Drama,4.2503
727,1,Toy Story (1995),Animation,Animation|Childrens|Comedy,3.9676
727,30,Schindler's List (1993),Drama,Drama,4.0527
727,29,"Silence of the Lambs, The (1991)",Thriller,Thriller,4.69
727,27,Forrest Gump (1994),Drama,Drama|Comedy|Romance,3.977
727,31,Star Wars (1977),Sci-Fi,Action|Adventure|Sci-Fi,4.0675
727,26,"Shawshank Redemption, The (1994)",Drama,Drama,4.3095
727,33,Fargo (1996),Crime,Crime|Drama|Thriller,3.8865
727,12,"Usual Suspects, The (1995)",Crime,Crime,4.0552
727,28,Pulp Fiction (1994),Crime,Crime,3.9797
728,28,Pulp Fiction (1994),Crime,Crime,4.8408
728,30,Schindler's List (1993),Drama,Drama,4.5156
728,12,"Usual Suspects, The (1995)",Crime,Crime,4.9012
728,26,"Shawshank Redemption, The (1994)",Drama,Drama,4.5025
728,1,Toy Story (1995),Animation,Animation|Childrens|Comedy,4.6551
728,27,Forrest Gump (1994),Drama,Drama|Comedy|Romance,4.2993
728,34,GoodFellas (1990),Crime,Crime|Drama,4.8969
728,31,Star Wars (1977),Sci-Fi,Action|Adventure|Sci-Fi,4.789
728,33,Fargo (1996),Crime,Crime|Drama|Thriller,4.0001
728,29,"Silence of the Lambs, The (1991)",Thriller,Thriller,4.4917
729,34,GoodFellas (1990),Crime,Crime|Drama,4.8438
729,29,"Silence of the Lambs, The (1991)",Thriller,Thriller,4.252
729,33,Fargo (1996),Crime,Crime|Drama|Thriller,4.8567
729,30,Schindler's List (1993),Drama,Drama,4.6745
729,12,"Usual Suspects, The (1995)",Crime,Crime,3.925
729,31,Star Wars (1977),Sci-Fi,Action|Adventure|Sci-Fi,4.7978
729,27,Forrest Gump (1994),Drama,Drama|Comedy|Romance,4.6186
729,1,Toy Story (1995),Animation,Animation|Childrens|Comedy,3.8388
729,26,"Shawshank Redemption, The (1994)",Drama,Drama,3.9604
729,28,Pulp Fiction (1994),Crime,Crime,4.5628
730,12,"Usual Suspects, The (1995)",Crime,Crime,4.8202
730,34,GoodFellas (1990),Crime,Crime|Drama,4.0965
730,29,"Silence of the Lambs, The (1991)",Thriller,Thriller,4.0103
730,1,Toy Story (1995),Animation,Animation|Childrens|Comedy,4.8193
730,27,Forrest Gump (1994),Drama,Drama|Comedy|Romance,4.0555
730,28,Pulp Fiction (1994),Crime,Crime,4.6954
730,31,Star Wars (1977),Sci-Fi,Action|Adventure|Sci-Fi,4.2135
730,26,"Shawshank Redemption, The (1994)",Drama,Drama,4.6978
730,30,Schindler's List (1993),Drama,Drama,4.8892
730,33,Fargo (1996),Crime,Crime|Drama|Thriller,4.978
731,26,"Shawshank Redemption, The (1994)",Drama,Drama,4.4881
731,34,GoodFellas (1990),Crime,Crime|Drama,4.0175
731,31,Star Wars (1977),Sci-Fi,Action|Adventure|Sci-Fi,4.9928
731,1,Toy Story (1995),Animation,Animation|Childrens|Comedy,3.9667
731,29,"Silence of the Lambs, The (1991)",Thriller,Thriller,4.4712
731,33,Fargo (1996),Crime,Crime|Drama|Thriller,4.5982
731,28,Pulp Fiction (1994),Crime,Crime,4.9245
731,27,Forrest Gump (1994),Drama,Drama|Comedy|Romance,4.8167
731,12,"Usual Suspects, The (1995)",Crime,Crime,4.0949
731,30,Schindler's List (1993),Drama,Drama,4.4871
732,28,Pulp Fiction (1994),Crime,Crime,4.6319
732,34,GoodFellas (1990),Crime,Crime|Drama,4.1141
732,26,"Shawshank Redemption, The (1994)",Drama,Drama,4.9097
732,33,Fargo (1996),Crime,Crime|Drama|Thriller,4.0155
732,29,"Silence of the Lambs, The (1991)",Thriller,Thriller,4.8859
732,1,Toy Story (1995),Animation,Animation|Childrens|Comedy,4.1752
732,31,Star Wars (1977),Sci-Fi,Action|Adventure|Sci-Fi,3.9562
732,12,"Usual Suspects, The (1995)",Crime,Crime,4.792
732,27,Forrest Gump (1994),Drama,Drama|Comedy|Romance,3.803
732,30,Schindler's List (1993),Drama,Drama,4.7985
733,27,Forrest Gump (1994),Drama,Drama|Comedy|Romance,4.7143
733,28,Pulp Fiction (1994),Crime,Crime,4.0305
733,34,GoodFellas (1990),Crime,Crime|Drama,4.1781
733,12,"Usual Suspects, The (1995)",Crime,Crime,3.9142
733,30,Schindler's List (1993),Drama,Drama,3.9722
733,33,Fargo (1996),Crime,Crime|Drama|Thriller,4.8598
733,29,"Silence of the Lambs, The (1991)",Thriller,Thriller,3.9309
733,31,Star Wars (1977),Sci-Fi,Action|Adventure|Sci-Fi,3.9149
733,26,"Shawshank Redemption, The (1994)",Drama,Drama,4.9285
733,1,Toy Story (1995),Animation,Animation|Childrens|Comedy,4.5751
734,12,"Usual Suspects, The (1995)",Crime,Crime,4.5495
734,31,Star Wars (1977),Sci-Fi,Action|Adventure|Sci-Fi,4.456
734,30,Schindler's List (1993),Drama,Drama,4.0496
734,29,"Silence of the Lambs, The (1991)",Thriller,Thriller,4.5718
734,33,Fargo (1996),Crime,Crime|Drama|Thriller,4.5405
734,27,Forrest Gump (1994),Drama,Drama|Comedy|Romance,4.758
734,26,"Shawshank Redemption, The (1994)",Drama,Drama,4.851
734,34,GoodFellas (1990),Crime,Crime|Drama,4.4121
734,1,Toy Story (1995),Animation,Animation|Childrens|Comedy,4.3884
734,28,Pulp Fiction (1994),Crime,Crime,4.5459
735,31,Star Wars (1977),Sci-Fi,Action|Adventure|Sci-Fi,4.5053
735,34,GoodFellas (1990),Crime,Crime|Drama,4.069
735,27,Forrest Gump (1994),Drama,Drama|Comedy|Romance,4.5056
735,29,"Silence of the Lambs, The (1991)",Thriller,Thriller,4.7834
735,12,"Usual Suspects, The (1995)",Crime,Crime,4.8289
735,33,Fargo (1996),Crime,Crime|Drama|Thriller,4.7603
735,30,Schindler's List (1993),Drama,Drama,4.8659
735,26,"Shawshank Redemption, The (1994)",Drama,Drama,4.2017
735,1,Toy Story (1995),Animation,Animation|Childrens|Comedy,4.4091
735,28,Pulp Fiction (1994),Crime,Crime,4.7355
736,34,GoodFellas (1990),Crime,Crime|Drama,4.1369
736,27,Forrest Gump (1994),Drama,Drama|Comedy|Romance,3.9475
736,12,"Usual Suspects, The (1995)",Crime,Crime,4.1862
736,1,Toy Story (1995),Animation,Animation|Childrens|Comedy,4.8224
736,30,Schindler's List (1993),Drama,Drama,4.2573
736,28,Pulp Fiction (1994),Crime,Crime,4.6976
736,29,"Silence of the Lambs, The (1991)",Thriller,Thriller,4.0102
736,33,Fargo (1996),Crime,Crime|Drama|Thriller,4.3093
736,26,"Shawshank Redemption, The (1994)",Drama,Drama,3.9378
736,31,Star Wars (1977),Sci-Fi,Action|Adventure|Sci-Fi,3.9663
737,29,"Silence of the Lambs, The (1991)",Thriller,Thriller,4.6505
737,27,Forrest Gump (1994),Drama,Drama|Comedy|Romance,3.9234
737,30,Schindler's List (1993),Drama,Drama,4.3363
737,12,"Usual Suspects, The (1995)",Crime,Crime,4.9301
737,28,Pulp Fiction (1994),Crime,Crime,4.2764
737,26,"Shawshank Redemption, The (1994)",Drama,Drama,4.321
737,1,Toy Story (1995),Animation,Animation|Childrens|Comedy,4.6858
737,31,Star Wars (1977),Sci-Fi,Action|Adventure|Sci-Fi,4.7348
737,34,GoodFellas (1990),Crime,Crime|Drama,4.7235
737,33,Fargo (1996),Crime,Crime|Drama|Thriller,4.9974
738,26,"Shawshank Redemption, The (1994)",Drama,Drama,4.065
738,27,Forrest Gump (1994),Drama,Drama|Comedy|Romance,4.75
738,28,Pulp Fiction (1994),Crime,Crime,4.0223
738,31,Star Wars (1977),Sci-Fi,Action|Adventure|Sci-Fi,4.7784
738,12,"Usual Suspects, The (1995)",Crime,Crime,4.5374
738,29,"Silence of the Lambs, The (1991)",Thriller,Thriller,3.9176
738,34,GoodFellas (1990),Crime,Crime|Drama,4.8744
738,30,Schindler's List (1993),Drama,Drama,4.4935
738,1,Toy Story (1995),Animation,Animation|Childrens|Comedy,4.5875
738,33,Fargo (1996),Crime,Crime|Drama|Thriller,4.1402
739,31,Star Wars (1977),Sci-Fi,Action|Adventure|Sci-Fi,4.6731
739,26,"Shawshank Redemption, The (1994)",Drama,Drama,3.8905
739,28,Pulp Fiction (1994),Crime,Crime,3.8589
739,1,Toy Story (1995),Animation,Animation|Childrens|Comedy,4.8051
739,30,Schindler's List (1993),Drama,Drama,4.3876
739,12,"Usual Suspects, The (1995)",Crime,Crime,4.7775
739,29,"Silence of the Lambs, The (1991)",Thriller,Thriller,4.1755
739,27,Forrest Gump (1994),Drama,Drama|Comedy|Romance,4.2772
739,33,Fargo (1996),Crime,Crime|Drama|Thriller,4.6402
739,34,GoodFellas (1990),Crime,Crime|Drama,4.8984
740,31,Star Wars (1977),Sci-Fi,Action|Adventure|Sci-Fi,3.8558
740,30,Schindler's List (1993),Drama,Drama,3.8189
740,27,Forrest Gump (1994),Drama,Drama|Comedy|Romance,4.3724
740,12,"Usual Suspects, The (1995)",Crime,Crime,3.9146
740,29,"Silence of the Lambs, The (1991)",Thriller,Thriller,4.0328
740,33,Fargo (1996),Crime,Crime|Drama|Thriller,4.8161
740,34,GoodFellas (1990),Crime,Crime|Drama,4.4852
740,26,"Shawshank Redemption, The (1994)",Drama,Drama,4.5604
740,28,Pulp Fiction (1994),Crime,Crime,4.025
740,1,Toy Story (1995),Animation,Animation|Childrens|Comedy,4.7944
741,26,"Shawshank Redemption, The (1994)",Drama,Drama,4.568
741,30,Schindler's List (1993),Drama,Drama,4.9605
741,33,Fargo (1996),Crime,Crime|Drama|Thriller,4.0144
741,29,"Silence of the Lambs, The (1991)",Thriller,Thriller,4.5477
741,31,Star Wars (1977),Sci-Fi,Action|Adventure|Sci-Fi,4.0256
741,27,Forrest Gump (1994),Drama,Drama|Comedy|Romance,4.0519
741,28,Pulp Fiction (1994),Crime,Crime,4.6031
741,1,Toy Story (1995),Animation,Animation|Childrens|Comedy,4.8991
741,34,GoodFellas (1990),Crime,Crime|Drama,3.9909
741,12,"Usual Suspects, The (1995)",Crime,Crime,4.955
742,34,GoodFellas (1990),Crime,Crime|Drama,3.8989
742,31,Star Wars (1977),Sci-Fi,Action|Adventure|Sci-Fi,4.6048
742,1,Toy Story (1995),Animation,Animation|Childrens|Comedy,4.5763
742,26,"Shawshank Redemption, The (1994)",Drama,Drama,4.0625
742,29,"Silence of the Lambs, The (1991)",Thriller,Thriller,4.7101
742,12,"Usual Suspects, The (1995)",Crime,Crime,3.9045
742,33,Fargo (1996),Crime,Crime|Drama|Thriller,4.3873
742,30,Schindler's List (1993),Drama,Drama,3.8119
742,28,Pulp Fiction (1994),Crime,Crime,4.9625
742,27,Forrest Gump (1994),Drama,Drama|Comedy|Romance,4.7019
743,33,Fargo (1996),Crime,Crime|Drama|Thriller,4.887
743,31,Star Wars (1977),Sci-Fi,Action|Adventure|Sci-Fi,4.9141
743,1,Toy Story (1995),Animation,Animation|Childrens|Comedy,4.0217
743,30,Schindler's List (1993),Drama,Drama,4.81
743,12,"Usual Suspects, The (1995)",Crime,Crime,4.4425
743,27,Forrest Gump (1994),Drama,Drama|Comedy|Romance,4.6494
743,26,"Shawshank Redemption, The (1994)",Drama,Drama,4.061
743,28,Pulp Fiction (1994),Crime,Crime,4.6544
743,34,GoodFellas (1990),Crime,Crime|Drama,4.8971
743,29,"Silence of the Lambs, The (1991)",Thriller,Thriller,4.121
744,31,Star Wars (1977),Sci-Fi,Action|Adventure|Sci-Fi,4.1346
744,30,Schindler's List (1993),Drama,Drama,4.5454
744,1,Toy Story (1995),Animation,Animation|Childrens|Comedy,4.3755
744,12,"Usual Suspects, The (1995)",Crime,Crime,4.1463
744,33,Fargo (1996),Crime,Crime|Drama|Thriller,4.4124
744,27,Forrest Gump (1994),Drama,Drama|Comedy|Romance,4.0016
744,34,GoodFellas (1990),Crime,Crime|Drama,4.5675
744,28,Pulp Fiction (1994),Crime,Crime,3.9388
744,29,"Silence of the Lambs, The (1991)",Thriller,Thriller,4.6772
744,26,"Shawshank Redemption, The (1994)",Drama,Drama,4.0133
745,26,"Shawshank Redemption, The (1994)",Drama,Drama,4.7205
745,30,Schindler's List (1993),Drama,Drama,4.2569
745,1,Toy Story (1995),Animation,Animation|Childrens|Comedy,4.7062
745,12,"Usual Suspects, The (1995)",Crime,Crime,3.8221
745,28,Pulp Fiction (1994),Crime,Crime,3.9627
745,31,Star Wars (1977),Sci-Fi,Action|Adventure|Sci-Fi,4.238
745,34,GoodFellas (1990),Crime,Crime|Drama,3.9307
745,29,"Silence of the Lambs, The (1991)",Thriller,Thriller,4.5214
745,27,Forrest Gump (1994),Drama,Drama|Comedy|Romance,3.861
745,33,Fargo (1996),Crime,Crime|Drama|Thriller,4.8317
746,27,Forrest Gump (1994),Drama,Drama|Comedy|Romance,4.1285
746,33,Fargo (1996),Crime,Crime|Drama|Thriller,4.3594
746,26,"Shawshank Redemption, The (1994)",Drama,Drama,4.9694
746,31,Star Wars (1977),Sci-Fi,Action|Adventure|Sci-Fi,4.8574
746,30,Schindler's List (1993),Drama,Drama,4.0177
746,29,"Silence of the Lambs, The (1991)",Thriller,Thriller,4.6679
746,12,"Usual Suspects, The (1995)",Crime,Crime,4.9242
746,28,Pulp Fiction (1994),Crime,Crime,3.8106
746,1,Toy Story (1995),Animation,Animation|Childrens|Comedy,4.6651
746,34,GoodFellas (1990),Crime,Crime|Drama,4.3512
747,12,"Usual Suspects, The (1995)",Crime,Crime,4.8916
747,30,Schindler's List (1993),Drama,Drama,4.6491
747,29,"Silence of the Lambs, The (1991)",Thriller,Thriller,3.8546
747,1,Toy Story (1995),Animation,Animation|Childrens|Comedy,4.8063
747,27,Forrest Gump (1994),Drama,Drama|Comedy|Romance,4.9872
747,33,Fargo (1996),Crime,Crime|Drama|Thriller,4.367
747,31,Star Wars (1977),Sci-Fi,Action|Adventure|Sci-Fi,4.9635
747,26,"Shawshank Redemption, The (1994)",Drama,Drama,4.4568
747,28,Pulp Fiction (1994),Crime,Crime,4.3515
747,34,GoodFellas (1990),Crime,Crime|Drama,4.1977
748,12,"Usual Suspects, The (1995)",Crime,Crime,4.8279
748,31,Star Wars (1977),Sci-Fi,Action|Adventure|Sci-Fi,4.2908
748,33,Fargo (1996),Crime,Crime|Drama|Thriller,3.8267
748,1,Toy Story (1995),Animation,Animation|Childrens|Comedy,4.5636
748,28,Pulp Fiction (1994),Crime,Crime,4.6894
748,30,Schindler's List (1993),Drama,Drama,4.1531
748,26,"Shawshank Redemption, The (1994)",Drama,Drama,4.372
748,29,"Silence of the Lambs, The (1991)",Thriller,Thriller,4.9902
748,34,GoodFellas (1990),Crime,Crime|Drama,4.4916
748,27,Forrest Gump (1994),Drama,Drama|Comedy|Romance,4.2213
749,29,"Silence of the Lambs, The (1991)",Thriller,Thriller,3.8759
749,28,Pulp Fiction (1994),Crime,Crime,4.2378
749,12,"Usual Suspects, The (1995)",Crime,Crime,4.9463
749,33,Fargo (1996),Crime,Crime|Drama|Thriller,4.2704
749,1,Toy Story (1995),Animation,Animation|Childrens|Comedy,4.4315
749,34,GoodFellas (1990),Crime,Crime|Drama,4.2263
749,26,"Shawshank Redemption, The (1994)",Drama,Drama,4.5154
749,31,Star Wars (1977),Sci-Fi,Action|Adventure|Sci-Fi,4.9738
749,30,Schindler's List (1993),Drama,Drama,4.997
749,27,Forrest Gump (1994),Drama,Drama|Comedy|Romance,4.7297
750,28,Pulp Fiction (1994),Crime,Crime,3.8339
750,1,Toy Story (1995),Animation,Animation|Childrens|Comedy,4.2094
750,30,Schindler's List (1993),Drama,Drama,4.697
750,31,Star Wars (1977),Sci-Fi,Action|Adventure|Sci-Fi,4.7696
750,12,"Usual Suspects, The (1995)",Crime,Crime,4.1035
750,34,GoodFellas (1990),Crime,Crime|Drama,4.4473
750,33,Fargo (1996),Crime,Crime|Drama|Thriller,4.4342
750,26,"Shawshank Redemption, The (1994)",Drama,Drama,4.3057
750,27,Forrest Gump (1994),Drama,Drama|Comedy|Romance,4.0741
750,29,"Silence of the Lambs, The (1991)",Thriller,Thriller,4.6439
751,31,Star Wars (1977),Sci-Fi,Action|Adventure|Sci-Fi,4.3026
751,30,Schindler's List (1993),Drama,Drama,4.603
751,28,Pulp Fiction (1994),Crime,Crime,3.9459
751,12,"Usual Suspects, The (1995)",Crime,Crime,4.1188
751,34,GoodFellas (1990),Crime,Crime|Drama,4.8032
751,27,Forrest Gump (1994),Drama,Drama|Comedy|Romance,4.8845
751,26,"Shawshank Redemption, The (1994)",Drama,Drama,4.4468
751,1,Toy Story (1995),Animation,Animation|Childrens|Comedy,3.838
751,33,Fargo (1996),Crime,Crime|Drama|Thriller,4.9124
751,29,"Silence of the Lambs, The (1991)",Thriller,Thriller,4.6425
752,34,GoodFellas (1990),Crime,Crime|Drama,3.9933
752,1,Toy Story (1995),Animation,Animation|Childrens|Comedy,3.9244
752,30,Schindler's List (1993),Drama,Drama,3.8033
752,27,Forrest Gump (1994),Drama,Drama|Comedy|Romance,4.1768
752,29,"Silence of the Lambs, The (1991)",Thriller,Thriller,3.9769
752,31,Star Wars (1977),Sci-Fi,Action|Adventure|Sci-Fi,4.064
752,28,Pulp Fiction (1994),Crime,Crime,3.8135
752,33,Fargo (1996),Crime,Crime|Drama|Thriller,4.0726
752,12,"Usual Suspects, The (1995)",Crime,Crime,4.1993
752,26,"Shawshank Redemption, The (1994)",Drama,Drama,3.8379
753,34,GoodFellas (1990),Crime,Crime|Drama,4.5936
753,26,"Shawshank Redemption, The (1994)",Drama,Drama,4.8167
753,28,Pulp Fiction (1994),Crime,Crime,4.7423
753,31,Star Wars (1977),Sci-Fi,Action|Adventure|Sci-Fi,4.1725
753,30,Schindler's List (1993),Drama,Drama,4.3654
753,27,Forrest Gump (1994),Drama,Drama|Comedy|Romance,4.081
753,33,Fargo (1996),Crime,Crime|Drama|Thriller,4.987
753,12,"Usual Suspects, The (1995)",Crime,Crime,4.1126
753,1,Toy Story (1995),Animation,Animation|Childrens|Comedy,4.2995
753,29,"Silence of the Lambs, The (1991)",Thriller,Thriller,4.6174
754,26,"Shawshank Redemption, The (1994)",Drama,Drama,4.6317
754,34,GoodFellas (1990),Crime,Crime|Drama,4.2875
754,29,"Silence of the Lambs, The (1991)",Thriller,Thriller,4.2677
754,28,Pulp Fiction (1994),Crime,Crime,4.3863
754,33,Fargo (1996),Crime,Crime|Drama|Thriller,4.3002
754,31,Star Wars (1977),Sci-Fi,Action|Adventure|Sci-Fi,4.794
754,30,Schindler's List (1993),Drama,Drama,4.358
754,1,Toy Story (1995),Animation,Animation|Childrens|Comedy,4.1547
754,12,"Usual Suspects, The (1995)",Crime,Crime,4.7298
754,27,Forrest Gump (1994),Drama,Drama|Comedy|Romance,4.8253
755,12,"Usual Suspects, The (1995)",Crime,Crime,4.1475
755,33,Fargo (1996),Crime,Crime|Drama|Thriller,4.8463
755,26,"Shawshank Redemption, The (1994)",Drama,Drama,4.8165
755,30,Schindler's List (1993),Drama,Drama,4.8804
755,34,GoodFellas (1990),Crime,Crime|Drama,4.2662
755,28,Pulp Fiction (1994),Crime,Crime,4.5696
755,27,Forrest Gump (1994),Drama,Drama|Comedy|Romance,4.1338
755,1,Toy Story (1995),Animation,Animation|Childrens|Comedy,4.017
755,31,Star Wars (1977),Sci-Fi,Action|Adventure|Sci-Fi,3.8263
755,29,"Silence of the Lambs, The (1991)",Thriller,Thriller,4.0681
756,12,"Usual Suspects, The (1995)",Crime,Crime,4.238
756,29,"Silence of the Lambs, The (1991)",Thriller,Thriller,4.2903
756,26,"Shawshank Redemption, The (1994)",Drama,Drama,4.111
756,34,GoodFellas (1990),Crime,Crime|Drama,4.6383
756,1,Toy Story (1995),Animation,Animation|Childrens|Comedy,4.7098
756,27,Forrest Gump (1994),Drama,Drama|Comedy|Romance,4.7877
756,31,Star Wars (1977),Sci-Fi,Action|Adventure|Sci-Fi,4.2095
756,28,Pulp Fiction (1994),Crime,Crime,4.7176
756,33,Fargo (1996),Crime,Crime|Drama|Thriller,4.5652
756,30,Schindler's List (1993),Drama,Drama,4.9495
757,34,GoodFellas (1990),Crime,Crime|Drama,4.434
757,30,Schindler's List (1993),Drama,Drama,3.8487
757,28,Pulp Fiction (1994),Crime,Crime,4.1746
757,1,Toy Story (1995),Animation,Animation|Childrens|Comedy,4.9468
757,33,Fargo (1996),Crime,Crime|Drama|Thriller,4.3113
757,12,"Usual Suspects, The (1995)",Crime,Crime,4.024
757,27,Forrest Gump (1994),Drama,Drama|Comedy|Romance,4.416
757,26,"Shawshank Redemption, The (1994)",Drama,Drama,3.8405
757,29,"Silence of the Lambs, The (1991)",Thriller,Thriller,4.4192
757,31,Star Wars (1977),Sci-Fi,Action|Adventure|Sci-Fi,4.5131
758,26,"Shawshank Redemption, The (1994)",Drama,Drama,3.9221
758,12,"Usual Suspects, The (1995)",Crime,Crime,3.9048
758,27,Forrest Gump (1994),Drama,Drama|Comedy|Romance,4.4569
758,33,Fargo (1996),Crime,Crime|Drama|Thriller,4.0585
758,30,Schindler's List (1993),Drama,Drama,4.8322
758,1,Toy Story (1995),Animation,Animation|Childrens|Comedy,4.3349
758,28,Pulp Fiction (1994),Crime,Crime,4.6346
758,31,Star Wars (1977),Sci-Fi,Action|Adventure|Sci-Fi,4.5834
758,29,"Silence of the Lambs, The (1991)",Thriller,Thriller,4.1838
758,34,GoodFellas (1990),Crime,Crime|Drama,4.0918
759,30,Schindler's List (1993),Drama,Drama,4.639
759,34,GoodFellas (1990),Crime,Crime|Drama,4.3269
759,1,Toy Story (1995),Animation,Animation|Childrens|Comedy,4.6775
759,12,"Usual Suspects, The (1995)",Crime,Crime,4.913
759,27,Forrest Gump (1994),Drama,Drama|Comedy|Romance,4.7
759,31,Star Wars (1977),Sci-Fi,Action|Adventure|Sci-Fi,4.3304
759,28,Pulp Fiction (1994),Crime,Crime,3.9812
759,33,Fargo (1996),Crime,Crime|Drama|Thriller,4.7676
759,26,"Shawshank Redemption, The (1994)",Drama,Drama,4.3528
759,29,"Silence of the Lambs, The (1991)",Thriller,Thriller,3.8904
760,29,"Silence of the Lambs, The (1991)",Thriller,Thriller,4.9702
760,33,Fargo (1996),Crime,Crime|Drama|Thriller,4.056
760,31,Star Wars (1977),Sci-Fi,Action|Adventure|Sci-Fi,4.0029
760,28,Pulp Fiction (1994),Crime,Crime,4.2348
760,27,Forrest Gump (1994),Drama,Drama|Comedy|Romance,4.896
760,30,Schindler's List (1993),Drama,Drama,4.3714
760,34,GoodFellas (1990),Crime,Crime|Drama,4.9047
760,12,"Usual Suspects, The (1995)",Crime,Crime,4.2012
760,1,Toy Story (1995),Animation,Animation|Childrens|Comedy,4.0718
760,26,"Shawshank Redemption, The (1994)",Drama,Drama,4.3942
761,33,Fargo (1996),Crime,Crime|Drama|Thriller,4.2438
761,34,GoodFellas (1990),Crime,Crime|Drama,3.8957
761,31,Star Wars (1977),Sci-Fi,Action|Adventure|Sci-Fi,3.9658
761,12,"Usual Suspects, The (1995)",Crime,Crime,4.2469
761,26,"Shawshank Redemption, The (1994)",Drama,Drama,4.9094
761,29,"Silence of the Lambs, The (1991)",Thriller,Thriller,4.2548
761,30,Schindler's List (1993),Drama,Drama,3.8728
761,1,Toy Story (1995),Animation,Animation|Childrens|Comedy,4.3016
761,27,Forrest Gump (1994),Drama,Drama|Comedy|Romance,4.6026
761,28,Pulp Fiction (1994),Crime,Crime,4.5123
762,29,"Silence of the Lambs, The (1991)",Thriller,Thriller,4.5913
762,12,"Usual Suspects, The (1995)",Crime,Crime,4.9543
762,31,Star Wars (1977),Sci-Fi,Action|Adventure|Sci-Fi,4.3063
762,1,Toy Story (1995),Animation,Animation|Childrens|Comedy,4.7179
762,28,Pulp Fiction (1994),Crime,Crime,3.9398
762,34,GoodFellas (1990),Crime,Crime|Drama,4.8675
762,33,Fargo (1996),Crime,Crime|Drama|Thriller,4.5597
762,27,Forrest Gump (1994),Drama,Drama|Comedy|Romance,4.5548
762,30,Schindler's List (1993),Drama,Drama,3.9709
762,26,"Shawshank Redemption, The (1994)",Drama,Drama,3.8475
763,26,"Shawshank Redemption, The (1994)",Drama,Drama,4.3064
763,33,Fargo (1996),Crime,Crime|Drama|Thriller,4.1193
763,29,"Silence of the Lambs, The (1991)",Thriller,Thriller,4.3289
763,27,Forrest Gump (1994),Drama,Drama|Comedy|Romance,4.813
763,1,Toy Story (1995),Animation,Animation|Childrens|Comedy,4.9125
763,28,Pulp Fiction (1994),Crime,Crime,4.385
763,30,Schindler's List (1993),Drama,Drama,4.4801
763,34,GoodFellas (1990),Crime,Crime|Drama,4.1086
763,12,"Usual Suspects, The (1995)",Crime,Crime,4.4163
763,31,Star Wars (1977),Sci-Fi,Action|Adventure|Sci-Fi,4.6977
764,28,Pulp Fiction (1994),Crime,Crime,4.1315
764,33,Fargo (1996),Crime,Crime|Drama|Thriller,4.0899
764,27,Forrest Gump (1994),Drama,Drama|Comedy|Romance,4.8062
764,29,"Silence of the Lambs, The (1991)",Thriller,Thriller,4.0176
764,30,Schindler's List (1993),Drama,Drama,4.5267
764,12,"Usual Suspects, The (1995)",Crime,Crime,4.3267
764,26,"Shawshank Redemption, The (1994)",Drama,Drama,4.3616
764,1,Toy Story (1995),Animation,Animation|Childrens|Comedy,4.3455
764,34,GoodFellas (1990),Crime,Crime|Drama,4.8799
764,31,Star Wars (1977),Sci-Fi,Action|Adventure|Sci-Fi,3.9045
765,31,Star Wars (1977),Sci-Fi,Action|Adventure|Sci-Fi,4.8883
765,26,"Shawshank Redemption, The (1994)",Drama,Drama,4.4797
765,27,Forrest Gump (1994),Drama,Drama|Comedy|Romance,4.7597
765,1,Toy Story (1995),Animation,Animation|Childrens|Comedy,4.9769
765,34,GoodFellas (1990),Crime,Crime|Drama,4.6467
765,28,Pulp Fiction (1994),Crime,Crime,4.488
765,30,Schindler's List (1993),Drama,Drama,3.845
765,12,"Usual Suspects, The (1995)",Crime,Crime,4.2494
765,29,"Silence of the Lambs, The (1991)",Thriller,Thriller,4.4785
765,33,Fargo (1996),Crime,Crime|Drama|Thriller,4.7566
766,29,"Silence of the Lambs, The (1991)",Thriller,Thriller,4.4897
766,30,Schindler's List (1993),Drama,Drama,4.641
766,28,Pulp Fiction (1994),Crime,Crime,4.3014
766,34,GoodFellas (1990),Crime,Crime|Drama,4.135
766,27,Forrest Gump (1994),Drama,Drama|Comedy|Romance,4.4554
766,33,Fargo (1996),Crime,Crime|Drama|Thriller,4.2499
766,12,"Usual Suspects, The (1995)",Crime,Crime,4.0675
766,31,Star Wars (1977),Sci-Fi,Action|Adventure|Sci-Fi,4.8071
766,26,"Shawshank Redemption, The (1994)",Drama,Drama,4.371
766,1,Toy Story (1995),Animation,Animation|Childrens|Comedy,4.8168
767,12,"Usual Suspects, The (1995)",Crime,Crime,4.5625
767,29,"Silence of the Lambs, The (1991)",Thriller,Thriller,4.6569
767,31,Star Wars (1977),Sci-Fi,Action|Adventure|Sci-Fi,4.315
767,34,GoodFellas (1990),Crime,Crime|Drama,4.6732
767,33,Fargo (1996),Crime,Crime|Drama|Thriller,3.9725
767,28,Pulp Fiction (1994),Crime,Crime,3.9951
767,30,Schindler's List (1993),Drama,Drama,3.9954
767,27,Forrest Gump (1994),Drama,Drama|Comedy|Romance,4.869
767,1,Toy Story (1995),Animation,Animation|Childrens|Comedy,3.8912
767,26,"Shawshank Redemption, The (1994)",Drama,Drama,4.7618
768,34,GoodFellas (1990),Crime,Crime|Drama,4.5255
768,12,"Usual Suspects, The (1995)",Crime,Crime,3.9887
768,1,Toy Story (1995),Animation,Animation|Childrens|Comedy,4.8778
768,26,"Shawshank Redemption, The (1994)",Drama,Drama,4.3581
768,28,Pulp Fiction (1994),Crime,Crime,4.2398
768,30,Schindler's List (1993),Drama,Drama,3.952
768,27,Forrest Gump (1994),Drama,Drama|Comedy|Romance,4.0015
768,29,"Silence of the Lambs, The (1991)",Thriller,Thriller,4.9044
768,31,Star Wars (1977),Sci-Fi,Action|Adventure|Sci-Fi,4.3479
768,33,Fargo (1996),Crime,Crime|Drama|Thriller,4.6666
769,31,Star Wars (1977),Sci-Fi,Action|Adventure|Sci-Fi,3.8748
769,28,Pulp Fiction (1994),Crime,Crime,4.2545
769,33,Fargo (1996),Crime,Crime|Drama|Thriller,3.9029
769,34,GoodFellas (1990),Crime,Crime|Drama,4.8336
769,30,Schindler's List (1993),Drama,Drama,4.546
769,27,Forrest Gump (1994),Drama,Drama|Comedy|Romance,4.9477
769,1,Toy Story (1995),Animation,Animation|Childrens|Comedy,3.8237
769,26,"Shawshank Redemption, The (1994)",Drama,Drama,4.3077
769,12,"Usual Suspects, The (1995)",Crime,Crime,3.9252
769,29,"Silence of the Lambs, The (1991)",Thriller,Thriller,4.2206
770,30,Schindler's List (1993),Drama,Drama,4.7471
770,34,GoodFellas (1990),Crime,Crime|Drama,4.3098
770,12,"Usual Suspects, The (1995)",Crime,Crime,4.1232
770,29,"Silence of the Lambs, The (1991)",Thriller,Thriller,4.8344
770,28,Pulp Fiction (1994),Crime,Crime,4.5162
770,27,Forrest Gump (1994),Drama,Drama|Comedy|Romance,4.5098
770,33,Fargo (1996),Crime,Crime|Drama|Thriller,4.533
770,31,Star Wars (1977),Sci-Fi,Action|Adventure|Sci-Fi,4.6626
770,1,Toy Story (1995),Animation,Animation|Childrens|Comedy,4.1757
770,26,"Shawshank Redemption, The (1994)",Drama,Drama,3.8406
771,34,GoodFellas (1990),Crime,Crime|Drama,4.246
771,30,Schindler's List (1993),Drama,Drama,4.9163
771,29,"Silence of the Lambs, The (1991)",Thriller,Thriller,4.3309
771,28,Pulp Fiction (1994),Crime,Crime,4.7631
771,26,"Shawshank Redemption, The (1994)",Drama,Drama,4.9126
771,1,Toy Story (1995),Animation,Animation|Childrens|Comedy,4.9692
771,12,"Usual Suspects, The (1995)",Crime,Crime,4.878
771,27,Forrest Gump (1994),Drama,Drama|Comedy|Romance,4.1809
771,33,Fargo (1996),Crime,Crime|Drama|Thriller,4.9551
771,31,Star Wars (1977),Sci-Fi,Action|Adventure|Sci-Fi,4.7749
772,1,Toy Story (1995),Animation,Animation|Childrens|Comedy,4.471
772,29,"Silence of the Lambs, The (1991)",Thriller,Thriller,3.9933
772,12,"Usual Suspects, The (1995)",Crime,Crime,4.0246
772,28,Pulp Fiction (1994),Crime,Crime,4.3236
772,31,Star Wars (1977),Sci-Fi,Action|Adventure|Sci-Fi,4.3305
772,26,"Shawshank Redemption, The (1994)",Drama,Drama,4.1293
772,33,Fargo (1996),Crime,Crime|Drama|Thriller,3.9583
772,27,Forrest Gump (1994),Drama,Drama|Comedy|Romance,4.9339
772,34,GoodFellas (1990),Crime,Crime|Drama,3.958
772,30,Schindler's List (1993),Drama,Drama,4.2209
773,26,"Shawshank Redemption, The (1994)",Drama,Drama,4.6663
773,29,"Silence of the Lambs, The (1991)",Thriller,Thriller,4.6574
773,27,Forrest Gump (1994),Drama,Drama|Comedy|Romance,4.3013
773,28,Pulp Fiction (1994),Crime,Crime,3.9516
773,33,Fargo (1996),Crime,Crime|Drama|Thriller,4.246
773,31,Star Wars (1977),Sci-Fi,Action|Adventure|Sci-Fi,4.5079
773,34,GoodFellas (1990),Crime,Crime|Drama,4.6447
773,1,Toy Story (1995),Animation,Animation|Childrens|Comedy,3.8939
773,12,"Usual Suspects, The (1995)",Crime,Crime,4.4676
773,30,Schindler's List (1993),Drama,Drama,4.1313
774,12,"Usual Suspects, The (1995)",Crime,Crime,4.9969
774,30,Schindler's List (1993),Drama,Drama,4.2706
774,1,Toy Story (1995),Animation,Animation|Childrens|Comedy,4.6678
774,26,"Shawshank Redemption, The (1994)",Drama,Drama,4.4869
774,27,Forrest Gump (1994),Drama,Drama|Comedy|Romance,4.384
774,33,Fargo (1996),Crime,Crime|Drama|Thriller,4.6377
774,31,Star Wars (1977),Sci-Fi,Action|Adventure|Sci-Fi,4.2749
774,28,Pulp Fiction (1994),Crime,Crime,3.9513
774,34,GoodFellas (1990),Crime,Crime|Drama,4.3867
774,29,"Silence of the Lambs, The (1991)",Thriller,Thriller,4.4263
775,31,Star Wars (1977),Sci-Fi,Action|Adventure|Sci-Fi,4.4255
775,26,"Shawshank Redemption, The (1994)",Drama,Drama,4.7679
775,33,Fargo (1996),Crime,Crime|Drama|Thriller,3.8048
775,29,"Silence of the Lambs, The (1991)",Thriller,Thriller,4.0369
775,27,Forrest Gump (1994),Drama,Drama|Comedy|Romance,4.3954
775,34,GoodFellas (1990),Crime,Crime|Drama,4.6464
775,30,Schindler's List (1993),Drama,Drama,4.382
775,28,Pulp Fiction (1994),Crime,Crime,3.9965
775,12,"Usual Suspects, The (1995)",Crime,Crime,4.916
775,1,Toy Story (1995),Animation,Animation|Childrens|Comedy,4.1944
776,33,Fargo (1996),Crime,Crime|Drama|Thriller,4.1016
776,28,Pulp Fiction (1994),Crime,Crime,4.9175
776,1,Toy Story (1995),Animation,Animation|Childrens|Comedy,3.8784
776,31,Star Wars (1977),Sci-Fi,Action|Adventure|Sci-Fi,4.7524
776,30,Schindler's List (1993),Drama,Drama,4.3228
776,12,"Usual Suspects, The (1995)",Crime,Crime,4.0135
776,34,GoodFellas (1990),Crime,Crime|Drama,3.8953
776,26,"Shawshank Redemption, The (1994)",Drama,Drama,4.2675
776,27,Forrest Gump (1994),Drama,Drama|Comedy|Romance,4.2672
776,29,"Silence of the Lambs, The (1991)",Thriller,Thriller,4.0759
777,34,GoodFellas (1990),Crime,Crime|Drama,4.5335
777,28,Pulp Fiction (1994),Crime,Crime,3.8245
777,1,Toy Story (1995),Animation,Animation|Childrens|Comedy,4.4229
777,30,Schindler's List (1993),Drama,Drama,4.7149
777,27,Forrest Gump (1994),Drama,Drama|Comedy|Romance,3.8677
777,26,"Shawshank Redemption, The (1994)",Drama,Drama,4.3071
777,29,"Silence of the Lambs, The (1991)",Thriller,Thriller,4.3415
777,31,Star Wars (1977),Sci-Fi,Action|Adventure|Sci-Fi,4.9448
777,12,"Usual Suspects, The (1995)",Crime,Crime,4.3708
777,33,Fargo (1996),Crime,Crime|Drama|Thriller,4.6999
778,30,Schindler's List (1993),Drama,Drama,3.8641
778,27,Forrest Gump (1994),Drama,Drama|Comedy|Romance,4.0362
778,34,GoodFellas (1990),Crime,Crime|Drama,4.6469
778,26,"Shawshank Redemption, The (1994)",Drama,Drama,4.4931
778,31,Star Wars (1977),Sci-Fi,Action|Adventure|Sci-Fi,4.1018
778,12,"Usual Suspects, The (1995)",Crime,Crime,4.147
778,1,Toy Story (1995),Animation,Animation|Childrens|Comedy,4.2408
778,33,Fargo (1996),Crime,Crime|Drama|Thriller,4.3404
778,28,Pulp Fiction (1994),Crime,Crime,4.7816
778,29,"Silence of the Lambs, The (1991)",Thriller,Thriller,3.8166
779,31,Star Wars (1977),Sci-Fi,Action|Adventure|Sci-Fi,4.0015
779,33,Fargo (1996),Crime,Crime|Drama|Thriller,4.0445
779,26,"Shawshank Redemption, The (1994)",Drama,Drama,4.756
779,1,Toy Story (1995),Animation,Animation|Childrens|Comedy,4.1264
779,34,GoodFellas (1990),Crime,Crime|Drama,4.7551
779,12,"Usual Suspects, The (1995)",Crime,Crime,4.4486
779,30,Schindler's List (1993),Drama,Drama,4.7206
779,28,Pulp Fiction (1994),Crime,Crime,4.4644
779,29,"Silence of the Lambs, The (1991)",Thriller,Thriller,4.2029
779,27,Forrest Gump (1994),Drama,Drama|Comedy|Romance,4.8929
780,30,Schindler's List (1993),Drama,Drama,4.3085
780,34,GoodFellas (1990),Crime,Crime|Drama,4.1819
780,26,"Shawshank Redemption, The (1994)",Drama,Drama,4.9994
780,33,Fargo (1996),Crime,Crime|Drama|Thriller,4.4961
780,28,Pulp Fiction (1994),Crime,Crime,3.9105
780,12,"Usual Suspects, The (1995)",Crime,Crime,4.4229
780,27,Forrest Gump (1994),Drama,Drama|Comedy|Romance,3.86
780,31,Star Wars (1977),Sci-Fi,Action|Adventure|Sci-Fi,4.1464
780,1,Toy Story (1995),Animation,Animation|Childrens|Comedy,4.3352
780,29,"Silence of the Lambs, The (1991)",Thriller,Thriller,4.4411
781,28,Pulp Fiction (1994),Crime,Crime,4.1932
781,30,Schindler's List (1993),Drama,Drama,4.9078
781,12,"Usual Suspects, The (1995)",Crime,Crime,4.8602
781,29,"Silence of the Lambs, The (1991)",Thriller,Thriller,4.659
781,1,Toy Story (1995),Animation,Animation|Childrens|Comedy,4.2364
781,34,GoodFellas (1990),Crime,Crime|Drama,4.7503
781,33,Fargo (1996),Crime,Crime|Drama|Thriller,4.1793
781,31,Star Wars (1977),Sci-Fi,Action|Adventure|Sci-Fi,4.1035
781,26,"Shawshank Redemption, The (1994)",Drama,Drama,4.418
781,27,Forrest Gump (1994),Drama,Drama|Comedy|Romance,4.9966
782,29,"Silence of the Lambs, The (1991)",Thriller,Thriller,4.7759
782,31,Star Wars (1977),Sci-Fi,Action|Adventure|Sci-Fi,4.3853
782,34,GoodFellas (1990),Crime,Crime|Drama,4.7047
782,28,Pulp Fiction (1994),Crime,Crime,4.8413
782,30,Schindler's List (1993),Drama,Drama,4.2697
782,26,"Shawshank Redemption, The (1994)",Drama,Drama,3.8163
782,1,Toy Story (1995),Animation,Animation|Childrens|Comedy,4.1059
782,27,Forrest Gump (1994),Drama,Drama|Comedy|Romance,4.8979
782,12,"Usual Suspects, The (1995)",Crime,Crime,4.6251
782,33,Fargo (1996),Crime,Crime|Drama|Thriller,4.6847
783,33,Fargo (1996),Crime,Crime|Drama|Thriller,4.1951
783,27,Forrest Gump (1994),Drama,Drama|Comedy|Romance,4.243
783,34,GoodFellas (1990),Crime,Crime|Drama,3.9101
783,29,"Silence of the Lambs, The (1991)",Thriller,Thriller,4.55
783,28,Pulp Fiction (1994),Crime,Crime,4.0863
783,26,"Shawshank Redemption, The (1994)",Drama,Drama,4.764
783,30,Schindler's List (1993),Drama,Drama,4.273
783,31,Star Wars (1977),Sci-Fi,Action|Adventure|Sci-Fi,4.3503
783,1,Toy Story (1995),Animation,Animation|Childrens|Comedy,4.5757
783,12,"Usual Suspects, The (1995)",Crime,Crime,4.7142
784,1,Toy Story (1995),Animation,Animation|Childrens|Comedy,4.322
784,27,Forrest Gump (1994),Drama,Drama|Comedy|Romance,4.5829
784,30,Schindler's List (1993),Drama,Drama,4.0459
784,31,Star Wars (1977),Sci-Fi,Action|Adventure|Sci-Fi,4.3646
784,12,"Usual Suspects, The (1995)",Crime,Crime,4.9761
784,26,"Shawshank Redemption, The (1994)",Drama,Drama,4.0343
784,33,Fargo (1996),Crime,Crime|Drama|Thriller,4.5637
784,28,Pulp Fiction (1994),Crime,Crime,4.4907
784,34,GoodFellas (1990),Crime,Crime|Drama,4.4781
784,29,"Silence of the Lambs, The (1991)",Thriller,Thriller,4.5381
785,30,Schindler's List (1993),Drama,Drama,4.2959
785,1,Toy Story (1995),Animation,Animation|Childrens|Comedy,4.7247
785,34,GoodFellas (1990),Crime,Crime|Drama,4.9761
785,26,"Shawshank Redemption, The (1994)",Drama,Drama,4.9414
785,27,Forrest Gump (1994),Drama,Drama|Comedy|Romance,4.8792
785,33,Fargo (1996),Crime,Crime|Drama|Thriller,3.99
785,12,"Usual Suspects, The (1995)",Crime,Crime,4.8974
785,28,Pulp Fiction (1994),Crime,Crime,4.8541
785,31,Star Wars (1977),Sci-Fi,Action|Adventure|Sci-Fi,4.2523
785,29,"Silence of the Lambs, The (1991)",Thriller,Thriller,4.2734
786,28,Pulp Fiction (1994),Crime,Crime,4.0059
786,33,Fargo (1996),Crime,Crime|Drama|Thriller,3.9903
786,34,GoodFellas (1990),Crime,Crime|Drama,4.8088
786,1,Toy Story (1995),Animation,Animation|Childrens|Comedy,4.8431
786,31,Star Wars (1977),Sci-Fi,Action|Adventure|Sci-Fi,3.9116
786,26,"Shawshank Redemption, The (1994)",Drama,Drama,4.8905
786,29,"Silence of the Lambs, The (1991)",Thriller,Thriller,4.128
786,12,"Usual Suspects, The (1995)",Crime,Crime,4.5423
786,30,Schindler's List (1993),Drama,Drama,3.8823
786,27,Forrest Gump (1994),Drama,Drama|Comedy|Romance,4.2568
787,33,Fargo (1996),Crime,Crime|Drama|Thriller,4.9047
787,29,"Silence of the Lambs, The (1991)",Thriller,Thriller,4.7067
787,31,Star Wars (1977),Sci-Fi,Action|Adventure|Sci-Fi,4.6094
787,1,Toy Story (1995),Animation,Animation|Childrens|Comedy,4.3592
787,26,"Shawshank Redemption, The (1994)",Drama,Drama,4.5265
787,34,GoodFellas (1990),Crime,Crime|Drama,3.913
787,27,Forrest Gump (1994),Drama,Drama|Comedy|Romance,4.8607
787,30,Schindler's List (1993),Drama,Drama,4.4525
787,12,"Usual Suspects, The (1995)",Crime,Crime,3.8482
787,28,Pulp Fiction (1994),Crime,Crime,4.9039
788,1,Toy Story (1995),Animation,Animation|Childrens|Comedy,3.8428
788,33,Fargo (1996),Crime,Crime|Drama|Thriller,4.9696
788,31,Star Wars (1977),Sci-Fi,Action|Adventure|Sci-Fi,3.8172
788,26,"Shawshank Redemption, The (1994)",Drama,Drama,4.9528
788,12,"Usual Suspects, The (1995)",Crime,Crime,4.7946
788,27,Forrest Gump (1994),Drama,Drama|Comedy|Romance,4.8945
788,29,"Silence of the Lambs, The (1991)",Thriller,Thriller,4.2646
788,28,Pulp Fiction (1994),Crime,Crime,4.0366
788,34,GoodFellas (1990),Crime,Crime|Drama,4.5278
788,30,Schindler's List (1993),Drama,Drama,4.6895
789,30,Schindler's List (1993),Drama,Drama,3.8753
789,31,Star Wars (1977),Sci-Fi,Action|Adventure|Sci-Fi,3.9759
789,1,Toy Story (1995),Animation,Animation|Childrens|Comedy,3.9758
789,33,Fargo (1996),Crime,Crime|Drama|Thriller,4.0441
789,34,GoodFellas (1990),Crime,Crime|Drama,4.1434
789,12,"Usual Suspects, The (1995)",Crime,Crime,4.778
789,29,"Silence of the Lambs, The (1991)",Thriller,Thriller,4.8989
789,27,Forrest Gump (1994),Drama,Drama|Comedy|Romance,4.2875
789,28,Pulp Fiction (1994),Crime,Crime,3.9539
789,26,"Shawshank Redemption, The (1994)",Drama,Drama,4.0686
790,27,Forrest Gump (1994),Drama,Drama|Comedy|Romance,3.8974
790,33,Fargo (1996),Crime,Crime|Drama|Thriller,4.8677
790,31,Star Wars (1977),Sci-Fi,Action|Adventure|Sci-Fi,4.494
790,12,"Usual Suspects, The (1995)",Crime,Crime,4.9407
790,26,"Shawshank Redemption, The (1994)",Drama,Drama,3.9778
790,30,Schindler's List (1993),Drama,Drama,4.9923
790,34,GoodFellas (1990),Crime,Crime|Drama,4.5731
790,29,"Silence of the Lambs, The (1991)",Thriller,Thriller,4.481
790,1,Toy Story (1995),Animation,Animation|Childrens|Comedy,4.4183
790,28,Pulp Fiction (1994),Crime,Crime,3.8284
791,12,"Usual Suspects, The (1995)",Crime,Crime,4.7848
791,1,Toy Story (1995),Animation,Animation|Childrens|Comedy,4.933
791,29,"Silence of the Lambs, The (1991)",Thriller,Thriller,4.5906
791,26,"Shawshank Redemption, The (1994)",Drama,Drama,4.3713
791,31,Star Wars (1977),Sci-Fi,Action|Adventure|Sci-Fi,4.1814
791,27,Forrest Gump (1994),Drama,Drama|Comedy|Romance,4.2323
791,28,Pulp Fiction (1994),Crime,Crime,4.2014
791,34,GoodFellas (1990),Crime,Crime|Drama,4.1894
791,33,Fargo (1996),Crime,Crime|Drama|Thriller,4.6336
791,30,Schindler's List (1993),Drama,Drama,4.5053
792,12,"Usual Suspects, The (1995)",Crime,Crime,4.3438
792,27,Forrest Gump (1994),Drama,Drama|Comedy|Romance,4.0671
792,28,Pulp Fiction (1994),Crime,Crime,4.6861
792,33,Fargo (1996),Crime,Crime|Drama|Thriller,4.885
792,31,Star Wars (1977),Sci-Fi,Action|Adventure|Sci-Fi,4.0824
792,1,Toy Story (1995),Animation,Animation|Childrens|Comedy,4.0105
792,29,"Silence of the Lambs, The (1991)",Thriller,Thriller,4.6355
792,30,Schindler's List (1993),Drama,Drama,4.9724
792,34,GoodFellas (1990),Crime,Crime|Drama,4.6999
792,26,"Shawshank Redemption, The (1994)",Drama,Drama,4.1415
793,28,Pulp Fiction (1994),Crime,Crime,4.9256
793,26,"Shawshank Redemption, The (1994)",Drama,Drama,4.584
793,34,GoodFellas (1990),Crime,Crime|Drama,4.9646
793,30,Schindler's List (1993),Drama,Drama,4.4961
793,29,"Silence of the Lambs, The (1991)",Thriller,Thriller,4.7854
793,33,Fargo (1996),Crime,Crime|Drama|Thriller,4.7757
793,1,Toy Story (1995),Animation,Animation|Childrens|Comedy,4.2048
793,12,"Usual Suspects, The (1995)",Crime,Crime,4.9568
793,27,Forrest Gump (1994),Drama,Drama|Comedy|Romance,3.8263
793,31,Star Wars (1977),Sci-Fi,Action|Adventure|Sci-Fi,4.7225
794,27,Forrest Gump (1994),Drama,Drama|Comedy|Romance,4.8187
794,34,GoodFellas (1990),Crime,Crime|Drama,4.3796
794,31,Star Wars (1977),Sci-Fi,Action|Adventure|Sci-Fi,4.6035
794,26,"Shawshank Redemption, The (1994)",Drama,Drama,4.7745
794,30,Schindler's List (1993),Drama,Drama,4.4938
794,33,Fargo (1996),Crime,Crime|Drama|Thriller,3.8738
794,1,Toy Story (1995),Animation,Animation|Childrens|Comedy,4.3645
794,29,"Silence of the Lambs, The (1991)",Thriller,Thriller,3.9567
794,28,Pulp Fiction (1994),Crime,Crime,4.6578
794,12,"Usual Suspects, The (1995)",Crime,Crime,4.6168
795,26,"Shawshank Redemption, The (1994)",Drama,Drama,4.3093
795,34,GoodFellas (1990),Crime,Crime|Drama,4.6526
795,1,Toy Story (1995),Animation,Animation|Childrens|Comedy,4.8412
795,30,Schindler's List (1993),Drama,Drama,4.9708
795,28,Pulp Fiction (1994),Crime,Crime,4.9428
795,29,"Silence of the Lambs, The (1991)",Thriller,Thriller,4.1904
795,12,"Usual Suspects, The (1995)",Crime,Crime,4.306
795,31,Star Wars (1977),Sci-Fi,Action|Adventure|Sci-Fi,3.9314
795,27,Forrest Gump (1994),Drama,Drama|Comedy|Romance,4.0971
795,33,Fargo (1996),Crime,Crime|Drama|Thriller,4.8589
796,33,Fargo (1996),Crime,Crime|Drama|Thriller,4.271
796,1,Toy Story (1995),Animation,Animation|Childrens|Comedy,3.9564
796,30,Schindler's List (1993),Drama,Drama,4.1846
796,27,Forrest Gump (1994),Drama,Drama|Comedy|Romance,4.0325
796,31,Star Wars (1977),Sci-Fi,Action|Adventure|Sci-Fi,4.5462
796,29,"Silence of the Lambs, The (1991)",Thriller,Thriller,4.2282
796,34,GoodFellas (1990),Crime,Crime|Drama,4.154
796,26,"Shawshank Redemption, The (1994)",Drama,Drama,4.7086
796,12,"Usual Suspects, The (1995)",Crime,Crime,4.0767
796,28,Pulp Fiction (1994),Crime,Crime,4.5043
797,27,Forrest Gump (1994),Drama,Drama|Comedy|Romance,4.6992
797,1,Toy Story (1995),Animation,Animation|Childrens|Comedy,3.8876
797,34,GoodFellas (1990),Crime,Crime|Drama,4.5915
797,29,"Silence of the Lambs, The (1991)",Thriller,Thriller,4.6592
797,28,Pulp Fiction (1994),Crime,Crime,4.5847
797,33,Fargo (1996),Crime,Crime|Drama|Thriller,4.7128
797,26,"Shawshank Redemption, The (1994)",Drama,Drama,4.0138
797,12,"Usual Suspects, The (1995)",Crime,Crime,4.5045
797,30,Schindler's List (1993),Drama,Drama,4.9294
797,31,Star Wars (1977),Sci-Fi,Action|Adventure|Sci-Fi,4.5329
798,1,Toy Story (1995),Animation,Animation|Childrens|Comedy,4.8441
798,33,Fargo (1996),Crime,Crime|Drama|Thriller,4.0623
798,27,Forrest Gump (1994),Drama,Drama|Comedy|Romance,4.3471
798,30,Schindler's List (1993),Drama,Drama,4.8228
798,28,Pulp Fiction (1994),Crime,Crime,4.7887
798,12,"Usual Suspects, The (1995)",Crime,Crime,4.8703
798,26,"Shawshank Redemption, The (1994)",Drama,Drama,4.9285
798,29,"Silence of the Lambs, The (1991)",Thriller,Thriller,4.3366
798,34,GoodFellas (1990),Crime,Crime|Drama,4.5876
798,31,Star Wars (1977),Sci-Fi,Action|Adventure|Sci-Fi,4.2686
799,28,Pulp Fiction (1994),Crime,Crime,4.8475
799,29,"Silence of the Lambs, The (1991)",Thriller,Thriller,4.4301
799,1,Toy Story (1995),Animation,Animation|Childrens|Comedy,4.4548
799,34,GoodFellas (1990),Crime,Crime|Drama,4.1371
799,27,Forrest Gump (1994),Drama,Drama|Comedy|Romance,4.3554
799,26,"Shawshank Redemption, The (1994)",Drama,Drama,4.9362
799,30,Schindler's List (1993),Drama,Drama,4.6723
799,33,Fargo (1996),Crime,Crime|Drama|Thriller,3.8143
799,31,Star Wars (1977),Sci-Fi,Action|Adventure|Sci-Fi,3.9398
799,12,"Usual Suspects, The (1995)",Crime,Crime,4.9086
800,1,Toy Story (1995),Animation,Animation|Childrens|Comedy,4.524
800,30,Schindler's List (1993),Drama,Drama,4.6338
800,26,"Shawshank Redemption, The (1994)",Drama,Drama,4.2499
800,12,"Usual Suspects, The (1995)",Crime,Crime,4.3165
800,31,Star Wars (1977),Sci-Fi,Action|Adventure|Sci-Fi,4.0492
800,34,GoodFellas (1990),Crime,Crime|Drama,4.9377
800,33,Fargo (1996),Crime,Crime|Drama|Thriller,4.9359
800,29,"Silence of the Lambs, The (1991)",Thriller,Thriller,4.7813
800,27,Forrest Gump (1994),Drama,Drama|Comedy|Romance,4.9227
800,28,Pulp Fiction (1994),Crime,Crime,4.5984
801,12,"Usual Suspects, The (1995)",Crime,Crime,4.2913
801,27,Forrest Gump (1994),Drama,Drama|Comedy|Romance,4.0774
801,34,GoodFellas (1990),Crime,Crime|Drama,4.9752
801,1,Toy Story (1995),Animation,Animation|Childrens|Comedy,4.3964
801,26,"Shawshank Redemption, The (1994)",Drama,Drama,4.9953
801,31,Star Wars (1977),Sci-Fi,Action|Adventure|Sci-Fi,4.3877
801,28,Pulp Fiction (1994),Crime,Crime,4.0637
801,33,Fargo (1996),Crime,Crime|Drama|Thriller,4.4089
801,29,"Silence of the Lambs, The (1991)",Thriller,Thriller,3.8475
801,30,Schindler's List (1993),Drama,Drama,4.8857
802,31,Star Wars (1977),Sci-Fi,Action|Adventure|Sci-Fi,4.4977
802,12,"Usual Suspects, The (1995)",Crime,Crime,4.9711
802,27,Forrest Gump (1994),Drama,Drama|Comedy|Romance,4.7934
802,33,Fargo (1996),Crime,Crime|Drama|Thriller,4.9982
802,26,"Shawshank Redemption, The (1994)",Drama,Drama,4.506
802,28,Pulp Fiction (1994),Crime,Crime,4.0455
802,1,Toy Story (1995),Animation,Animation|Childrens|Comedy,4.4044
802,29,"Silence of the Lambs, The (1991)",Thriller,Thriller,4.6533
802,34,GoodFellas (1990),Crime,Crime|Drama,4.7292
802,30,Schindler's List (1993),Drama,Drama,3.8006
803,34,GoodFellas (1990),Crime,Crime|Drama,4.9287
803,31,Star Wars (1977),Sci-Fi,Action|Adventure|Sci-Fi,4.0885
803,33,Fargo (1996),Crime,Crime|Drama|Thriller,3.914
803,28,Pulp Fiction (1994),Crime,Crime,3.8831
803,29,"Silence of the Lambs, The (1991)",Thriller,Thriller,4.4055
803,27,Forrest Gump (1994),Drama,Drama|Comedy|Romance,4.5701
803,30,Schindler's List (1993),Drama,Drama,4.1928
803,1,Toy Story (1995),Animation,Animation|Childrens|Comedy,4.6283
803,12,"Usual Suspects, The (1995)",Crime,Crime,3.8732
803,26,"Shawshank Redemption, The (1994)",Drama,Drama,4.8288
804,33,Fargo (1996),Crime,Crime|Drama|Thriller,4.9957
804,27,Forrest Gump (1994),Drama,Drama|Comedy|Romance,3.8189
804,30,Schindler's List (1993),Drama,Drama,4.9612
804,28,Pulp Fiction (1994),Crime,Crime,4.083
804,1,Toy Story (1995),Animation,Animation|Childrens|Comedy,4.6311
804,29,"Silence of the Lambs, The (1991)",Thriller,Thriller,4.151
804,31,Star Wars (1977),Sci-Fi,Action|Adventure|Sci-Fi,4.4262
804,26,"Shawshank Redemption, The (1994)",Drama,Drama,4.4125
804,34,GoodFellas (1990),Crime,Crime|Drama,4.2333
804,12,"Usual Suspects, The (1995)",Crime,Crime,4.6611
805,34,GoodFellas (1990),Crime,Crime|Drama,4.8256
805,29,"Silence of the Lambs, The (1991)",Thriller,Thriller,4.6788
805,12,"Usual Suspects, The (1995)",Crime,Crime,3.8952
805,33,Fargo (1996),Crime,Crime|Drama|Thriller,4.051
805,30,Schindler's List (1993),Drama,Drama,4.1743
805,26,"Shawshank Redemption, The (1994)",Drama,Drama,3.9397
805,27,Forrest Gump (1994),Drama,Drama|Comedy|Romance,4.3483
805,31,Star Wars (1977),Sci-Fi,Action|Adventure|Sci-Fi,4.9812
805,28,Pulp Fiction (1994),Crime,Crime,4.4175
805,1,Toy Story (1995),Animation,Animation|Childrens|Comedy,4.6903
806,12,"Usual Suspects, The (1995)",Crime,Crime,4.7241
806,26,"Shawshank Redemption, The (1994)",Drama,Drama,3.8064
806,33,Fargo (1996),Crime,Crime|Drama|Thriller,4.6848
806,34,GoodFellas (1990),Crime,Crime|Drama,4.6849
806,31,Star Wars (1977),Sci-Fi,Action|Adventure|Sci-Fi,4.3962
806,1,Toy Story (1995),Animation,Animation|Childrens|Comedy,3.8552
806,27,Forrest Gump (1994),Drama,Drama|Comedy|Romance,4.4959
806,29,"Silence of the Lambs, The (1991)",Thriller,Thriller,4.7189
806,28,Pulp Fiction (1994),Crime,Crime,4.125
806,30,Schindler's List (1993),Drama,Drama,4.6005
807,30,Schindler's List (1993),Drama,Drama,4.8817
807,33,Fargo (1996),Crime,Crime|Drama|Thriller,4.3454
807,34,GoodFellas (1990),Crime,Crime|Drama,4.0365
807,31,Star Wars (1977),Sci-Fi,Action|Adventure|Sci-Fi,3.9918
807,27,Forrest Gump (1994),Drama,Drama|Comedy|Romance,4.3676
807,28,Pulp Fiction (1994),Crime,Crime,4.7152
807,12,"Usual Suspects, The (1995)",Crime,Crime,4.9966
807,1,Toy Story (1995),Animation,Animation|Childrens|Comedy,4.7449
807,29,"Silence of the Lambs, The (1991)",Thriller,Thriller,4.8524
807,26,"Shawshank Redemption, The (1994)",Drama,Drama,4.6974
808,29,"Silence of the Lambs, The (1991)",Thriller,Thriller,4.7226
808,28,Pulp Fiction (1994),Crime,Crime,4.2591
808,30,Schindler's List (1993),Drama,Drama,4.4687
808,34,GoodFellas (1990),Crime,Crime|Drama,4.2399
808,12,"Usual Suspects, The (1995)",Crime,Crime,4.0352
808,1,Toy Story (1995),Animation,Animation|Childrens|Comedy,4.0982
808,26,"Shawshank Redemption, The (1994)",Drama,Drama,4.0664
808,27,Forrest Gump (1994),Drama,Drama|Comedy|Romance,4.4586
808,33,Fargo (1996),Crime,Crime|Drama|Thriller,4.8874
808,31,Star Wars (1977),Sci-Fi,Action|Adventure|Sci-Fi,4.8953
809,12,"Usual Suspects, The (1995)",Crime,Crime,4.2662
809,33,Fargo (1996),Crime,Crime|Drama|Thriller,4.5053
809,27,Forrest Gump (1994),Drama,Drama|Comedy|Romance,4.4938
809,28,Pulp Fiction (1994),Crime,Crime,4.4521
809,29,"Silence of the Lambs, The (1991)",Thriller,Thriller,4.2064
809,30,Schindler's List (1993),Drama,Drama,4.6477
809,26,"Shawshank Redemption, The (1994)",Drama,Drama,4.7918
809,1,Toy Story (1995),Animation,Animation|Childrens|Comedy,4.2155
809,34,GoodFellas (1990),Crime,Crime|Drama,3.9026
809,31,Star Wars (1977),Sci-Fi,Action|Adventure|Sci-Fi,4.1556
810,33,Fargo (1996),Crime,Crime|Drama|Thriller,4.5799
810,30,Schindler's List (1993),Drama,Drama,4.4201
810,28,Pulp Fiction (1994),Crime,Crime,4.0189
810,26,"Shawshank Redemption, The (1994)",Drama,Drama,4.7547
810,29,"Silence of the Lambs, The (1991)",Thriller,Thriller,4.9969
810,27,Forrest Gump (1994),Drama,Drama|Comedy|Romance,4.9631
810,34,GoodFellas (1990),Crime,Crime|Drama,4.733
810,1,Toy Story (1995),Animation,Animation|Childrens|Comedy,4.3017
810,31,Star Wars (1977),Sci-Fi,Action|Adventure|Sci-Fi,4.2048
810,12,"Usual Suspects, The (1995)",Crime,Crime,3.8823
811,30,Schindler's List (1993),Drama,Drama,4.8998
811,34,GoodFellas (1990),Crime,Crime|Drama,4.8197
811,27,Forrest Gump (1994),Drama,Drama|Comedy|Romance,4.7572
811,12,"Usual Suspects, The (1995)",Crime,Crime,4.9841
811,1,Toy Story (1995),Animation,Animation|Childrens|Comedy,4.6366
811,31,Star Wars (1977),Sci-Fi,Action|Adventure|Sci-Fi,4.7013
811,29,"Silence of the Lambs, The (1991)",Thriller,Thriller,4.9794
811,26,"Shawshank Redemption, The (1994)",Drama,Drama,3.8084
811,33,Fargo (1996),Crime,Crime|Drama|Thriller,4.5609
811,28,Pulp Fiction (1994),Crime,Crime,4.6868
812,31,Star Wars (1977),Sci-Fi,Action|Adventure|Sci-Fi,3.8133
812,29,"Silence of the Lambs, The (1991)",Thriller,Thriller,4.4536
812,12,"Usual Suspects, The (1995)",Crime,Crime,4.3223
812,27,Forrest Gump (1994),Drama,Drama|Comedy|Romance,4.3415
812,28,Pulp Fiction (1994),Crime,Crime,4.2805
812,1,Toy Story (1995),Animation,Animation|Childrens|Comedy,4.9013
812,33,Fargo (1996),Crime,Crime|Drama|Thriller,4.231
812,34,GoodFellas (1990),Crime,Crime|Drama,4.8275
812,26,"Shawshank Redemption, The (1994)",Drama,Drama,4.8834
812,30,Schindler's List (1993),Drama,Drama,4.3994
813,34,GoodFellas (1990),Crime,Crime|Drama,3.9572
813,33,Fargo (1996),Crime,Crime|Drama|Thriller,4.1537
813,31,Star Wars (1977),Sci-Fi,Action|Adventure|Sci-Fi,4.1142
813,1,Toy Story (1995),Animation,Animation|Childrens|Comedy,4.5653
813,27,Forrest Gump (1994),Drama,Drama|Comedy|Romance,4.9454
813,30,Schindler's List (1993),Drama,Drama,4.6229
813,28,Pulp Fiction (1994),Crime,Crime,4.912
813,26,"Shawshank Redemption, The (1994)",Drama,Drama,4.741
813,12,"Usual Suspects, The (1995)",Crime,Crime,4.6735
813,29,"Silence of the Lambs, The (1991)",Thriller,Thriller,4.2969
814,1,Toy Story (1995),Animation,Animation|Childrens|Comedy,3.9101
814,30,Schindler's List (1993),Drama,Drama,4.7328
814,34,GoodFellas (1990),Crime,Crime|Drama,4.3421
814,29,"Silence of the Lambs, The (1991)",Thriller,Thriller,4.8296
814,28,Pulp Fiction (1994),Crime,Crime,4.4897
814,26,"Shawshank Redemption, The (1994)",Drama,Drama,4.5425
814,12,"Usual Suspects, The (1995)",Crime,Crime,4.921
814,33,Fargo (1996),Crime,Crime|Drama|Thriller,3.9975
814,31,Star Wars (1977),Sci-Fi,Action|Adventure|Sci-Fi,4.4516
814,27,Forrest Gump (1994),Drama,Drama|Comedy|Romance,3.8698
815,30,Schindler's List (1993),Drama,Drama,4.3322
815,33,Fargo (1996),Crime,Crime|Drama|Thriller,4.5172
815,27,Forrest Gump (1994),Drama,Drama|Comedy|Romance,3.8385
815,26,"Shawshank Redemption, The (1994)",Drama,Drama,4.3634
815,1,Toy Story (1995),Animation,Animation|Childrens|Comedy,4.4769
815,34,GoodFellas (1990),Crime,Crime|Drama,3.8201
815,12,"Usual Suspects, The (1995)",Crime,Crime,4.7474
815,31,Star Wars (1977),Sci-Fi,Action|Adventure|Sci-Fi,4.1545
815,29,"Silence of the Lambs, The (1991)",Thriller,Thriller,4.343
815,28,Pulp Fiction (1994),Crime,Crime,4.4428
816,29,"Silence of the Lambs, The (1991)",Thriller,Thriller,4.5607
816,30,Schindler's List (1993),Drama,Drama,4.1442
816,28,Pulp Fiction (1994),Crime,Crime,3.9245
816,12,"Usual Suspects, The (1995)",Crime,Crime,4.0144
816,31,Star Wars (1977),Sci-Fi,Action|Adventure|Sci-Fi,4.7883
816,27,Forrest Gump (1994),Drama,Drama|Comedy|Romance,3.9249
816,34,GoodFellas (1990),Crime,Crime|Drama,4.3603
816,33,Fargo (1996),Crime,Crime|Drama|Thriller,4.0343
816,1,Toy Story (1995),Animation,Animation|Childrens|Comedy,3.9948
816,26,"Shawshank Redemption, The (1994)",Drama,Drama,4.0469
817,1,Toy Story (1995),Animation,Animation|Childrens|Comedy,3.882
817,31,Star Wars (1977),Sci-Fi,Action|Adventure|Sci-Fi,4.4965
817,34,GoodFellas (1990),Crime,Crime|Drama,4.2084
817,29,"Silence of the Lambs, The (1991)",Thriller,Thriller,3.9242
817,27,Forrest Gump (1994),Drama,Drama|Comedy|Romance,4.0204
817,12,"Usual Suspects, The (1995)",Crime,Crime,4.2148
817,28,Pulp Fiction (1994),Crime,Crime,4.7677
817,33,Fargo (1996),Crime,Crime|Drama|Thriller,4.0085
817,30,Schindler's List (1993),Drama,Drama,3.9316
817,26,"Shawshank Redemption, The (1994)",Drama,Drama,4.4191
818,29,"Silence of the Lambs, The (1991)",Thriller,Thriller,4.1788
818,27,Forrest Gump (1994),Drama,Drama|Comedy|Romance,3.8445
818,26,"Shawshank Redemption, The (1994)",Drama,Drama,4.5819
818,28,Pulp Fiction (1994),Crime,Crime,4.9862
818,30,Schindler's List (1993),Drama,Drama,4.5609
818,12,"Usual Suspects, The (1995)",Crime,Crime,4.2333
818,33,Fargo (1996),Crime,Crime|Drama|Thriller,4.6015
818,1,Toy Story (1995),Animation,Animation|Childrens|Comedy,4.4858
818,34,GoodFellas (1990),Crime,Crime|Drama,4.8161
818,31,Star Wars (1977),Sci-Fi,Action|Adventure|Sci-Fi,4.5462
819,33,Fargo (1996),Crime,Crime|Drama|Thriller,4.632
819,27,Forrest Gump (1994),Drama,Drama|Comedy|Romance,4.6242
819,1,Toy Story (1995),Animation,Animation|Childrens|Comedy,4.4178
819,12,"Usual Suspects, The (1995)",Crime,Crime,4.8415
819,29,"Silence of the Lambs, The (1991)",Thriller,Thriller,4.9962
819,28,Pulp Fiction (1994),Crime,Crime,4.7349
819,34,GoodFellas (1990),Crime,Crime|Drama,4.535
819,26,"Shawshank Redemption, The (1994)",Drama,Drama,3.8947
819,31,Star Wars (1977),Sci-Fi,Action|Adventure|Sci-Fi,4.6721
819,30,Schindler's List (1993),Drama,Drama,4.6503
820,26,"Shawshank Redemption, The (1994)",Drama,Drama,3.8039
820,29,"Silence of the Lambs, The (1991)",Thriller,Thriller,3.9443
820,12,"Usual Suspects, The (1995)",Crime,Crime,4.4563
820,27,Forrest Gump (1994),Drama,Drama|Comedy|Romance,4.947
820,31,Star Wars (1977),Sci-Fi,Action|Adventure|Sci-Fi,4.9931
820,1,Toy Story (1995),Animation,Animation|Childrens|Comedy,4.4809
820,33,Fargo (1996),Crime,Crime|Drama|Thriller,4.0086
820,28,Pulp Fiction (1994),Crime,Crime,3.9957
820,30,Schindler's List (1993),Drama,Drama,4.7166
820,34,GoodFellas (1990),Crime,Crime|Drama,4.5103
821,12,"Usual Suspects, The (1995)",Crime,Crime,4.8977
821,26,"Shawshank Redemption, The (1994)",Drama,Drama,4.2178
821,27,Forrest Gump (1994),Drama,Drama|Comedy|Romance,4.1269
821,31,Star Wars (1977),Sci-Fi,Action|Adventure|Sci-Fi,4.0713
821,1,Toy Story (1995),Animation,Animation|Childrens|Comedy,4.1054
821,34,GoodFellas (1990),Crime,Crime|Drama,3.9619
821,33,Fargo (1996),Crime,Crime|Drama|Thriller,4.5161
821,30,Schindler's List (1993),Drama,Drama,4.137
821,28,Pulp Fiction (1994),Crime,Crime,4.5379
821,29,"Silence of the Lambs, The (1991)",Thriller,Thriller,3.8996
822,34,GoodFellas (1990),Crime,Crime|Drama,4.8407
822,12,"Usual Suspects, The (1995)",Crime,Crime,4.3023
822,29,"Silence of the Lambs, The (1991)",Thriller,Thriller,4.2783
822,27,Forrest Gump (1994),Drama,Drama|Comedy|Romance,4.4954
822,31,Star Wars (1977),Sci-Fi,Action|Adventure|Sci-Fi,4.18
822,1,Toy Story (1995),Animation,Animation|Childrens|Comedy,4.651
822,30,Schindler's List (1993),Drama,Drama,4.0984
822,26,"Shawshank Redemption, The (1994)",Drama,Drama,4.7878
822,28,Pulp Fiction (1994),Crime,Crime,4.1268
822,33,Fargo (1996),Crime,Crime|Drama|Thriller,4.9912
823,31,Star Wars (1977),Sci-Fi,Action|Adventure|Sci-Fi,4.0584
823,28,Pulp Fiction (1994),Crime,Crime,4.2034
823,12,"Usual Suspects, The (1995)",Crime,Crime,4.8169
823,27,Forrest Gump (1994),Drama,Drama|Comedy|Romance,4.2638
823,30,Schindler's List (1993),Drama,Drama,4.443
823,26,"Shawshank Redemption, The (1994)",Drama,Drama,4.5787
823,29,"Silence of the Lambs, The (1991)",Thriller,Thriller,4.2174
823,33,Fargo (1996),Crime,Crime|Drama|Thriller,4.1528
823,1,Toy Story (1995),Animation,Animation|Childrens|Comedy,4.3703
823,34,GoodFellas (1990),Crime,Crime|Drama,4.0579
824,31,Star Wars (1977),Sci-Fi,Action|Adventure|Sci-Fi,4.7449
824,29,"Silence of the Lambs, The (1991)",Thriller,Thriller,3.8545
824,1,Toy Story (1995),Animation,Animation|Childrens|Comedy,3.9278
824,34,GoodFellas (1990),Crime,Crime|Drama,4.7774
824,30,Schindler's List (1993),Drama,Drama,4.5483
824,33,Fargo (1996),Crime,Crime|Drama|Thriller,4.0292
824,28,Pulp Fiction (1994),Crime,Crime,4.2858
824,26,"Shawshank Redemption, The (1994)",Drama,Drama,4.4464
824,12,"Usual Suspects, The (1995)",Crime,Crime,4.8123
824,27,Forrest Gump (1994),Drama,Drama|Comedy|Romance,3.8725
825,12,"Usual Suspects, The (1995)",Crime,Crime,4.0861
825,31,Star Wars (1977),Sci-Fi,Action|Adventure|Sci-Fi,4.4571
825,30,Schindler's List (1993),Drama,Drama,4.808
825,1,Toy Story (1995),Animation,Animation|Childrens|Comedy,4.3198
825,26,"Shawshank Redemption, The (1994)",Drama,Drama,3.9595
825,33,Fargo (1996),Crime,Crime|Drama|Thriller,4.2597
825,34,GoodFellas (1990),Crime,Crime|Drama,4.9454
825,29,"Silence of the Lambs, The (1991)",Thriller,Thriller,3.8864
825,28,Pulp Fiction (1994),Crime,Crime,4.2901
825,27,Forrest Gump (1994),Drama,Drama|Comedy|Romance,4.5776
826,31,Star Wars (1977),Sci-Fi,Action|Adventure|Sci-Fi,4.221
826,27,Forrest Gump (1994),Drama,Drama|Comedy|Romance,3.9003
826,34,GoodFellas (1990),Crime,Crime|Drama,4.8151
826,1,Toy Story (1995),Animation,Animation|Childrens|Comedy,4.8369
826,12,"Usual Suspects, The (1995)",Crime,Crime,4.7067
826,28,Pulp Fiction (1994),Crime,Crime,4.091
826,29,"Silence of the Lambs, The (1991)",Thriller,Thriller,4.4279
826,30,Schindler's List (1993),Drama,Drama,4.021
826,33,Fargo (1996),Crime,Crime|Drama|Thriller,4.1375
826,26,"Shawshank Redemption, The (1994)",Drama,Drama,4.4192
827,12,"Usual Suspects, The (1995)",Crime,Crime,4.9266
827,26,"Shawshank Redemption, The (1994)",Drama,Drama,4.9897
827,33,Fargo (1996),Crime,Crime|Drama|Thriller,4.432
827,30,Schindler's List (1993),Drama,Drama,4.1457
827,31,Star Wars (1977),Sci-Fi,Action|Adventure|Sci-Fi,4.7489
827,28,Pulp Fiction (1994),Crime,Crime,3.9912
827,1,Toy Story (1995),Animation,Animation|Childrens|Comedy,4.1025
827,34,GoodFellas (1990),Crime,Crime|Drama,4.7419
827,27,Forrest Gump (1994),Drama,Drama|Comedy|Romance,4.3204
827,29,"Silence of the Lambs, The (1991)",Thriller,Thriller,4.0418
828,26,"Shawshank Redemption, The (1994)",Drama,Drama,4.2049
828,33,Fargo (1996),Crime,Crime|Drama|Thriller,4.9309
828,31,Star Wars (1977),Sci-Fi,Action|Adventure|Sci-Fi,4.9969
828,30,Schindler's List (1993),Drama,Drama,4.6229
828,29,"Silence of the Lambs, The (1991)",Thriller,Thriller,4.4868
828,34,GoodFellas (1990),Crime,Crime|Drama,4.6501
828,28,Pulp Fiction (1994),Crime,Crime,4.726
828,12,"Usual Suspects, The (1995)",Crime,Crime,4.6868
828,1,Toy Story (1995),Animation,Animation|Childrens|Comedy,3.8983
828,27,Forrest Gump (1994),Drama,Drama|Comedy|Romance,4.1724
829,30,Schindler's List (1993),Drama,Drama,4.6456
829,33,Fargo (1996),Crime,Crime|Drama|Thriller,4.8103
829,27,Forrest Gump (1994),Drama,Drama|Comedy|Romance,4.4478
829,26,"Shawshank Redemption, The (1994)",Drama,Drama,4.188
829,12,"Usual Suspects, The (1995)",Crime,Crime,4.3743
829,31,Star Wars (1977),Sci-Fi,Action|Adventure|Sci-Fi,4.4147
829,1,Toy Story (1995),Animation,Animation|Childrens|Comedy,4.2808
829,29,"Silence of the Lambs, The (1991)",Thriller,Thriller,4.9158
829,34,GoodFellas (1990),Crime,Crime|Drama,4.6927
829,28,Pulp Fiction (1994),Crime,Crime,4.0896
830,28,Pulp Fiction (1994),Crime,Crime,4.8675
830,26,"Shawshank Redemption, The (1994)",Drama,Drama,4.3488
830,27,Forrest Gump (1994),Drama,Drama|Comedy|Romance,4.5638
830,29,"Silence of the Lambs, The (1991)",Thriller,Thriller,4.0768
830,33,Fargo (1996),Crime,Crime|Drama|Thriller,4.2836
830,12,"Usual Suspects, The (1995)",Crime,Crime,4.8454
830,31,Star Wars (1977),Sci-Fi,Action|Adventure|Sci-Fi,3.835
830,30,Schindler's List (1993),Drama,Drama,4.4393
830,1,Toy Story (1995),Animation,Animation|Childrens|Comedy,4.8474
830,34,GoodFellas (1990),Crime,Crime|Drama,3.9464
831,1,Toy Story (1995),Animation,Animation|Childrens|Comedy,4.3994
831,33,Fargo (1996),Crime,Crime|Drama|Thriller,4.6708
831,26,"Shawshank Redemption, The (1994)",Drama,Drama,4.4062
831,31,Star Wars (1977),Sci-Fi,Action|Adventure|Sci-Fi,4.5115
831,28,Pulp Fiction (1994),Crime,Crime,4.7129
831,27,Forrest Gump (1994),Drama,Drama|Comedy|Romance,4.5288
831,29,"Silence of the Lambs, The (1991)",Thriller,Thriller,4.5387
831,30,Schindler's List (1993),Drama,Drama,4.7471
831,12,"Usual Suspects, The (1995)",Crime,Crime,4.9389
831,34,GoodFellas (1990),Crime,Crime|Drama,4.2521
832,26,"Shawshank Redemption, The (1994)",Drama,Drama,4.4161
832,12,"Usual Suspects, The (1995)",Crime,Crime,4.6773
832,29,"Silence of the Lambs, The (1991)",Thriller,Thriller,3.8228
832,28,Pulp Fiction (1994),Crime,Crime,4.3574
832,31,Star Wars (1977),Sci-Fi,Action|Adventure|Sci-Fi,4.8816
832,30,Schindler's List (1993),Drama,Drama,4.0692
832,1,Toy Story (1995),Animation,Animation|Childrens|Comedy,3.8378
832,27,Forrest Gump (1994),Drama,Drama|Comedy|Romance,4.3201
832,33,Fargo (1996),Crime,Crime|Drama|Thriller,4.6453
832,34,GoodFellas (1990),Crime,Crime|Drama,4.3454
833,33,Fargo (1996),Crime,Crime|Drama|Thriller,4.794
833,28,Pulp Fiction (1994),Crime,Crime,4.7498
833,27,Forrest Gump (1994),Drama,Drama|Comedy|Romance,4.666
833,1,Toy Story (1995),Animation,Animation|Childrens|Comedy,4.2309
833,29,"Silence of the Lambs, The (1991)",Thriller,Thriller,3.9468
833,12,"Usual Suspects, The (1995)",Crime,Crime,4.0602
833,31,Star Wars (1977),Sci-Fi,Action|Adventure|Sci-Fi,4.8378
833,26,"Shawshank Redemption, The (1994)",Drama,Drama,4.8288
833,34,GoodFellas (1990),Crime,Crime|Drama,4.9419
833,30,Schindler's List (1993),Drama,Drama,3.8912
834,34,GoodFellas (1990),Crime,Crime|Drama,4.0153
834,31,Star Wars (1977),Sci-Fi,Action|Adventure|Sci-Fi,4.0455
834,1,Toy Story (1995),Animation,Animation|Childrens|Comedy,3.8144
834,26,"Shawshank Redemption, The (1994)",Drama,Drama,4.2204
834,12,"Usual Suspects, The (1995)",Crime,Crime,3.9101
834,30,Schindler's List (1993),Drama,Drama,4.1858
834,28,Pulp Fiction (1994),Crime,Crime,4.5539
834,29,"Silence of the Lambs, The (1991)",Thriller,Thriller,4.8734
834,27,Forrest Gump (1994),Drama,Drama|Comedy|Romance,4.8075
834,33,Fargo (1996),Crime,Crime|Drama|Thriller,4.1032
835,33,Fargo (1996),Crime,Crime|Drama|Thriller,4.9245
835,34,GoodFellas (1990),Crime,Crime|Drama,4.0464
835,1,Toy Story (1995),Animation,Animation|Childrens|Comedy,4.6464
835,26,"Shawshank Redemption, The (1994)",Drama,Drama,3.8802
835,27,Forrest Gump (1994),Drama,Drama|Comedy|Romance,4.3764
835,29,"Silence of the Lambs, The (1991)",Thriller,Thriller,3.9433
835,31,Star Wars (1977),Sci-Fi,Action|Adventure|Sci-Fi,4.5838
835,30,Schindler's List (1993),Drama,Drama,4.5218
835,12,"Usual Suspects, The (1995)",Crime,Crime,3.8586
835,28,Pulp Fiction (1994),Crime,Crime,4.1835
836,12,"Usual Suspects, The (1995)",Crime,Crime,4.188
836,30,Schindler's List (1993),Drama,Drama,4.9301
836,26,"Shawshank Redemption, The (1994)",Drama,Drama,3.85
836,34,GoodFellas (1990),Crime,Crime|Drama,4.7207
836,33,Fargo (1996),Crime,Crime|Drama|Thriller,4.3797
836,27,Forrest Gump (1994),Drama,Drama|Comedy|Romance,4.9334
836,28,Pulp Fiction (1994),Crime,Crime,4.2722
836,29,"Silence of the Lambs, The (1991)",Thriller,Thriller,4.6497
836,31,Star Wars (1977),Sci-Fi,Action|Adventure|Sci-Fi,3.8839
836,1,Toy Story (1995),Animation,Animation|Childrens|Comedy,4.9145
837,26,"Shawshank Redemption, The (1994)",Drama,Drama,4.5521
837,33,Fargo (1996),Crime,Crime|Drama|Thriller,4.7267
837,1,Toy Story (1995),Animation,Animation|Childrens|Comedy,4.126
837,34,GoodFellas (1990),Crime,Crime|Drama,4.6889
837,30,Schindler's List (1993),Drama,Drama,4.7342
837,28,Pulp Fiction (1994),Crime,Crime,4.7974
837,31,Star Wars (1977),Sci-Fi,Action|Adventure|Sci-Fi,4.1755
837,12,"Usual Suspects, The (1995)",Crime,Crime,4.6179
837,29,"Silence of the Lambs, The (1991)",Thriller,Thriller,4.1651
837,27,Forrest Gump (1994),Drama,Drama|Comedy|Romance,4.6868
838,34,GoodFellas (1990),Crime,Crime|Drama,4.6002
838,26,"Shawshank Redemption, The (1994)",Drama,Drama,4.3756
838,31,Star Wars (1977),Sci-Fi,Action|Adventure|Sci-Fi,4.369
838,1,Toy Story (1995),Animation,Animation|Childrens|Comedy,4.2103
838,12,"Usual Suspects, The (1995)",Crime,Crime,3.9284
838,30,Schindler's List (1993),Drama,Drama,4.7138
838,33,Fargo (1996),Crime,Crime|Drama|Thriller,4.9017
838,27,Forrest Gump (1994),Drama,Drama|Comedy|Romance,4.0615
838,28,Pulp Fiction (1994),Crime,Crime,4.9108
838,29,"Silence of the Lambs, The (1991)",Thriller,Thriller,4.0788
839,27,Forrest Gump (1994),Drama,Drama|Comedy|Romance,4.3725
839,31,Star Wars (1977),Sci-Fi,Action|Adventure|Sci-Fi,4.9215
839,28,Pulp Fiction (1994),Crime,Crime,4.1472
839,12,"Usual Suspects, The (1995)",Crime,Crime,4.6714
839,34,GoodFellas (1990),Crime,Crime|Drama,4.677
839,29,"Silence of the Lambs, The (1991)",Thriller,Thriller,4.0658
839,26,"Shawshank Redemption, The (1994)",Drama,Drama,4.8839
839,1,Toy Story (1995),Animation,Animation|Childrens|Comedy,4.3894
839,33,Fargo (1996),Crime,Crime|Drama|Thriller,4.6147
839,30,Schindler's List (1993),Drama,Drama,3.975
840,29,"Silence of the Lambs, The (1991)",Thriller,Thriller,4.993
840,12,"Usual Suspects, The (1995)",Crime,Crime,4.1925
840,26,"Shawshank Redemption, The (1994)",Drama,Drama,4.9064
840,31,Star Wars (1977),Sci-Fi,Action|Adventure|Sci-Fi,4.028
840,28,Pulp Fiction (1994),Crime,Crime,4.0255
840,30,Schindler's List (1993),Drama,Drama,4.4784
840,27,Forrest Gump (1994),Drama,Drama|Comedy|Romance,3.8607
840,1,Toy Story (1995),Animation,Animation|Childrens|Comedy,4.7612
840,33,Fargo (1996),Crime,Crime|Drama|Thriller,4.3275
840,34,GoodFellas (1990),Crime,Crime|Drama,4.639
841,28,Pulp Fiction (1994),Crime,Crime,4.9198
841,29,"Silence of the Lambs, The (1991)",Thriller,Thriller,4.9536
841,34,GoodFellas (1990),Crime,Crime|Drama,4.8417
841,31,Star Wars (1977),Sci-Fi,Action|Adventure|Sci-Fi,4.4864
841,12,"Usual Suspects, The (1995)",Crime,Crime,4.3043
841,1,Toy Story (1995),Animation,Animation|Childrens|Comedy,3.8696
841,27,Forrest Gump (1994),Drama,Drama|Comedy|Romance,4.9367
841,33,Fargo (1996),Crime,Crime|Drama|Thriller,4.9421
841,30,Schindler's List (1993),Drama,Drama,3.8224
841,26,"Shawshank Redemption, The (1994)",Drama,Drama,4.2283
842,1,Toy Story (1995),Animation,Animation|Childrens|Comedy,4.0536
842,27,Forrest Gump (1994),Drama,Drama|Comedy|Romance,4.5265
842,29,"Silence of the Lambs, The (1991)",Thriller,Thriller,4.4021
842,31,Star Wars (1977),Sci-Fi,Action|Adventure|Sci-Fi,4.1582
842,26,"Shawshank Redemption, The (1994)",Drama,Drama,4.8606
842,34,GoodFellas (1990),Crime,Crime|Drama,4.8817
842,30,Schindler's List (1993),Drama,Drama,4.15
842,28,Pulp Fiction (1994),Crime,Crime,3.9869
842,12,"Usual Suspects, The (1995)",Crime,Crime,3.9789
842,33,Fargo (1996),Crime,Crime|Drama|Thriller,4.3813
843,28,Pulp Fiction (1994),Crime,Crime,4.6922
843,26,"Shawshank Redemption, The (1994)",Drama,Drama,4.5151
843,30,Schindler's List (1993),Drama,Drama,4.9449
843,29,"Silence of the Lambs, The (1991)",Thriller,Thriller,4.5227
843,27,Forrest Gump (1994),Drama,Drama|Comedy|Romance,4.8822
843,31,Star Wars (1977),Sci-Fi,Action|Adventure|Sci-Fi,4.0941
843,34,GoodFellas (1990),Crime,Crime|Drama,4.4729
843,33,Fargo (1996),Crime,Crime|Drama|Thriller,4.452
843,12,"Usual Suspects, The (1995)",Crime,Crime,4.9873
843,1,Toy Story (1995),Animation,Animation|Childrens|Comedy,4.0454
844,34,GoodFellas (1990),Crime,Crime|Drama,4.9591
844,12,"Usual Suspects, The (1995)",Crime,Crime,4.0888
844,28,Pulp Fiction (1994),Crime,Crime,4.882
844,29,"Silence of the Lambs, The (1991)",Thriller,Thriller,4.4966
844,27,Forrest Gump (1994),Drama,Drama|Comedy|Romance,3.948
844,26,"Shawshank Redemption, The (1994)",Drama,Drama,4.3608
844,1,Toy Story (1995),Animation,Animation|Childrens|Comedy,4.9383
844,30,Schindler's List (1993),Drama,Drama,4.3023
844,33,Fargo (1996),Crime,Crime|Drama|Thriller,4.8361
844,31,Star Wars (1977),Sci-Fi,Action|Adventure|Sci-Fi,4.1077
845,27,Forrest Gump (1994),Drama,Drama|Comedy|Romance,4.6383
845,1,Toy Story (1995),Animation,Animation|Childrens|Comedy,4.2593
845,33,Fargo (1996),Crime,Crime|Drama|Thriller,3.8133
845,31,Star Wars (1977),Sci-Fi,Action|Adventure|Sci-Fi,4.1972
845,29,"Silence of the Lambs, The (1991)",Thriller,Thriller,4.5298
845,30,Schindler's List (1993),Drama,Drama,4.0708
845,12,"Usual Suspects, The (1995)",Crime,Crime,4.6254
845,34,GoodFellas (1990),Crime,Crime|Drama,4.7533
845,28,Pulp Fiction (1994),Crime,Crime,4.3451
845,26,"Shawshank Redemption, The (1994)",Drama,Drama,4.8509
846,29,"Silence of the Lambs, The (1991)",Thriller,Thriller,4.6526
846,30,Schindler's List (1993),Drama,Drama,4.0527
846,28,Pulp Fiction (1994),Crime,Crime,4.6866
846,33,Fargo (1996),Crime,Crime|Drama|Thriller,4.4577
846,31,Star Wars (1977),Sci-Fi,Action|Adventure|Sci-Fi,3.9152
846,1,Toy Story (1995),Animation,Animation|Childrens|Comedy,4.4687
846,12,"Usual Suspects, The (1995)",Crime,Crime,3.8801
846,27,Forrest Gump (1994),Drama,Drama|Comedy|Romance,3.8172
846,34,GoodFellas (1990),Crime,Crime|Drama,4.8676
846,26,"Shawshank Redemption, The (1994)",Drama,Drama,4.3879
847,31,Star Wars (1977),Sci-Fi,Action|Adventure|Sci-Fi,4.7812
847,26,"Shawshank Redemption, The (1994)",Drama,Drama,4.5921
847,34,GoodFellas (1990),Crime,Crime|Drama,4.5572
847,27,Forrest Gump (1994),Drama,Drama|Comedy|Romance,4.3018
847,33,Fargo (1996),Crime,Crime|Drama|Thriller,4.2755
847,29,"Silence of the Lambs, The (1991)",Thriller,Thriller,4.6283
847,12,"Usual Suspects, The (1995)",Crime,Crime,4.688
847,30,Schindler's List (1993),Drama,Drama,4.4123
847,28,Pulp Fiction (1994),Crime,Crime,4.9631
847,1,Toy Story (1995),Animation,Animation|Childrens|Comedy,4.9468
848,29,"Silence of the Lambs, The (1991)",Thriller,Thriller,4.8807
848,33,Fargo (1996),Crime,Crime|Drama|Thriller,4.7362
848,31,Star Wars (1977),Sci-Fi,Action|Adventure|Sci-Fi,4.7436
848,26,"Shawshank Redemption, The (1994)",Drama,Drama,3.9919
848,12,"Usual Suspects, The (1995)",Crime,Crime,4.2301
848,1,Toy Story (1995),Animation,Animation|Childrens|Comedy,4.0798
848,28,Pulp Fiction (1994),Crime,Crime,4.1791
848,30,Schindler's List (1993),Drama,Drama,4.4954
848,27,Forrest Gump (1994),Drama,Drama|Comedy|Romance,4.2377
848,34,GoodFellas (1990),Crime,Crime|Drama,4.4728
849,26,"Shawshank Redemption, The (1994)",Drama,Drama,3.9759
849,1,Toy Story (1995),Animation,Animation|Childrens|Comedy,4.5873
849,34,GoodFellas (1990),Crime,Crime|Drama,4.4697
849,29,"Silence of the Lambs, The (1991)",Thriller,Thriller,4.8112
849,28,Pulp Fiction (1994),Crime,Crime,4.0199
849,31,Star Wars (1977),Sci-Fi,Action|Adventure|Sci-Fi,4.8176
849,27,Forrest Gump (1994),Drama,Drama|Comedy|Romance,4.4935
849,12,"Usual Suspects, The (1995)",Crime,Crime,4.1195
849,33,Fargo (1996),Crime,Crime|Drama|Thriller,4.1283
849,30,Schindler's List (1993),Drama,Drama,4.2685
850,28,Pulp Fiction (1994),Crime,Crime,4.6528
850,29,"Silence of the Lambs, The (1991)",Thriller,Thriller,3.9861
850,1,Toy Story (1995),Animation,Animation|Childrens|Comedy,4.4481
850,31,Star Wars (1977),Sci-Fi,Action|Adventure|Sci-Fi,3.8967
850,26,"Shawshank Redemption, The (1994)",Drama,Drama,4.7201
850,12,"Usual Suspects, The (1995)",Crime,Crime,4.5019
850,34,GoodFellas (1990),Crime,Crime|Drama,3.9034
850,33,Fargo (1996),Crime,Crime|Drama|Thriller,4.8183
850,27,Forrest Gump (1994),Drama,Drama|Comedy|Romance,4.4564
850,30,Schindler's List (1993),Drama,Drama,4.9059
851,28,Pulp Fiction (1994),Crime,Crime,4.655
851,31,Star Wars (1977),Sci-Fi,Action|Adventure|Sci-Fi,4.3029
851,34,GoodFellas (1990),Crime,Crime|Drama,4.9381
851,26,"Shawshank Redemption, The (1994)",Drama,Drama,4.9623
851,33,Fargo (1996),Crime,Crime|Drama|Thriller,4.9221
851,30,Schindler's List (1993),Drama,Drama,4.2942
851,12,"Usual Suspects, The (1995)",Crime,Crime,4.7476
851,27,Forrest Gump (1994),Drama,Drama|Comedy|Romance,4.585
851,29,"Silence of the Lambs, The (1991)",Thriller,Thriller,4.0156
851,1,Toy Story (1995),Animation,Animation|Childrens|Comedy,4.4426
852,29,"Silence of the Lambs, The (1991)",Thriller,Thriller,4.8785
852,12,"Usual Suspects, The (1995)",Crime,Crime,3.8023
852,1,Toy Story (1995),Animation,Animation|Childrens|Comedy,4.6865
852,31,Star Wars (1977),Sci-Fi,Action|Adventure|Sci-Fi,4.5424
852,26,"Shawshank Redemption, The (1994)",Drama,Drama,4.9059
852,27,Forrest Gump (1994),Drama,Drama|Comedy|Romance,4.3483
852,33,Fargo (1996),Crime,Crime|Drama|Thriller,4.5892
852,30,Schindler's List (1993),Drama,Drama,4.9673
852,34,GoodFellas (1990),Crime,Crime|Drama,4.6927
852,28,Pulp Fiction (1994),Crime,Crime,3.8809
853,1,Toy Story (1995),Animation,Animation|Childrens|Comedy,4.3638
853,31,Star Wars (1977),Sci-Fi,Action|Adventure|Sci-Fi,4.6854
853,27,Forrest Gump (1994),Drama,Drama|Comedy|Romance,3.8585
853,34,GoodFellas (1990),Crime,Crime|Drama,4.3551
853,26,"Shawshank Redemption, The (1994)",Drama,Drama,4.024
853,28,Pulp Fiction (1994),Crime,Crime,4.8087
853,29,"Silence of the Lambs, The (1991)",Thriller,Thriller,4.8079
853,33,Fargo (1996),Crime,Crime|Drama|Thriller,4.0836
853,12,"Usual Suspects, The (1995)",Crime,Crime,4.1819
853,30,Schindler's List (1993),Drama,Drama,4.643
854,29,"Silence of the Lambs, The (1991)",Thriller,Thriller,4.6091
854,26,"Shawshank Redemption, The (1994)",Drama,Drama,3.9601
854,31,Star Wars (1977),Sci-Fi,Action|Adventure|Sci-Fi,4.191
854,28,Pulp Fiction (1994),Crime,Crime,3.8775
854,33,Fargo (1996),Crime,Crime|Drama|Thriller,4.5816
854,12,"Usual Suspects, The (1995)",Crime,Crime,4.9651
854,1,Toy Story (1995),Animation,Animation|Childrens|Comedy,4.7925
854,27,Forrest Gump (1994),Drama,Drama|Comedy|Romance,4.9695
854,30,Schindler's List (1993),Drama,Drama,4.8147
854,34,GoodFellas (1990),Crime,Crime|Drama,4.8262
855,12,"Usual Suspects, The (1995)",Crime,Crime,4.1192
855,29,"Silence of the Lambs, The (1991)",Thriller,Thriller,4.3208
855,34,GoodFellas (1990),Crime,Crime|Drama,4.0711
855,27,Forrest Gump (1994),Drama,Drama|Comedy|Romance,4.2195
855,28,Pulp Fiction (1994),Crime,Crime,4.5828
855,1,Toy Story (1995),Animation,Animation|Childrens|Comedy,4.8708
855,26,"Shawshank Redemption, The (1994)",Drama,Drama,4.262
855,33,Fargo (1996),Crime,Crime|Drama|Thriller,4.6303
855,31,Star Wars (1977),Sci-Fi,Action|Adventure|Sci-Fi,3.9618
855,30,Schindler's List (1993),Drama,Drama,4.449
856,33,Fargo (1996),Crime,Crime|Drama|Thriller,3.8843
856,30,Schindler's List (1993),Drama,Drama,4.8436
856,1,Toy Story (1995),Animation,Animation|Childrens|Comedy,4.3475
856,27,Forrest Gump (1994),Drama,Drama|Comedy|Romance,4.3555
856,31,Star Wars (1977),Sci-Fi,Action|Adventure|Sci-Fi,4.9335
856,28,Pulp Fiction (1994),Crime,Crime,4.1843
856,26,"Shawshank Redemption, The (1994)",Drama,Drama,4.8764
856,34,GoodFellas (1990),Crime,Crime|Drama,4.9691
856,12,"Usual Suspects, The (1995)",Crime,Crime,4.09
856,29,"Silence of the Lambs, The (1991)",Thriller,Thriller,4.4168
857,1,Toy Story (1995),Animation,Animation|Childrens|Comedy,4.9143
857,26,"Shawshank Redemption, The (1994)",Drama,Drama,4.1438
857,28,Pulp Fiction (1994),Crime,Crime,4.1346
857,34,GoodFellas (1990),Crime,Crime|Drama,4.3286
857,29,"Silence of the Lambs, The (1991)",Thriller,Thriller,4.2283
857,30,Schindler's List (1993),Drama,Drama,4.6836
857,31,Star Wars (1977),Sci-Fi,Action|Adventure|Sci-Fi,4.5701
857,33,Fargo (1996),Crime,Crime|Drama|Thriller,4.7107
857,27,Forrest Gump (1994),Drama,Drama|Comedy|Romance,4.7841
857,12,"Usual Suspects, The (1995)",Crime,Crime,4.9076
858,31,Star Wars (1977),Sci-Fi,Action|Adventure|Sci-Fi,4.3721
858,34,GoodFellas (1990),Crime,Crime|Drama,4.7407
858,1,Toy Story (1995),Animation,Animation|Childrens|Comedy,4.9162
858,12,"Usual Suspects, The (1995)",Crime,Crime,4.6788
858,26,"Shawshank Redemption, The (1994)",Drama,Drama,4.7313
858,30,Schindler's List (1993),Drama,Drama,3.8806
858,33,Fargo (1996),Crime,Crime|Drama|Thriller,4.0459
858,28,Pulp Fiction (1994),Crime,Crime,4.9692
858,29,"Silence of the Lambs, The (1991)",Thriller,Thriller,4.6318
858,27,Forrest Gump (1994),Drama,Drama|Comedy|Romance,4.4737
859,33,Fargo (1996),Crime,Crime|Drama|Thriller,4.281
859,1,Toy Story (1995),Animation,Animation|Childrens|Comedy,4.1978
859,12,"Usual Suspects, The (1995)",Crime,Crime,4.9702
859,29,"Silence of the Lambs, The (1991)",Thriller,Thriller,4.6552
859,28,Pulp Fiction (1994),Crime,Crime,4.2546
859,31,Star Wars (1977),Sci-Fi,Action|Adventure|Sci-Fi,4.5704
859,34,GoodFellas (1990),Crime,Crime|Drama,4.4858
859,26,"Shawshank Redemption, The (1994)",Drama,Drama,4.4294
859,30,Schindler's List (1993),Drama,Drama,4.5736
859,27,Forrest Gump (1994),Drama,Drama|Comedy|Romance,4.4452
860,28,Pulp Fiction (1994),Crime,Crime,4.8301
860,31,Star Wars (1977),Sci-Fi,Action|Adventure|Sci-Fi,4.154
860,12,"Usual Suspects, The (1995)",Crime,Crime,4.9195
860,26,"Shawshank Redemption, The (1994)",Drama,Drama,3.885
860,30,Schindler's List (1993),Drama,Drama,4.1959
860,27,Forrest Gump (1994),Drama,Drama|Comedy|Romance,4.5679
860,29,"Silence of the Lambs, The (1991)",Thriller,Thriller,4.4323
860,34,GoodFellas (1990),Crime,Crime|Drama,4.4509
860,33,Fargo (1996),Crime,Crime|Drama|Thriller,4.7539
860,1,Toy Story (1995),Animation,Animation|Childrens|Comedy,4.0336
861,30,Schindler's List (1993),Drama,Drama,4.488
861,33,Fargo (1996),Crime,Crime|Drama|Thriller,4.961
861,1,Toy Story (1995),Animation,Animation|Childrens|Comedy,4.9791
861,28,Pulp Fiction (1994),Crime,Crime,4.3398
861,12,"Usual Suspects, The (1995)",Crime,Crime,4.8168
861,29,"Silence of the Lambs, The (1991)",Thriller,Thriller,4.1624
861,31,Star Wars (1977),Sci-Fi,Action|Adventure|Sci-Fi,4.2462
861,26,"Shawshank Redemption, The (1994)",Drama,Drama,3.9978
861,27,Forrest Gump (1994),Drama,Drama|Comedy|Romance,4.051
861,34,GoodFellas (1990),Crime,Crime|Drama,4.5882
862,29,"Silence of the Lambs, The (1991)",Thriller,Thriller,4.2656
862,12,"Usual Suspects, The (1995)",Crime,Crime,4.8967
862,27,Forrest Gump (1994),Drama,Drama|Comedy|Romance,4.2112
862,28,Pulp Fiction (1994),Crime,Crime,4.6015
862,1,Toy Story (1995),Animation,Animation|Childrens|Comedy,4.96
862,34,GoodFellas (1990),Crime,Crime|Drama,4.2683
862,30,Schindler's List (1993),Drama,Drama,4.6159
862,26,"Shawshank Redemption, The (1994)",Drama,Drama,4.1551
862,33,Fargo (1996),Crime,Crime|Drama|Thriller,4.1196
862,31,Star Wars (1977),Sci-Fi,Action|Adventure|Sci-Fi,4.489
863,27,Forrest Gump (1994),Drama,Drama|Comedy|Romance,4.572
863,34,GoodFellas (1990),Crime,Crime|Drama,4.4217
863,29,"Silence of the Lambs, The (1991)",Thriller,Thriller,3.9152
863,1,Toy Story (1995),Animation,Animation|Childrens|Comedy,4.9924
863,30,Schindler's List (1993),Drama,Drama,4.7032
863,31,Star Wars (1977),Sci-Fi,Action|Adventure|Sci-Fi,4.3252
863,33,Fargo (1996),Crime,Crime|Drama|Thriller,4.5418
863,26,"Shawshank Redemption, The (1994)",Drama,Drama,3.9051
863,12,"Usual Suspects, The (1995)",Crime,Crime,4.3944
863,28,Pulp Fiction (1994),Crime,Crime,4.917
864,1,Toy Story (1995),Animation,Animation|Childrens|Comedy,4.522
864,34,GoodFellas (1990),Crime,Crime|Drama,3.807
864,31,Star Wars (1977),Sci-Fi,Action|Adventure|Sci-Fi,3.9147
864,33,Fargo (1996),Crime,Crime|Drama|Thriller,4.0487
864,12,"Usual Suspects, The (1995)",Crime,Crime,4.2177
864,30,Schindler's List (1993),Drama,Drama,4.4493
864,29,"Silence of the Lambs, The (1991)",Thriller,Thriller,4.1526
864,28,Pulp Fiction (1994),Crime,Crime,4.1314
864,27,Forrest Gump (1994),Drama,Drama|Comedy|Romance,4.8432
864,26,"Shawshank Redemption, The (1994)",Drama,Drama,3.9741
865,27,Forrest Gump (1994),Drama,Drama|Comedy|Romance,4.5754
865,30,Schindler's List (1993),Drama,Drama,4.5583
865,31,Star Wars (1977),Sci-Fi,Action|Adventure|Sci-Fi,3.9325
865,34,GoodFellas (1990),Crime,Crime|Drama,4.3546
865,26,"Shawshank Redemption, The (1994)",Drama,Drama,4.8984
865,33,Fargo (1996),Crime,Crime|Drama|Thriller,4.0461
865,1,Toy Story (1995),Animation,Animation|Childrens|Comedy,4.3533
865,12,"Usual Suspects, The (1995)",Crime,Crime,4.3533
865,28,Pulp Fiction (1994),Crime,Crime,4.7729
865,29,"Silence of the Lambs, The (1991)",Thriller,Thriller,4.7895
866,30,Schindler's List (1993),Drama,Drama,4.6433
866,34,GoodFellas (1990),Crime,Crime|Drama,4.958
866,28,Pulp Fiction (1994),Crime,Crime,4.3444
866,26,"Shawshank Redemption, The (1994)",Drama,Drama,4.5589
866,12,"Usual Suspects, The (1995)",Crime,Crime,4.447
866,29,"Silence of the Lambs, The (1991)",Thriller,Thriller,3.9807
866,31,Star Wars (1977),Sci-Fi,Action|Adventure|Sci-Fi,4.3534
866,33,Fargo (1996),Crime,Crime|Drama|Thriller,4.4538
866,1,Toy Story (1995),Animation,Animation|Childrens|Comedy,4.9409
866,27,Forrest Gump (1994),Drama,Drama|Comedy|Romance,4.2398
867,30,Schindler's List (1993),Drama,Drama,4.3435
867,34,GoodFellas (1990),Crime,Crime|Drama,3.8263
867,33,Fargo (1996),Crime,Crime|Drama|Thriller,4.3341
867,31,Star Wars (1977),Sci-Fi,Action|Adventure|Sci-Fi,4.9861
867,26,"Shawshank Redemption, The (1994)",Drama,Drama,4.6041
867,1,Toy Story (1995),Animation,Animation|Childrens|Comedy,4.7117
867,28,Pulp Fiction (1994),Crime,Crime,3.9428
867,27,Forrest Gump (1994),Drama,Drama|Comedy|Romance,4.3677
867,29,"Silence of the Lambs, The (1991)",Thriller,Thriller,4.1435
867,12,"Usual Suspects, The (1995)",Crime,Crime,4.8729
868,30,Schindler's List (1993),Drama,Drama,4.7515
868,1,Toy Story (1995),Animation,Animation|Childrens|Comedy,4.2902
868,28,Pulp Fiction (1994),Crime,Crime,4.6048
868,29,"Silence of the Lambs, The (1991)",Thriller,Thriller,3.9261
868,26,"Shawshank Redemption, The (1994)",Drama,Drama,4.8692
868,31,Star Wars (1977),Sci-Fi,Action|Adventure|Sci-Fi,4.3228
868,33,Fargo (1996),Crime,Crime|Drama|Thriller,4.9036
868,12,"Usual Suspects, The (1995)",Crime,Crime,4.6484
868,34,GoodFellas (1990),Crime,Crime|Drama,3.9458
868,27,Forrest Gump (1994),Drama,Drama|Comedy|Romance,4.495
869,33,Fargo (1996),Crime,Crime|Drama|Thriller,4.4124
869,29,"Silence of the Lambs, The (1991)",Thriller,Thriller,4.3126
869,1,Toy Story (1995),Animation,Animation|Childrens|Comedy,4.1441
869,34,GoodFellas (1990),Crime,Crime|Drama,4.3722
869,26,"Shawshank Redemption, The (1994)",Drama,Drama,4.8474
869,31,Star Wars (1977),Sci-Fi,Action|Adventure|Sci-Fi,3.8509
869,30,Schindler's List (1993),Drama,Drama,4.9735
869,12,"Usual Suspects, The (1995)",Crime,Crime,4.992
869,28,Pulp Fiction (1994),Crime,Crime,4.5174
869,27,Forrest Gump (1994),Drama,Drama|Comedy|Romance,4.1979
870,27,Forrest Gump (1994),Drama,Drama|Comedy|Romance,4.6622
870,30,Schindler's List (1993),Drama,Drama,4.2463
870,31,Star Wars (1977),Sci-Fi,Action|Adventure|Sci-Fi,4.0392
870,29,"Silence of the Lambs, The (1991)",Thriller,Thriller,4.4538
870,34,GoodFellas (1990),Crime,Crime|Drama,4.9685
870,33,Fargo (1996),Crime,Crime|Drama|Thriller,4.6342
870,26,"Shawshank Redemption, The (1994)",Drama,Drama,4.3901
870,1,Toy Story (1995),Animation,Animation|Childrens|Comedy,4.7323
870,12,"Usual Suspects, The (1995)",Crime,Crime,4.685
870,28,Pulp Fiction (1994),Crime,Crime,4.8701
871,1,Toy Story (1995),Animation,Animation|Childrens|Comedy,4.6539
871,26,"Shawshank Redemption, The (1994)",Drama,Drama,4.5961
871,34,GoodFellas (1990),Crime,Crime|Drama,4.9554
871,31,Star Wars (1977),Sci-Fi,Action|Adventure|Sci-Fi,4.3298
871,28,Pulp Fiction (1994),Crime,Crime,4.1214
871,12,"Usual Suspects, The (1995)",Crime,Crime,3.872
871,30,Schindler's List (1993),Drama,Drama,4.6797
871,29,"Silence of the Lambs, The (1991)",Thriller,Thriller,4.5407
871,33,Fargo (1996),Crime,Crime|Drama|Thriller,4.9671
871,27,Forrest Gump (1994),Drama,Drama|Comedy|Romance,4.6546
872,28,Pulp Fiction (1994),Crime,Crime,4.4107
872,26,"Shawshank Redemption, The (1994)",Drama,Drama,3.9469
872,34,GoodFellas (1990),Crime,Crime|Drama,4.1621
872,27,Forrest Gump (1994),Drama,Drama|Comedy|Romance,4.1694
872,33,Fargo (1996),Crime,Crime|Drama|Thriller,3.8049
872,30,Schindler's List (1993),Drama,Drama,4.225
872,29,"Silence of the Lambs, The (1991)",Thriller,Thriller,3.9394
872,1,Toy Story (1995),Animation,Animation|Childrens|Comedy,4.3157
872,12,"Usual Suspects, The (1995)",Crime,Crime,4.0358
872,31,Star Wars (1977),Sci-Fi,Action|Adventure|Sci-Fi,4.7865
873,27,Forrest Gump (1994),Drama,Drama|Comedy|Romance,3.9531
873,28,Pulp Fiction (1994),Crime,Crime,4.7191
873,1,Toy Story (1995),Animation,Animation|Childrens|Comedy,4.9135
873,30,Schindler's List (1993),Drama,Drama,4.9401
873,26,"Shawshank Redemption, The (1994)",Drama,Drama,4.6049
873,34,GoodFellas (1990),Crime,Crime|Drama,4.2924
873,29,"Silence of the Lambs, The (1991)",Thriller,Thriller,4.374
873,33,Fargo (1996),Crime,Crime|Drama|Thriller,4.5884
873,31,Star Wars (1977),Sci-Fi,Action|Adventure|Sci-Fi,4.7877
873,12,"Usual Suspects, The (1995)",Crime,Crime,4.2495
874,1,Toy Story (1995),Animation,Animation|Childrens|Comedy,4.0628
874,34,GoodFellas (1990),Crime,Crime|Drama,3.8962
874,33,Fargo (1996),Crime,Crime|Drama|Thriller,4.6504
874,12,"Usual Suspects, The (1995)",Crime,Crime,4.4041
874,31,Star Wars (1977),Sci-Fi,Action|Adventure|Sci-Fi,4.4867
874,29,"Silence of the Lambs, The (1991)",Thriller,Thriller,4.3669
874,30,Schindler's List (1993),Drama,Drama,4.3795
874,26,"Shawshank Redemption, The (1994)",Drama,Drama,4.4855
874,27,Forrest Gump (1994),Drama,Drama|Comedy|Romance,4.8971
874,28,Pulp Fiction (1994),Crime,Crime,3.8352
875,26,"Shawshank Redemption, The (1994)",Drama,Drama,3.9075
875,12,"Usual Suspects, The (1995)",Crime,Crime,4.0788
875,29,"Silence of the Lambs, The (1991)",Thriller,Thriller,4.0665
875,33,Fargo (1996),Crime,Crime|Drama|Thriller,4.6902
875,30,Schindler's List (1993),Drama,Drama,3.8742
875,31,Star Wars (1977),Sci-Fi,Action|Adventure|Sci-Fi,3.8611
875,1,Toy Story (1995),Animation,Animation|Childrens|Comedy,4.6323
875,28,Pulp Fiction (1994),Crime,Crime,4.4681
875,34,GoodFellas (1990),Crime,Crime|Drama,4.3013
875,27,Forrest Gump (1994),Drama,Drama|Comedy|Romance,4.4904
876,31,Star Wars (1977),Sci-Fi,Action|Adventure|Sci-Fi,4.7851
876,33,Fargo (1996),Crime,Crime|Drama|Thriller,4.5804
876,34,GoodFellas (1990),Crime,Crime|Drama,4.6608
876,1,Toy Story (1995),Animation,Animation|Childrens|Comedy,4.7452
876,27,Forrest Gump (1994),Drama,Drama|Comedy|Romance,4.6805
876,30,Schindler's List (1993),Drama,Drama,4.342
876,26,"Shawshank Redemption, The (1994)",Drama,Drama,3.9909
876,29,"Silence of the Lambs, The (1991)",Thriller,Thriller,4.1717
876,28,Pulp Fiction (1994),Crime,Crime,4.0487
876,12,"Usual Suspects, The (1995)",Crime,Crime,4.2337
877,34,GoodFellas (1990),Crime,Crime|Drama,4.9976
877,26,"Shawshank Redemption, The (1994)",Drama,Drama,4.8623
877,27,Forrest Gump (1994),Drama,Drama|Comedy|Romance,3.8954
877,30,Schindler's List (1993),Drama,Drama,4.3113
877,12,"Usual Suspects, The (1995)",Crime,Crime,4.4409
877,31,Star Wars (1977),Sci-Fi,Action|Adventure|Sci-Fi,3.9489
877,1,Toy Story (1995),Animation,Animation|Childrens|Comedy,4.7704
877,33,Fargo (1996),Crime,Crime|Drama|Thriller,3.9784
877,29,"Silence of the Lambs, The (1991)",Thriller,Thriller,4.26
877,28,Pulp Fiction (1994),Crime,Crime,3.8827
878,1,Toy Story (1995),Animation,Animation|Childrens|Comedy,4.7144
878,28,Pulp Fiction (1994),Crime,Crime,4.162
878,12,"Usual Suspects, The (1995)",Crime,Crime,3.8812
878,26,"Shawshank Redemption, The (1994)",Drama,Drama,3.8451
878,34,GoodFellas (1990),Crime,Crime|Drama,4.7217
878,30,Schindler's List (1993),Drama,Drama,4.2625
878,33,Fargo (1996),Crime,Crime|Drama|Thriller,3.9607
878,29,"Silence of the Lambs, The (1991)",Thriller,Thriller,4.0214
878,31,Star Wars (1977),Sci-Fi,Action|Adventure|Sci-Fi,4.7194
878,27,Forrest Gump (1994),Drama,Drama|Comedy|Romance,4.5187
879,30,Schindler's List (1993),Drama,Drama,4.3531
879,26,"Shawshank Redemption, The (1994)",Drama,Drama,3.8557
879,31,Star Wars (1977),Sci-Fi,Action|Adventure|Sci-Fi,4.1531
879,1,Toy Story (1995),Animation,Animation|Childrens|Comedy,4.5043
879,28,Pulp Fiction (1994),Crime,Crime,4.1715
879,34,GoodFellas (1990),Crime,Crime|Drama,4.6225
879,33,Fargo (1996),Crime,Crime|Drama|Thriller,4.7864
879,12,"Usual Suspects, The (1995)",Crime,Crime,4.3045
879,29,"Silence of the Lambs, The (1991)",Thriller,Thriller,4.8802
879,27,Forrest Gump (1994),Drama,Drama|Comedy|Romance,3.8958
880,28,Pulp Fiction (1994),Crime,Crime,4.798
880,30,Schindler's List (1993),Drama,Drama,4.1957
880,31,Star Wars (1977),Sci-Fi,Action|Adventure|Sci-Fi,4.5111
880,26,"Shawshank Redemption, The (1994)",Drama,Drama,3.9667
880,27,Forrest Gump (1994),Drama,Drama|Comedy|Romance,4.3625
880,33,Fargo (1996),Crime,Crime|Drama|Thriller,4.9986
880,29,"Silence of the Lambs, The (1991)",Thriller,Thriller,3.9906
880,34,GoodFellas (1990),Crime,Crime|Drama,4.9371
880,1,Toy Story (1995),Animation,Animation|Childrens|Comedy,4.7891
880,12,"Usual Suspects, The (1995)",Crime,Crime,4.9667
881,30,Schindler's List (1993),Drama,Drama,4.4807
881,28,Pulp Fiction (1994),Crime,Crime,4.7524
881,29,"Silence of the Lambs, The (1991)",Thriller,Thriller,3.873
881,26,"Shawshank Redemption, The (1994)",Drama,Drama,4.5267
881,1,Toy Story (1995),Animation,Animation|Childrens|Comedy,4.8038
881,34,GoodFellas (1990),Crime,Crime|Drama,4.2468
881,31,Star Wars (1977),Sci-Fi,Action|Adventure|Sci-Fi,4.3465
881,12,"Usual Suspects, The (1995)",Crime,Crime,4.6385
881,33,Fargo (1996),Crime,Crime|Drama|Thriller,3.8815
881,27,Forrest Gump (1994),Drama,Drama|Comedy|Romance,4.2628
882,1,Toy Story (1995),Animation,Animation|Childrens|Comedy,4.5415
882,26,"Shawshank Redemption, The (1994)",Drama,Drama,4.6196
882,33,Fargo (1996),Crime,Crime|Drama|Thriller,4.2615
882,28,Pulp Fiction (1994),Crime,Crime,4.8429
882,30,Schindler's List (1993),Drama,Drama,3.9948
882,27,Forrest Gump (1994),Drama,Drama|Comedy|Romance,4.8607
882,31,Star Wars (1977),Sci-Fi,Action|Adventure|Sci-Fi,4.2107
882,12,"Usual Suspects, The (1995)",Crime,Crime,3.95
882,34,GoodFellas (1990),Crime,Crime|Drama,4.52
882,29,"Silence of the Lambs, The (1991)",Thriller,Thriller,4.2512
883,28,Pulp Fiction (1994),Crime,Crime,4.8801
883,29,"Silence of the Lambs, The (1991)",Thriller,Thriller,4.1439
883,27,Forrest Gump (1994),Drama,Drama|Comedy|Romance,4.8715
883,33,Fargo (1996),Crime,Crime|Drama|Thriller,4.7047
883,34,GoodFellas (1990),Crime,Crime|Drama,4.9169
883,12,"Usual Suspects, The (1995)",Crime,Crime,4.6294
883,30,Schindler's List (1993),Drama,Drama,4.6094
883,26,"Shawshank Redemption, The (1994)",Drama,Drama,3.8042
883,31,Star Wars (1977),Sci-Fi,Action|Adventure|Sci-Fi,4.3695
883,1,Toy Story (1995),Animation,Animation|Childrens|Comedy,4.0403
884,31,Star Wars (1977),Sci-Fi,Action|Adventure|Sci-Fi,4.4017
884,28,Pulp Fiction (1994),Crime,Crime,3.9935
884,30,Schindler's List (1993),Drama,Drama,4.9586
884,29,"Silence of the Lambs, The (1991)",Thriller,Thriller,4.0444
884,26,"Shawshank Redemption, The (1994)",Drama,Drama,4.0304
884,1,Toy Story (1995),Animation,Animation|Childrens|Comedy,3.8386
884,33,Fargo (1996),Crime,Crime|Drama|Thriller,4.1958
884,27,Forrest Gump (1994),Drama,Drama|Comedy|Romance,3.8289
884,34,GoodFellas (1990),Crime,Crime|Drama,4.3987
884,12,"Usual Suspects, The (1995)",Crime,Crime,4.4067
885,29,"Silence of the Lambs, The (1991)",Thriller,Thriller,4.6579
885,34,GoodFellas (1990),Crime,Crime|Drama,4.7144
885,12,"Usual Suspects, The (1995)",Crime,Crime,4.7966
885,31,Star Wars (1977),Sci-Fi,Action|Adventure|Sci-Fi,4.0787
885,1,Toy Story (1995),Animation,Animation|Childrens|Comedy,3.8797
885,30,Schindler's List (1993),Drama,Drama,4.2563
885,33,Fargo (1996),Crime,Crime|Drama|Thriller,4.8261
885,28,Pulp Fiction (1994),Crime,Crime,3.8936
885,26,"Shawshank Redemption, The (1994)",Drama,Drama,4.4911
885,27,Forrest Gump (1994),Drama,Drama|Comedy|Romance,4.6413
886,30,Schindler's List (1993),Drama,Drama,4.2176
886,12,"Usual Suspects, The (1995)",Crime,Crime,3.847
886,34,GoodFellas (1990),Crime,Crime|Drama,3.8439
886,1,Toy Story (1995),Animation,Animation|Childrens|Comedy,4.7111
886,26,"Shawshank Redemption, The (1994)",Drama,Drama,4.4628
886,29,"Silence of the Lambs, The (1991)",Thriller,Thriller,4.7403
886,33,Fargo (1996),Crime,Crime|Drama|Thriller,4.637
886,28,Pulp Fiction (1994),Crime,Crime,4.889
886,27,Forrest Gump (1994),Drama,Drama|Comedy|Romance,4.863
886,31,Star Wars (1977),Sci-Fi,Action|Adventure|Sci-Fi,4.746
887,28,Pulp Fiction (1994),Crime,Crime,4.0233
887,33,Fargo (1996),Crime,Crime|Drama|Thriller,4.5867
887,12,"Usual Suspects, The (1995)",Crime,Crime,4.3479
887,31,Star Wars (1977),Sci-Fi,Action|Adventure|Sci-Fi,4.5442
887,29,"Silence of the Lambs, The (1991)",Thriller,Thriller,4.0875
887,1,Toy Story (1995),Animation,Animation|Childrens|Comedy,4.3213
887,26,"Shawshank Redemption, The (1994)",Drama,Drama,4.0522
887,27,Forrest Gump (1994),Drama,Drama|Comedy|Romance,4.8504
887,30,Schindler's List (1993),Drama,Drama,4.3856
887,34,GoodFellas (1990),Crime,Crime|Drama,4.07
888,12,"Usual Suspects, The (1995)",Crime,Crime,4.8568
888,26,"Shawshank Redemption, The (1994)",Drama,Drama,4.9046
888,31,Star Wars (1977),Sci-Fi,Action|Adventure|Sci-Fi,4.789
888,27,Forrest Gump (1994),Drama,Drama|Comedy|Romance,3.8784
888,30,Schindler's List (1993),Drama,Drama,4.3322
888,28,Pulp Fiction (1994),Crime,Crime,4.212
888,33,Fargo (1996),Crime,Crime|Drama|Thriller,4.0562
888,34,GoodFellas (1990),Crime,Crime|Drama,4.8907
888,29,"Silence of the Lambs, The (1991)",Thriller,Thriller,4.8681
888,1,Toy Story (1995),Animation,Animation|Childrens|Comedy,4.3584
889,28,Pulp Fiction (1994),Crime,Crime,4.1709
889,27,Forrest Gump (1994),Drama,Drama|Comedy|Romance,4.0489
889,33,Fargo (1996),Crime,Crime|Drama|Thriller,4.2908
889,12,"Usual Suspects, The (1995)",Crime,Crime,4.0346
889,1,Toy Story (1995),Animation,Animation|Childrens|Comedy,4.9551
889,31,Star Wars (1977),Sci-Fi,Action|Adventure|Sci-Fi,3.9854
889,29,"Silence of the Lambs, The (1991)",Thriller,Thriller,4.896
889,34,GoodFellas (1990),Crime,Crime|Drama,4.3142
889,30,Schindler's List (1993),Drama,Drama,4.2534
889,26,"Shawshank Redemption, The (1994)",Drama,Drama,4.0776
890,28,Pulp Fiction (1994),Crime,Crime,4.9764
890,12,"Usual Suspects, The (1995)",Crime,Crime,4.3173
890,26,"Shawshank Redemption, The (1994)",Drama,Drama,4.5364
890,27,Forrest Gump (1994),Drama,Drama|Comedy|Romance,4.3404
890,31,Star Wars (1977),Sci-Fi,Action|Adventure|Sci-Fi,4.1863
890,34,GoodFellas (1990),Crime,Crime|Drama,3.8928
890,33,Fargo (1996),Crime,Crime|Drama|Thriller,4.3473
890,29,"Silence of the Lambs, The (1991)",Thriller,Thriller,4.7821
890,1,Toy Story (1995),Animation,Animation|Childrens|Comedy,3.8204
890,30,Schindler's List (1993),Drama,Drama,4.4985
891,28,Pulp Fiction (1994),Crime,Crime,4.3038
891,27,Forrest Gump (1994),Drama,Drama|Comedy|Romance,4.1868
891,31,Star Wars (1977),Sci-Fi,Action|Adventure|Sci-Fi,4.6646
891,1,Toy Story (1995),Animation,Animation|Childrens|Comedy,4.6392
891,34,GoodFellas (1990),Crime,Crime|Drama,4.1906
891,33,Fargo (1996),Crime,Crime|Drama|Thriller,4.3244
891,30,Schindler's List (1993),Drama,Drama,4.0495
891,26,"Shawshank Redemption, The (1994)",Drama,Drama,4.605
891,29,"Silence of the Lambs, The (1991)",Thriller,Thriller,4.2755
891,12,"Usual Suspects, The (1995)",Crime,Crime,3.9594
892,33,Fargo (1996),Crime,Crime|Drama|Thriller,4.5859
892,1,Toy Story (1995),Animation,Animation|Childrens|Comedy,3.893
892,27,Forrest Gump (1994),Drama,Drama|Comedy|Romance,3.8696
892,30,Schindler's List (1993),Drama,Drama,4.3822
892,29,"Silence of the Lambs, The (1991)",Thriller,Thriller,4.9493
892,34,GoodFellas (1990),Crime,Crime|Drama,4.3122
892,28,Pulp Fiction (1994),Crime,Crime,4.2278
892,31,Star Wars (1977),Sci-Fi,Action|Adventure|Sci-Fi,4.9975
892,26,"Shawshank Redemption, The (1994)",Drama,Drama,4.4384
892,12,"Usual Suspects, The (1995)",Crime,Crime,4.2503
893,34,GoodFellas (1990),Crime,Crime|Drama,4.3146
893,1,Toy Story (1995),Animation,Animation|Childrens|Comedy,4.6119
893,28,Pulp Fiction (1994),Crime,Crime,4.7814
893,27,Forrest Gump (1994),Drama,Drama|Comedy|Romance,4.4165
893,29,"Silence of the Lambs, The (1991)",Thriller,Thriller,4.1274
893,30,Schindler's List (1993),Drama,Drama,4.0521
893,12,"Usual Suspects, The (1995)",Crime,Crime,4.1543
893,31,Star Wars (1977),Sci-Fi,Action|Adventure|Sci-Fi,4.8177
893,33,Fargo (1996),Crime,Crime|Drama|Thriller,4.2565
893,26,"Shawshank Redemption, The (1994)",Drama,Drama,4.144
894,30,Schindler's List (1993),Drama,Drama,4.1232
894,31,Star Wars (1977),Sci-Fi,Action|Adventure|Sci-Fi,4.3901
894,12,"Usual Suspects, The (1995)",Crime,Crime,4.661
894,1,Toy Story (1995),Animation,Animation|Childrens|Comedy,4.4199
894,28,Pulp Fiction (1994),Crime,Crime,3.8092
894,27,Forrest Gump (1994),Drama,Drama|Comedy|Romance,3.894
894,29,"Silence of the Lambs, The (1991)",Thriller,Thriller,4.6656
894,26,"Shawshank Redemption, The (1994)",Drama,Drama,4.2799
894,33,Fargo (1996),Crime,Crime|Drama|Thriller,4.7417
894,34,GoodFellas (1990),Crime,Crime|Drama,4.5794
895,34,GoodFellas (1990),Crime,Crime|Drama,3.8423
895,27,Forrest Gump (1994),Drama,Drama|Comedy|Romance,4.2741
895,1,Toy Story (1995),Animation,Animation|Childrens|Comedy,4.9753
895,33,Fargo (1996),Crime,Crime|Drama|Thriller,3.9324
895,28,Pulp Fiction (1994),Crime,Crime,3.9221
895,29,"Silence of the Lambs, The (1991)",Thriller,Thriller,4.7014
895,26,"Shawshank Redemption, The (1994)",Drama,Drama,4.1746
895,30,Schindler's List (1993),Drama,Drama,4.6607
895,31,Star Wars (1977),Sci-Fi,Action|Adventure|Sci-Fi,4.04
895,12,"Usual Suspects, The (1995)",Crime,Crime,4.3521
896,27,Forrest Gump (1994),Drama,Drama|Comedy|Romance,4.0884
896,31,Star Wars (1977),Sci-Fi,Action|Adventure|Sci-Fi,4.5366
896,12,"Usual Suspects, The (1995)",Crime,Crime,4.5456
896,1,Toy Story (1995),Animation,Animation|Childrens|Comedy,3.8558
896,30,Schindler's List (1993),Drama,Drama,4.5293
896,28,Pulp Fiction (1994),Crime,Crime,4.2493
896,33,Fargo (1996),Crime,Crime|Drama|Thriller,4.6969
896,34,GoodFellas (1990),Crime,Crime|Drama,4.7697
896,26,"Shawshank Redemption, The (1994)",Drama,Drama,4.4626
896,29,"Silence of the Lambs, The (1991)",Thriller,Thriller,3.802
897,31,Star Wars (1977),Sci-Fi,Action|Adventure|Sci-Fi,4.1096
897,34,GoodFellas (1990),Crime,Crime|Drama,4.2208
897,33,Fargo (1996),Crime,Crime|Drama|Thriller,4.899
897,29,"Silence of the Lambs, The (1991)",Thriller,Thriller,4.2698
897,28,Pulp Fiction (1994),Crime,Crime,4.7855
897,1,Toy Story (1995),Animation,Animation|Childrens|Comedy,4.0368
897,26,"Shawshank Redemption, The (1994)",Drama,Drama,3.8578
897,30,Schindler's List (1993),Drama,Drama,4.738
897,12,"Usual Suspects, The (1995)",Crime,Crime,4.4502
897,27,Forrest Gump (1994),Drama,Drama|Comedy|Romance,4.4045
898,26,"Shawshank Redemption, The (1994)",Drama,Drama,4.1297
898,1,Toy Story (1995),Animation,Animation|Childrens|Comedy,4.4386
898,29,"Silence of the Lambs, The (1991)",Thriller,Thriller,3.8798
898,31,Star Wars (1977),Sci-Fi,Action|Adventure|Sci-Fi,4.3101
898,27,Forrest Gump (1994),Drama,Drama|Comedy|Romance,3.9511
898,33,Fargo (1996),Crime,Crime|Drama|Thriller,3.8576
898,30,Schindler's List (1993),Drama,Drama,4.9599
898,12,"Usual Suspects, The (1995)",Crime,Crime,4.6761
898,28,Pulp Fiction (1994),Crime,Crime,4.6629
898,34,GoodFellas (1990),Crime,Crime|Drama,3.9087
899,31,Star Wars (1977),Sci-Fi,Action|Adventure|Sci-Fi,4.9953
899,26,"Shawshank Redemption, The (1994)",Drama,Drama,4.3134
899,29,"Silence of the Lambs, The (1991)",Thriller,Thriller,4.8662
899,34,GoodFellas (1990),Crime,Crime|Drama,4.1936
899,28,Pulp Fiction (1994),Crime,Crime,4.4304
899,12,"Usual Suspects, The (1995)",Crime,Crime,4.8251
899,30,Schindler's List (1993),Drama,Drama,4.527
899,1,Toy Story (1995),Animation,Animation|Childrens|Comedy,4.6702
899,27,Forrest Gump (1994),Drama,Drama|Comedy|Romance,4.0746
899,33,Fargo (1996),Crime,Crime|Drama|Thriller,3.9871
900,27,Forrest Gump (1994),Drama,Drama|Comedy|Romance,4.7658
900,28,Pulp Fiction (1994),Crime,Crime,4.0865
900,1,Toy Story (1995),Animation,Animation|Childrens|Comedy,4.8596
900,31,Star Wars (1977),Sci-Fi,Action|Adventure|Sci-Fi,4.9437
900,26,"Shawshank Redemption, The (1994)",Drama,Drama,3.8468
900,29,"Silence of the Lambs, The (1991)",Thriller,Thriller,3.8709
900,34,GoodFellas (1990),Crime,Crime|Drama,3.9092
900,33,Fargo (1996),Crime,Crime|Drama|Thriller,4.7321
900,30,Schindler's List (1993),Drama,Drama,4.0272
900,12,"Usual Suspects, The (1995)",Crime,Crime,4.6708
901,31,Star Wars (1977),Sci-Fi,Action|Adventure|Sci-Fi,4.2925
901,27,Forrest Gump (1994),Drama,Drama|Comedy|Romance,4.3509
901,29,"Silence of the Lambs, The (1991)",Thriller,Thriller,4.9574
901,28,Pulp Fiction (1994),Crime,Crime,4.7969
901,12,"Usual Suspects, The (1995)",Crime,Crime,4.0002
901,30,Schindler's List (1993),Drama,Drama,4.7582
901,34,GoodFellas (1990),Crime,Crime|Drama,4.014
901,26,"Shawshank Redemption, The (1994)",Drama,Drama,3.8933
901,1,Toy Story (1995),Animation,Animation|Childrens|Comedy,4.8045
901,33,Fargo (1996),Crime,Crime|Drama|Thriller,4.9712
902,34,GoodFellas (1990),Crime,Crime|Drama,4.9548
902,33,Fargo (1996),Crime,Crime|Drama|Thriller,4.3188
902,12,"Usual Suspects, The (1995)",Crime,Crime,4.5985
902,31,Star Wars (1977),Sci-Fi,Action|Adventure|Sci-Fi,4.4376
902,27,Forrest Gump (1994),Drama,Drama|Comedy|Romance,3.8656
902,26,"Shawshank Redemption, The (1994)",Drama,Drama,4.9433
902,30,Schindler's List (1993),Drama,Drama,4.751
902,28,Pulp Fiction (1994),Crime,Crime,3.9789
902,1,Toy Story (1995),Animation,Animation|Childrens|Comedy,4.978
902,29,"Silence of the Lambs, The (1991)",Thriller,Thriller,4.6843
903,33,Fargo (1996),Crime,Crime|Drama|Thriller,4.2271
903,28,Pulp Fiction (1994),Crime,Crime,3.9201
903,30,Schindler's List (1993),Drama,Drama,4.1603
903,26,"Shawshank Redemption, The (1994)",Drama,Drama,3.8823
903,1,Toy Story (1995),Animation,Animation|Childrens|Comedy,4.904
903,31,Star Wars (1977),Sci-Fi,Action|Adventure|Sci-Fi,4.3416
903,34,GoodFellas (1990),Crime,Crime|Drama,4.0272
903,12,"Usual Suspects, The (1995)",Crime,Crime,4.5017
903,27,Forrest Gump (1994),Drama,Drama|Comedy|Romance,4.0357
903,29,"Silence of the Lambs, The (1991)",Thriller,Thriller,4.7653
904,28,Pulp Fiction (1994),Crime,Crime,4.2127
904,34,GoodFellas (1990),Crime,Crime|Drama,4.4074
904,30,Schindler's List (1993),Drama,Drama,3.8738
904,33,Fargo (1996),Crime,Crime|Drama|Thriller,3.985
904,26,"Shawshank Redemption, The (1994)",Drama,Drama,4.0634
904,1,Toy Story (1995),Animation,Animation|Childrens|Comedy,4.78
904,27,Forrest Gump (1994),Drama,Drama|Comedy|Romance,4.6806
904,12,"Usual Suspects, The (1995)",Crime,Crime,4.032
904,29,"Silence of the Lambs, The (1991)",Thriller,Thriller,4.1321
904,31,Star Wars (1977),Sci-Fi,Action|Adventure|Sci-Fi,4.9331
905,26,"Shawshank Redemption, The (1994)",Drama,Drama,4.2927
905,30,Schindler's List (1993),Drama,Drama,4.1429
905,1,Toy Story (1995),Animation,Animation|Childrens|Comedy,4.2042
905,34,GoodFellas (1990),Crime,Crime|Drama,4.2185
905,29,"Silence of the Lambs, The (1991)",Thriller,Thriller,4.0387
905,12,"Usual Suspects, The (1995)",Crime,Crime,4.9137
905,27,Forrest Gump (1994),Drama,Drama|Comedy|Romance,4.0099
905,28,Pulp Fiction (1994),Crime,Crime,4.8594
905,31,Star Wars (1977),Sci-Fi,Action|Adventure|Sci-Fi,4.2859
905,33,Fargo (1996),Crime,Crime|Drama|Thriller,4.1231
906,34,GoodFellas (1990),Crime,Crime|Drama,3.8402
906,30,Schindler's List (1993),Drama,Drama,4.8985
906,26,"Shawshank Redemption, The (1994)",Drama,Drama,4.8828
906,27,Forrest Gump (1994),Drama,Drama|Comedy|Romance,4.2545
906,31,Star Wars (1977),Sci-Fi,Action|Adventure|Sci-Fi,3.8348
906,12,"Usual Suspects, The (1995)",Crime,Crime,4.68
906,29,"Silence of the Lambs, The (1991)",Thriller,Thriller,4.75
906,33,Fargo (1996),Crime,Crime|Drama|Thriller,4.451
906,28,Pulp Fiction (1994),Crime,Crime,4.2834
906,1,Toy Story (1995),Animation,Animation|Childrens|Comedy,4.8214
907,34,GoodFellas (1990),Crime,Crime|Drama,4.4937
907,33,Fargo (1996),Crime,Crime|Drama|Thriller,4.7667
907,1,Toy Story (1995),Animation,Animation|Childrens|Comedy,4.3838
907,12,"Usual Suspects, The (1995)",Crime,Crime,4.8018
907,28,Pulp Fiction (1994),Crime,Crime,4.4467
907,27,Forrest Gump (1994),Drama,Drama|Comedy|Romance,3.8054
907,26,"Shawshank Redemption, The (1994)",Drama,Drama,4.8796
907,31,Star Wars (1977),Sci-Fi,Action|Adventure|Sci-Fi,3.9783
907,29,"Silence of the Lambs, The (1991)",Thriller,Thriller,4.3407
907,30,Schindler's List (1993),Drama,Drama,4.372
908,27,Forrest Gump (1994),Drama,Drama|Comedy|Romance,3.9945
908,29,"Silence of the Lambs, The (1991)",Thriller,Thriller,4.5429
908,33,Fargo (1996),Crime,Crime|Drama|Thriller,4.4067
908,1,Toy Story (1995),Animation,Animation|Childrens|Comedy,4.1661
908,12,"Usual Suspects, The (1995)",Crime,Crime,4.673
908,28,Pulp Fiction (1994),Crime,Crime,4.4614
908,34,GoodFellas (1990),Crime,Crime|Drama,4.3728
908,26,"Shawshank Redemption, The (1994)",Drama,Drama,4.6012
908,30,Schindler's List (1993),Drama,Drama,4.7627
908,31,Star Wars (1977),Sci-Fi,Action|Adventure|Sci-Fi,4.9672
909,29,"Silence of the Lambs, The (1991)",Thriller,Thriller,4.5013
909,26,"Shawshank Redemption, The (1994)",Drama,Drama,4.1267
909,1,Toy Story (1995),Animation,Animation|Childrens|Comedy,4.8386
909,12,"Usual Suspects, The (1995)",Crime,Crime,4.14
909,30,Schindler's List (1993),Drama,Drama,4.2403
909,33,Fargo (1996),Crime,Crime|Drama|Thriller,4.5301
909,34,GoodFellas (1990),Crime,Crime|Drama,4.844
909,28,Pulp Fiction (1994),Crime,Crime,4.7795
909,27,Forrest Gump (1994),Drama,Drama|Comedy|Romance,4.1166
909,31,Star Wars (1977),Sci-Fi,Action|Adventure|Sci-Fi,4.7955
910,26,"Shawshank Redemption, The (1994)",Drama,Drama,4.4842
910,33,Fargo (1996),Crime,Crime|Drama|Thriller,4.514
910,30,Schindler's List (1993),Drama,Drama,3.9218
910,29,"Silence of the Lambs, The (1991)",Thriller,Thriller,3.8027
910,1,Toy Story (1995),Animation,Animation|Childrens|Comedy,3.8578
910,28,Pulp Fiction (1994),Crime,Crime,4.96
910,34,GoodFellas (1990),Crime,Crime|Drama,3.9515
910,27,Forrest Gump (1994),Drama,Drama|Comedy|Romance,3.8533
910,12,"Usual Suspects, The (1995)",Crime,Crime,4.1716
910,31,Star Wars (1977),Sci-Fi,Action|Adventure|Sci-Fi,4.5058
911,31,Star Wars (1977),Sci-Fi,Action|Adventure|Sci-Fi,4.5599
911,33,Fargo (1996),Crime,Crime|Drama|Thriller,4.5639
911,30,Schindler's List (1993),Drama,Drama,4.7502
911,34,GoodFellas (1990),Crime,Crime|Drama,4.1445
911,28,Pulp Fiction (1994),Crime,Crime,4.7244
911,1,Toy Story (1995),Animation,Animation|Childrens|Comedy,4.3282
911,26,"Shawshank Redemption, The (1994)",Drama,Drama,4.6042
911,27,Forrest Gump (1994),Drama,Drama|Comedy|Romance,4.3469
911,12,"Usual Suspects, The (1995)",Crime,Crime,4.9383
911,29,"Silence of the Lambs, The (1991)",Thriller,Thriller,4.0152
912,28,Pulp Fiction (1994),Crime,Crime,4.0644
912,30,Schindler's List (1993),Drama,Drama,4.4495
912,33,Fargo (1996),Crime,Crime|Drama|Thriller,4.8422
912,1,Toy Story (1995),Animation,Animation|Childrens|Comedy,4.7283
912,26,"Shawshank Redemption, The (1994)",Drama,Drama,4.7546
912,31,Star Wars (1977),Sci-Fi,Action|Adventure|Sci-Fi,4.3379
912,12,"Usual Suspects, The (1995)",Crime,Crime,4.1869
912,29,"Silence of the Lambs, The (1991)",Thriller,Thriller,4.7088
912,34,GoodFellas (1990),Crime,Crime|Drama,4.752
912,27,Forrest Gump (1994),Drama,Drama|Comedy|Romance,4.6344
913,29,"Silence of the Lambs, The (1991)",Thriller,Thriller,4.4957
913,31,Star Wars (1977),Sci-Fi,Action|Adventure|Sci-Fi,4.8085
913,26,"Shawshank Redemption, The (1994)",Drama,Drama,4.2559
913,30,Schindler's List (1993),Drama,Drama,3.8538
913,33,Fargo (1996),Crime,Crime|Drama|Thriller,4.6566
913,1,Toy Story (1995),Animation,Animation|Childrens|Comedy,4.9156
913,28,Pulp Fiction (1994),Crime,Crime,4.6606
913,27,Forrest Gump (1994),Drama,Drama|Comedy|Romance,4.4941
913,12,"Usual Suspects, The (1995)",Crime,Crime,4.076
913,34,GoodFellas (1990),Crime,Crime|Drama,3.8185
914,29,"Silence of the Lambs, The (1991)",Thriller,Thriller,3.8331
914,31,Star Wars (1977),Sci-Fi,Action|Adventure|Sci-Fi,4.1756
914,28,Pulp Fiction (1994),Crime,Crime,4.6561
914,34,GoodFellas (1990),Crime,Crime|Drama,3.9771
914,33,Fargo (1996),Crime,Crime|Drama|Thriller,4.2091
914,12,"Usual Suspects, The (1995)",Crime,Crime,3.8243
914,26,"Shawshank Redemption, The (1994)",Drama,Drama,4.6661
914,27,Forrest Gump (1994),Drama,Drama|Comedy|Romance,4.8568
914,1,Toy Story (1995),Animation,Animation|Childrens|Comedy,4.4822
914,30,Schindler's List (1993),Drama,Drama,3.831
915,31,Star Wars (1977),Sci-Fi,Action|Adventure|Sci-Fi,3.9286
915,30,Schindler's List (1993),Drama,Drama,3.9661
915,28,Pulp Fiction (1994),Crime,Crime,4.2297
915,29,"Silence of the Lambs, The (1991)",Thriller,Thriller,4.3055
915,1,Toy Story (1995),Animation,Animation|Childrens|Comedy,4.5033
915,27,Forrest Gump (1994),Drama,Drama|Comedy|Romance,4.7278
915,33,Fargo (1996),Crime,Crime|Drama|Thriller,3.9629
915,26,"Shawshank Redemption, The (1994)",Drama,Drama,4.7632
915,34,GoodFellas (1990),Crime,Crime|Drama,4.532
915,12,"Usual Suspects, The (1995)",Crime,Crime,4.9771
916,29,"Silence of the Lambs, The (1991)",Thriller,Thriller,4.4768
916,28,Pulp Fiction (1994),Crime,Crime,4.9317
916,33,Fargo (1996),Crime,Crime|Drama|Thriller,4.1199
916,30,Schindler's List (1993),Drama,Drama,4.924
916,31,Star Wars (1977),Sci-Fi,Action|Adventure|Sci-Fi,4.7658
916,26,"Shawshank Redemption, The (1994)",Drama,Drama,4.6771
916,1,Toy Story (1995),Animation,Animation|Childrens|Comedy,4.7442
916,12,"Usual Suspects, The (1995)",Crime,Crime,4.5265
916,27,Forrest Gump (1994),Drama,Drama|Comedy|Romance,4.0929
916,34,GoodFellas (1990),Crime,Crime|Drama,4.0274
917,1,Toy Story (1995),Animation,Animation|Childrens|Comedy,4.3375
917,28,Pulp Fiction (1994),Crime,Crime,4.8063
917,27,Forrest Gump (1994),Drama,Drama|Comedy|Romance,4.9754
917,29,"Silence of the Lambs, The (1991)",Thriller,Thriller,4.6133
917,34,GoodFellas (1990),Crime,Crime|Drama,4.8818
917,31,Star Wars (1977),Sci-Fi,Action|Adventure|Sci-Fi,3.9624
917,26,"Shawshank Redemption, The (1994)",Drama,Drama,4.796
917,12,"Usual Suspects, The (1995)",Crime,Crime,4.1255
917,30,Schindler's List (1993),Drama,Drama,4.3671
917,33,Fargo (1996),Crime,Crime|Drama|Thriller,4.5759
918,29,"Silence of the Lambs, The (1991)",Thriller,Thriller,3.8316
918,12,"Usual Suspects, The (1995)",Crime,Crime,4.3399
918,31,Star Wars (1977),Sci-Fi,Action|Adventure|Sci-Fi,4.7951
918,1,Toy Story (1995),Animation,Animation|Childrens|Comedy,4.6852
918,27,Forrest Gump (1994),Drama,Drama|Comedy|Romance,4.2942
918,34,GoodFellas (1990),Crime,Crime|Drama,4.6822
918,33,Fargo (1996),Crime,Crime|Drama|Thriller,4.4615
918,30,Schindler's List (1993),Drama,Drama,4.8952
918,28,Pulp Fiction (1994),Crime,Crime,4.5046
918,26,"Shawshank Redemption, The (1994)",Drama,Drama,4.2809
919,12,"Usual Suspects, The (1995)",Crime,Crime,4.6339
919,26,"Shawshank Redemption, The (1994)",Drama,Drama,4.7714
919,29,"Silence of the Lambs, The (1991)",Thriller,Thriller,4.6425
919,34,GoodFellas (1990),Crime,Crime|Drama,4.0524
919,31,Star Wars (1977),Sci-Fi,Action|Adventure|Sci-Fi,4.1307
919,30,Schindler's List (1993),Drama,Drama,4.4801
919,33,Fargo (1996),Crime,Crime|Drama|Thriller,4.3361
919,28,Pulp Fiction (1994),Crime,Crime,4.6821
919,27,Forrest Gump (1994),Drama,Drama|Comedy|Romance,4.2544
919,1,Toy Story (1995),Animation,Animation|Childrens|Comedy,4.8314
920,29,"Silence of the Lambs, The (1991)",Thriller,Thriller,4.8985
920,34,GoodFellas (1990),Crime,Crime|Drama,4.077
920,26,"Shawshank Redemption, The (1994)",Drama,Drama,4.1084
920,30,Schindler's List (1993),Drama,Drama,4.2339
920,12,"Usual Suspects, The (1995)",Crime,Crime,4.8314
920,31,Star Wars (1977),Sci-Fi,Action|Adventure|Sci-Fi,4.9265
920,28,Pulp Fiction (1994),Crime,Crime,4.0641
920,33,Fargo (1996),Crime,Crime|Drama|Thriller,4.8366
920,27,Forrest Gump (1994),Drama,Drama|Comedy|Romance,4.1098
920,1,Toy Story (1995),Animation,Animation|Childrens|Comedy,4.9648
921,12,"Usual Suspects, The (1995)",Crime,Crime,4.7703
921,34,GoodFellas (1990),Crime,Crime|Drama,4.224
921,33,Fargo (1996),Crime,Crime|Drama|Thriller,3.8854
921,29,"Silence of the Lambs, The (1991)",Thriller,Thriller,4.6307
921,26,"Shawshank Redemption, The (1994)",Drama,Drama,4.2072
921,30,Schindler's List (1993),Drama,Drama,4.0989
921,27,Forrest Gump (1994),Drama,Drama|Comedy|Romance,4.627
921,28,Pulp Fiction (1994),Crime,Crime,4.9635
921,31,Star Wars (1977),Sci-Fi,Action|Adventure|Sci-Fi,4.6944
921,1,Toy Story (1995),Animation,Animation|Childrens|Comedy,4.3896
922,26,"Shawshank Redemption, The (1994)",Drama,Drama,4.9863
922,27,Forrest Gump (1994),Drama,Drama|Comedy|Romance,4.9482
922,28,Pulp Fiction (1994),Crime,Crime,4.5678
922,30,Schindler's List (1993),Drama,Drama,4.2002
922,33,Fargo (1996),Crime,Crime|Drama|Thriller,4.704
922,12,"Usual Suspects, The (1995)",Crime,Crime,4.1255
922,1,Toy Story (1995),Animation,Animation|Childrens|Comedy,4.5558
922,31,Star Wars (1977),Sci-Fi,Action|Adventure|Sci-Fi,3.8295
922,34,GoodFellas (1990),Crime,Crime|Drama,4.5543
922,29,"Silence of the Lambs, The (1991)",Thriller,Thriller,4.9419
923,28,Pulp Fiction (1994),Crime,Crime,4.3545
923,31,Star Wars (1977),Sci-Fi,Action|Adventure|Sci-Fi,4.826
923,1,Toy Story (1995),Animation,Animation|Childrens|Comedy,4.3581
923,34,GoodFellas (1990),Crime,Crime|Drama,4.593
923,29,"Silence of the Lambs, The (1991)",Thriller,Thriller,3.829
923,27,Forrest Gump (1994),Drama,Drama|Comedy|Romance,4.0998
923,12,"Usual Suspects, The (1995)",Crime,Crime,4.3235
923,26,"Shawshank Redemption, The (1994)",Drama,Drama,4.5568
923,33,Fargo (1996),Crime,Crime|Drama|Thriller,4.0058
923,30,Schindler's List (1993),Drama,Drama,4.7175
924,27,Forrest Gump (1994),Drama,Drama|Comedy|Romance,4.4242
924,31,Star Wars (1977),Sci-Fi,Action|Adventure|Sci-Fi,4.9837
924,12,"Usual Suspects, The (1995)",Crime,Crime,4.9617
924,30,Schindler's List (1993),Drama,Drama,4.2978
924,34,GoodFellas (1990),Crime,Crime|Drama,4.6222
924,1,Toy Story (1995),Animation,Animation|Childrens|Comedy,4.1211
924,29,"Silence of the Lambs, The (1991)",Thriller,Thriller,3.9832
924,26,"Shawshank Redemption, The (1994)",Drama,Drama,4.7221
924,28,Pulp Fiction (1994),Crime,Crime,4.3234
924,33,Fargo (1996),Crime,Crime|Drama|Thriller,4.0125
925,1,Toy Story (1995),Animation,Animation|Childrens|Comedy,4.8485
925,12,"Usual Suspects, The (1995)",Crime,Crime,4.1706
925,30,Schindler's List (1993),Drama,Drama,4.6408
925,34,GoodFellas (1990),Crime,Crime|Drama,4.834
925,29,"Silence of the Lambs, The (1991)",Thriller,Thriller,4.0431
925,33,Fargo (1996),Crime,Crime|Drama|Thriller,4.2278
925,31,Star Wars (1977),Sci-Fi,Action|Adventure|Sci-Fi,4.9758
925,28,Pulp Fiction (1994),Crime,Crime,4.9799
925,27,Forrest Gump (1994),Drama,Drama|Comedy|Romance,4.0679
925,26,"Shawshank Redemption, The (1994)",Drama,Drama,3.8797
926,31,Star Wars (1977),Sci-Fi,Action|Adventure|Sci-Fi,4.529
926,26,"Shawshank Redemption, The (1994)",Drama,Drama,4.0278
926,33,Fargo (1996),Crime,Crime|Drama|Thriller,4.2592
926,28,Pulp Fiction (1994),Crime,Crime,4.9482
926,30,Schindler's List (1993),Drama,Drama,4.1458
926,27,Forrest Gump (1994),Drama,Drama|Comedy|Romance,3.8754
926,29,"Silence of the Lambs, The (1991)",Thriller,Thriller,4.2618
926,1,Toy Story (1995),Animation,Animation|Childrens|Comedy,4.2396
926,34,GoodFellas (1990),Crime,Crime|Drama,4.3644
926,12,"Usual Suspects, The (1995)",Crime,Crime,4.4724
927,26,"Shawshank Redemption, The (1994)",Drama,Drama,4.3088
927,27,Forrest Gump (1994),Drama,Drama|Comedy|Romance,4.1764
927,33,Fargo (1996),Crime,Crime|Drama|Thriller,4.8072
927,34,GoodFellas (1990),Crime,Crime|Drama,4.7331
927,12,"Usual Suspects, The (1995)",Crime,Crime,4.4433
927,30,Schindler's List (1993),Drama,Drama,3.9415
927,29,"Silence of the Lambs, The (1991)",Thriller,Thriller,4.5821
927,31,Star Wars (1977),Sci-Fi,Action|Adventure|Sci-Fi,3.8788
927,28,Pulp Fiction (1994),Crime,Crime,3.9204
927,1,Toy Story (1995),Animation,Animation|Childrens|Comedy,4.1974
928,29,"Silence of the Lambs, The (1991)",Thriller,Thriller,3.9381
928,31,Star Wars (1977),Sci-Fi,Action|Adventure|Sci-Fi,4.3174
928,12,"Usual Suspects, The (1995)",Crime,Crime,4.0546
928,33,Fargo (1996),Crime,Crime|Drama|Thriller,4.1523
928,30,Schindler's List (1993),Drama,Drama,4.3659
928,1,Toy Story (1995),Animation,Animation|Childrens|Comedy,4.0827
928,27,Forrest Gump (1994),Drama,Drama|Comedy|Romance,4.0951
928,28,Pulp Fiction (1994),Crime,Crime,4.7998
928,26,"Shawshank Redemption, The (1994)",Drama,Drama,4.4577
928,34,GoodFellas (1990),Crime,Crime|Drama,4.8281
929,33,Fargo (1996),Crime,Crime|Drama|Thriller,3.9853
929,29,"Silence of the Lambs, The (1991)",Thriller,Thriller,3.8683
929,27,Forrest Gump (1994),Drama,Drama|Comedy|Romance,4.3788
929,34,GoodFellas (1990),Crime,Crime|Drama,4.027
929,26,"Shawshank Redemption, The (1994)",Drama,Drama,4.9249
929,30,Schindler's List (1993),Drama,Drama,3.8124
929,31,Star Wars (1977),Sci-Fi,Action|Adventure|Sci-Fi,4.2951
929,28,Pulp Fiction (1994),Crime,Crime,4.9121
929,12,"Usual Suspects, The (1995)",Crime,Crime,4.2613
929,1,Toy Story (1995),Animation,Animation|Childrens|Comedy,3.9117
930,29,"Silence of the Lambs, The (1991)",Thriller,Thriller,4.871
930,33,Fargo (1996),Crime,Crime|Drama|Thriller,3.9745
930,34,GoodFellas (1990),Crime,Crime|Drama,4.4761
930,30,Schindler's List (1993),Drama,Drama,4.9651
930,1,Toy Story (1995),Animation,Animation|Childrens|Comedy,4.214
930,28,Pulp Fiction (1994),Crime,Crime,4.6901
930,26,"Shawshank Redemption, The (1994)",Drama,Drama,4.8589
930,31,Star Wars (1977),Sci-Fi,Action|Adventure|Sci-Fi,4.0235
930,12,"Usual Suspects, The (1995)",Crime,Crime,4.991
930,27,Forrest Gump (1994),Drama,Drama|Comedy|Romance,4.7713
931,34,GoodFellas (1990),Crime,Crime|Drama,4.0112
931,1,Toy Story (1995),Animation,Animation|Childrens|Comedy,4.9882
931,29,"Silence of the Lambs, The (1991)",Thriller,Thriller,4.3062
931,30,Schindler's List (1993),Drama,Drama,3.9165
931,31,Star Wars (1977),Sci-Fi,Action|Adventure|Sci-Fi,3.9447
931,27,Forrest Gump (1994),Drama,Drama|Comedy|Romance,4.5007
931,28,Pulp Fiction (1994),Crime,Crime,4.9749
931,26,"Shawshank Redemption, The (1994)",Drama,Drama,4.4863
931,33,Fargo (1996),Crime,Crime|Drama|Thriller,4.9388
931,12,"Usual Suspects, The (1995)",Crime,Crime,4.333
932,34,GoodFellas (1990),Crime,Crime|Drama,4.1313
932,29,"Silence of the Lambs, The (1991)",Thriller,Thriller,4.313
932,12,"Usual Suspects, The (1995)",Crime,Crime,4.3814
932,1,Toy Story (1995),Animation,Animation|Childrens|Comedy,4.6243
932,26,"Shawshank Redemption, The (1994)",Drama,Drama,4.7283
932,31,Star Wars (1977),Sci-Fi,Action|Adventure|Sci-Fi,4.6854
932,33,Fargo (1996),Crime,Crime|Drama|Thriller,4.2099
932,30,Schindler's List (1993),Drama,Drama,4.9993
932,27,Forrest Gump (1994),Drama,Drama|Comedy|Romance,4.8184
932,28,Pulp Fiction (1994),Crime,Crime,4.112
933,12,"Usual Suspects, The (1995)",Crime,Crime,4.8215
933,34,GoodFellas (1990),Crime,Crime|Drama,4.1263
933,1,Toy Story (1995),Animation,Animation|Childrens|Comedy,4.5122
933,28,Pulp Fiction (1994),Crime,Crime,4.1399
933,29,"Silence of the Lambs, The (1991)",Thriller,Thriller,3.9308
933,30,Schindler's List (1993),Drama,Drama,4.621
933,26,"Shawshank Redemption, The (1994)",Drama,Drama,3.9716
933,31,Star Wars (1977),Sci-Fi,Action|Adventure|Sci-Fi,4.6012
933,33,Fargo (1996),Crime,Crime|Drama|Thriller,4.5776
933,27,Forrest Gump (1994),Drama,Drama|Comedy|Romance,4.7723
934,30,Schindler's List (1993),Drama,Drama,4.8056
934,28,Pulp Fiction (1994),Crime,Crime,4.4529
934,34,GoodFellas (1990),Crime,Crime|Drama,4.6858
934,29,"Silence of the Lambs, The (1991)",Thriller,Thriller,4.7488
934,26,"Shawshank Redemption, The (1994)",Drama,Drama,4.4157
934,33,Fargo (1996),Crime,Crime|Drama|Thriller,4.4435
934,12,"Usual Suspects, The (1995)",Crime,Crime,4.0374
934,31,Star Wars (1977),Sci-Fi,Action|Adventure|Sci-Fi,4.0937
934,27,Forrest Gump (1994),Drama,Drama|Comedy|Romance,4.8859
934,1,Toy Story (1995),Animation,Animation|Childrens|Comedy,4.8084
935,33,Fargo (1996),Crime,Crime|Drama|Thriller,4.9626
935,1,Toy Story (1995),Animation,Animation|Childrens|Comedy,4.9668
935,27,Forrest Gump (1994),Drama,Drama|Comedy|Romance,4.533
935,29,"Silence of the Lambs, The (1991)",Thriller,Thriller,4.2706
935,12,"Usual Suspects, The (1995)",Crime,Crime,4.4144
935,28,Pulp Fiction (1994),Crime,Crime,4.7148
935,31,Star Wars (1977),Sci-Fi,Action|Adventure|Sci-Fi,4.0678
935,30,Schindler's List (1993),Drama,Drama,4.3301
935,26,"Shawshank Redemption, The (1994)",Drama,Drama,4.6847
935,34,GoodFellas (1990),Crime,Crime|Drama,4.2745
936,33,Fargo (1996),Crime,Crime|Drama|Thriller,4.4253
936,12,"Usual Suspects, The (1995)",Crime,Crime,4.966
936,29,"Silence of the Lambs, The (1991)",Thriller,Thriller,4.586
936,28,Pulp Fiction (1994),Crime,Crime,4.1454
936,31,Star Wars (1977),Sci-Fi,Action|Adventure|Sci-Fi,4.089
936,26,"Shawshank Redemption, The (1994)",Drama,Drama,3.9539
936,1,Toy Story (1995),Animation,Animation|Childrens|Comedy,4.7078
936,34,GoodFellas (1990),Crime,Crime|Drama,4.6289
936,27,Forrest Gump (1994),Drama,Drama|Comedy|Romance,4.5319
936,30,Schindler's List (1993),Drama,Drama,3.849
937,33,Fargo (1996),Crime,Crime|Drama|Thriller,4.2001
937,26,"Shawshank Redemption, The (1994)",Drama,Drama,4.6402
937,31,Star Wars (1977),Sci-Fi,Action|Adventure|Sci-Fi,4.9589
937,12,"Usual Suspects, The (1995)",Crime,Crime,3.8889
937,27,Forrest Gump (1994),Drama,Drama|Comedy|Romance,4.1174
937,34,GoodFellas (1990),Crime,Crime|Drama,4.0407
937,30,Schindler's List (1993),Drama,Drama,4.8437
937,29,"Silence of the Lambs, The (1991)",Thriller,Thriller,4.015
937,1,Toy Story (1995),Animation,Animation|Childrens|Comedy,4.1697
937,28,Pulp Fiction (1994),Crime,Crime,4.4526
938,30,Schindler's List (1993),Drama,Drama,4.2231
938,29,"Silence of the Lambs, The (1991)",Thriller,Thriller,4.9766
938,34,GoodFellas (1990),Crime,Crime|Drama,4.1587
938,1,Toy Story (1995),Animation,Animation|Childrens|Comedy,3.8086
938,26,"Shawshank Redemption, The (1994)",Drama,Drama,4.4188
938,27,Forrest Gump (1994),Drama,Drama|Comedy|Romance,3.9809
938,12,"Usual Suspects, The (1995)",Crime,Crime,3.8534
938,33,Fargo (1996),Crime,Crime|Drama|Thriller,4.6379
938,28,Pulp Fiction (1994),Crime,Crime,4.6787
938,31,Star Wars (1977),Sci-Fi,Action|Adventure|Sci-Fi,4.3528
939,29,"Silence of the Lambs, The (1991)",Thriller,Thriller,3.8479
939,12,"Usual Suspects, The (1995)",Crime,Crime,4.1968
939,33,Fargo (1996),Crime,Crime|Drama|Thriller,4.7857
939,1,Toy Story (1995),Animation,Animation|Childrens|Comedy,4.3589
939,31,Star Wars (1977),Sci-Fi,Action|Adventure|Sci-Fi,4.0681
939,34,GoodFellas (1990),Crime,Crime|Drama,4.8015
939,26,"Shawshank Redemption, The (1994)",Drama,Drama,4.0744
939,27,Forrest Gump (1994),Drama,Drama|Comedy|Romance,4.7786
939,28,Pulp Fiction (1994),Crime,Crime,4.3436
939,30,Schindler's List (1993),Drama,Drama,4.3562
940,26,"Shawshank Redemption, The (1994)",Drama,Drama,4.9215
940,29,"Silence of the Lambs, The (1991)",Thriller,Thriller,4.7979
940,1,Toy Story (1995),Animation,Animation|Childrens|Comedy,4.9901
940,33,Fargo (1996),Crime,Crime|Drama|Thriller,4.5477
940,30,Schindler's List (1993),Drama,Drama,4.735
940,28,Pulp Fiction (1994),Crime,Crime,4.4514
940,27,Forrest Gump (1994),Drama,Drama|Comedy|Romance,4.1109
940,31,Star Wars (1977),Sci-Fi,Action|Adventure|Sci-Fi,4.2257
940,12,"Usual Suspects, The (1995)",Crime,Crime,4.8728
940,34,GoodFellas (1990),Crime,Crime|Drama,3.8671
941,27,Forrest Gump (1994),Drama,Drama|Comedy|Romance,4.1275
941,29,"Silence of the Lambs, The (1991)",Thriller,Thriller,4.3705
941,30,Schindler's List (1993),Drama,Drama,4.29
941,28,Pulp Fiction (1994),Crime,Crime,4.2243
941,26,"Shawshank Redemption, The (1994)",Drama,Drama,3.9233
941,34,GoodFellas (1990),Crime,Crime|Drama,4.4517
941,33,Fargo (1996),Crime,Crime|Drama|Thriller,4.1622
941,31,Star Wars (1977),Sci-Fi,Action|Adventure|Sci-Fi,4.593
941,12,"Usual Suspects, The (1995)",Crime,Crime,4.183
941,1,Toy Story (1995),Animation,Animation|Childrens|Comedy,4.3174
942,26,"Shawshank Redemption, The (1994)",Drama,Drama,4.8444
942,29,"Silence of the Lambs, The (1991)",Thriller,Thriller,4.7271
942,30,Schindler's List (1993),Drama,Drama,4.6411
942,27,Forrest Gump (1994),Drama,Drama|Comedy|Romance,3.9674
942,31,Star Wars (1977),Sci-Fi,Action|Adventure|Sci-Fi,4.5893
942,12,"Usual Suspects, The (1995)",Crime,Crime,4.7196
942,1,Toy Story (1995),Animation,Animation|Childrens|Comedy,4.4869
942,33,Fargo (1996),Crime,Crime|Drama|Thriller,4.8713
942,28,Pulp Fiction (1994),Crime,Crime,4.1324
942,34,GoodFellas (1990),Crime,Crime|Drama,4.0906
943,12,"Usual Suspects, The (1995)",Crime,Crime,3.8039
943,33,Fargo (1996),Crime,Crime|Drama|Thriller,4.1375
943,27,Forrest Gump (1994),Drama,Drama|Comedy|Romance,4.8968
943,30,Schindler's List (1993),Drama,Drama,4.8818
943,28,Pulp Fiction (1994),Crime,Crime,4.4225
943,31,Star Wars (1977),Sci-Fi,Action|Adventure|Sci-Fi,4.4639
943,34,GoodFellas (1990),Crime,Crime|Drama,4.1984
943,1,Toy Story (1995),Animation,Animation|Childrens|Comedy,4.0925
943,29,"Silence of the Lambs, The (1991)",Thriller,Thriller,4.7783
943,26,"Shawshank Redemption, The (1994)",Drama,Drama,3.9276
